<?xml version="1.0" encoding="UTF-8"?>
<gpx version="1.1" creator="loops.ie"
  xmlns="http://www.topografix.com/GPX/1/1"
  xmlns:xsi="http://www.w3.org/2001/XMLSchema-instance"
  xsi:schemaLocation="http://www.topografix.com/GPX/1/1 http://www.topografix.com/GPX/1/1/gpx.xsd">
  <metadata>
    <name>Coll de Bracons Loop</name>
    <desc>Epic Girona loop crossing the Pyrenean foothills via Besalú, Olot, and the demanding Coll de Bracons pass. Rolling volcanic landscape of the Garrotxa natural park.</desc>
    <author><name>loops.ie</name></author>
    <time>2026-03-20T13:58:50.416Z</time>
  </metadata>
  <trk>
    <name>Coll de Bracons Loop</name>
    <type>road</type>
    <trkseg>
    <trkpt lat="41.979345" lon="2.821350"></trkpt>
    <trkpt lat="41.979190" lon="2.821659"></trkpt>
    <trkpt lat="41.978878" lon="2.822282"></trkpt>
    <trkpt lat="41.978852" lon="2.822328"></trkpt>
    <trkpt lat="41.978777" lon="2.822384"></trkpt>
    <trkpt lat="41.978741" lon="2.822304"></trkpt>
    <trkpt lat="41.978735" lon="2.822271"></trkpt>
    <trkpt lat="41.978644" lon="2.822065"></trkpt>
    <trkpt lat="41.978541" lon="2.821888"></trkpt>
    <trkpt lat="41.978350" lon="2.821748"></trkpt>
    <trkpt lat="41.978294" lon="2.821711"></trkpt>
    <trkpt lat="41.978234" lon="2.821673"></trkpt>
    <trkpt lat="41.978264" lon="2.821534"></trkpt>
    <trkpt lat="41.978476" lon="2.820510"></trkpt>
    <trkpt lat="41.978498" lon="2.820406"></trkpt>
    <trkpt lat="41.978527" lon="2.820250"></trkpt>
    <trkpt lat="41.978622" lon="2.819780"></trkpt>
    <trkpt lat="41.978642" lon="2.819737"></trkpt>
    <trkpt lat="41.978733" lon="2.819290"></trkpt>
    <trkpt lat="41.978764" lon="2.819152"></trkpt>
    <trkpt lat="41.978796" lon="2.819009"></trkpt>
    <trkpt lat="41.978975" lon="2.818180"></trkpt>
    <trkpt lat="41.979011" lon="2.818010"></trkpt>
    <trkpt lat="41.979291" lon="2.818128"></trkpt>
    <trkpt lat="41.979522" lon="2.818219"></trkpt>
    <trkpt lat="41.979589" lon="2.818245"></trkpt>
    <trkpt lat="41.979935" lon="2.818382"></trkpt>
    <trkpt lat="41.980069" lon="2.818438"></trkpt>
    <trkpt lat="41.980146" lon="2.818470"></trkpt>
    <trkpt lat="41.980391" lon="2.818571"></trkpt>
    <trkpt lat="41.980443" lon="2.818589"></trkpt>
    <trkpt lat="41.980579" lon="2.818641"></trkpt>
    <trkpt lat="41.980691" lon="2.818690"></trkpt>
    <trkpt lat="41.980819" lon="2.818744"></trkpt>
    <trkpt lat="41.980945" lon="2.818795"></trkpt>
    <trkpt lat="41.981024" lon="2.818827"></trkpt>
    <trkpt lat="41.981516" lon="2.819028"></trkpt>
    <trkpt lat="41.981637" lon="2.819077"></trkpt>
    <trkpt lat="41.981735" lon="2.819040"></trkpt>
    <trkpt lat="41.981907" lon="2.818974"></trkpt>
    <trkpt lat="41.982148" lon="2.818882"></trkpt>
    <trkpt lat="41.982168" lon="2.818878"></trkpt>
    <trkpt lat="41.982272" lon="2.818839"></trkpt>
    <trkpt lat="41.982339" lon="2.818811"></trkpt>
    <trkpt lat="41.982697" lon="2.818696"></trkpt>
    <trkpt lat="41.982868" lon="2.818638"></trkpt>
    <trkpt lat="41.982936" lon="2.818595"></trkpt>
    <trkpt lat="41.982971" lon="2.818572"></trkpt>
    <trkpt lat="41.983232" lon="2.818396"></trkpt>
    <trkpt lat="41.983288" lon="2.818359"></trkpt>
    <trkpt lat="41.983312" lon="2.818343"></trkpt>
    <trkpt lat="41.983385" lon="2.818293"></trkpt>
    <trkpt lat="41.983439" lon="2.818256"></trkpt>
    <trkpt lat="41.983472" lon="2.818234"></trkpt>
    <trkpt lat="41.983557" lon="2.818177"></trkpt>
    <trkpt lat="41.983633" lon="2.818125"></trkpt>
    <trkpt lat="41.984108" lon="2.817803"></trkpt>
    <trkpt lat="41.984452" lon="2.817572"></trkpt>
    <trkpt lat="41.984587" lon="2.817471"></trkpt>
    <trkpt lat="41.984725" lon="2.817439"></trkpt>
    <trkpt lat="41.984786" lon="2.817425"></trkpt>
    <trkpt lat="41.984807" lon="2.817444"></trkpt>
    <trkpt lat="41.984826" lon="2.817456"></trkpt>
    <trkpt lat="41.984850" lon="2.817468"></trkpt>
    <trkpt lat="41.984889" lon="2.817480"></trkpt>
    <trkpt lat="41.984920" lon="2.817483"></trkpt>
    <trkpt lat="41.984955" lon="2.817478"></trkpt>
    <trkpt lat="41.984993" lon="2.817465"></trkpt>
    <trkpt lat="41.985017" lon="2.817452"></trkpt>
    <trkpt lat="41.985031" lon="2.817441"></trkpt>
    <trkpt lat="41.985059" lon="2.817413"></trkpt>
    <trkpt lat="41.985092" lon="2.817369"></trkpt>
    <trkpt lat="41.985116" lon="2.817316"></trkpt>
    <trkpt lat="41.985130" lon="2.817272"></trkpt>
    <trkpt lat="41.985137" lon="2.817226"></trkpt>
    <trkpt lat="41.985140" lon="2.817178"></trkpt>
    <trkpt lat="41.985139" lon="2.817143"></trkpt>
    <trkpt lat="41.985135" lon="2.817123"></trkpt>
    <trkpt lat="41.985129" lon="2.817088"></trkpt>
    <trkpt lat="41.985118" lon="2.817054"></trkpt>
    <trkpt lat="41.985110" lon="2.817030"></trkpt>
    <trkpt lat="41.985095" lon="2.817002"></trkpt>
    <trkpt lat="41.985072" lon="2.816967"></trkpt>
    <trkpt lat="41.985036" lon="2.816929"></trkpt>
    <trkpt lat="41.985012" lon="2.816913"></trkpt>
    <trkpt lat="41.984976" lon="2.816726"></trkpt>
    <trkpt lat="41.984940" lon="2.816685"></trkpt>
    <trkpt lat="41.984937" lon="2.816652"></trkpt>
    <trkpt lat="41.984886" lon="2.816431"></trkpt>
    <trkpt lat="41.984874" lon="2.816361"></trkpt>
    <trkpt lat="41.984868" lon="2.816327"></trkpt>
    <trkpt lat="41.984693" lon="2.815478"></trkpt>
    <trkpt lat="41.984678" lon="2.815406"></trkpt>
    <trkpt lat="41.984665" lon="2.815341"></trkpt>
    <trkpt lat="41.984550" lon="2.814760"></trkpt>
    <trkpt lat="41.984534" lon="2.814673"></trkpt>
    <trkpt lat="41.984522" lon="2.814605"></trkpt>
    <trkpt lat="41.984458" lon="2.814289"></trkpt>
    <trkpt lat="41.984439" lon="2.814182"></trkpt>
    <trkpt lat="41.984422" lon="2.814067"></trkpt>
    <trkpt lat="41.984416" lon="2.814007"></trkpt>
    <trkpt lat="41.984412" lon="2.813974"></trkpt>
    <trkpt lat="41.984410" lon="2.813872"></trkpt>
    <trkpt lat="41.984412" lon="2.813743"></trkpt>
    <trkpt lat="41.984413" lon="2.813658"></trkpt>
    <trkpt lat="41.984420" lon="2.813557"></trkpt>
    <trkpt lat="41.984436" lon="2.813370"></trkpt>
    <trkpt lat="41.984446" lon="2.813340"></trkpt>
    <trkpt lat="41.984471" lon="2.813119"></trkpt>
    <trkpt lat="41.984483" lon="2.813006"></trkpt>
    <trkpt lat="41.984495" lon="2.812938"></trkpt>
    <trkpt lat="41.984511" lon="2.812933"></trkpt>
    <trkpt lat="41.984535" lon="2.812920"></trkpt>
    <trkpt lat="41.984561" lon="2.812892"></trkpt>
    <trkpt lat="41.984576" lon="2.812865"></trkpt>
    <trkpt lat="41.984584" lon="2.812838"></trkpt>
    <trkpt lat="41.984590" lon="2.812793"></trkpt>
    <trkpt lat="41.984588" lon="2.812759"></trkpt>
    <trkpt lat="41.984587" lon="2.812754"></trkpt>
    <trkpt lat="41.984576" lon="2.812722"></trkpt>
    <trkpt lat="41.984564" lon="2.812698"></trkpt>
    <trkpt lat="41.984552" lon="2.812682"></trkpt>
    <trkpt lat="41.984531" lon="2.812662"></trkpt>
    <trkpt lat="41.984519" lon="2.812656"></trkpt>
    <trkpt lat="41.984494" lon="2.812648"></trkpt>
    <trkpt lat="41.984543" lon="2.812506"></trkpt>
    <trkpt lat="41.984588" lon="2.812365"></trkpt>
    <trkpt lat="41.984614" lon="2.812167"></trkpt>
    <trkpt lat="41.984592" lon="2.811744"></trkpt>
    <trkpt lat="41.984588" lon="2.811680"></trkpt>
    <trkpt lat="41.984585" lon="2.811621"></trkpt>
    <trkpt lat="41.984566" lon="2.811240"></trkpt>
    <trkpt lat="41.984562" lon="2.810991"></trkpt>
    <trkpt lat="41.984568" lon="2.810884"></trkpt>
    <trkpt lat="41.984581" lon="2.810780"></trkpt>
    <trkpt lat="41.984598" lon="2.810685"></trkpt>
    <trkpt lat="41.984628" lon="2.810565"></trkpt>
    <trkpt lat="41.984668" lon="2.810422"></trkpt>
    <trkpt lat="41.984703" lon="2.810289"></trkpt>
    <trkpt lat="41.984716" lon="2.810241"></trkpt>
    <trkpt lat="41.984776" lon="2.810076"></trkpt>
    <trkpt lat="41.984808" lon="2.810086"></trkpt>
    <trkpt lat="41.984838" lon="2.810089"></trkpt>
    <trkpt lat="41.984864" lon="2.810087"></trkpt>
    <trkpt lat="41.984896" lon="2.810079"></trkpt>
    <trkpt lat="41.984925" lon="2.810067"></trkpt>
    <trkpt lat="41.984947" lon="2.810051"></trkpt>
    <trkpt lat="41.984975" lon="2.810026"></trkpt>
    <trkpt lat="41.984999" lon="2.809996"></trkpt>
    <trkpt lat="41.985016" lon="2.809970"></trkpt>
    <trkpt lat="41.985029" lon="2.809941"></trkpt>
    <trkpt lat="41.985042" lon="2.809904"></trkpt>
    <trkpt lat="41.985180" lon="2.809837"></trkpt>
    <trkpt lat="41.985195" lon="2.809832"></trkpt>
    <trkpt lat="41.985224" lon="2.809820"></trkpt>
    <trkpt lat="41.985324" lon="2.809797"></trkpt>
    <trkpt lat="41.987227" lon="2.809590"></trkpt>
    <trkpt lat="41.990086" lon="2.809328"></trkpt>
    <trkpt lat="41.990158" lon="2.809321"></trkpt>
    <trkpt lat="41.990173" lon="2.809320"></trkpt>
    <trkpt lat="41.990241" lon="2.809313"></trkpt>
    <trkpt lat="41.990324" lon="2.809327"></trkpt>
    <trkpt lat="41.990436" lon="2.809387"></trkpt>
    <trkpt lat="41.990453" lon="2.809411"></trkpt>
    <trkpt lat="41.990476" lon="2.809442"></trkpt>
    <trkpt lat="41.990503" lon="2.809468"></trkpt>
    <trkpt lat="41.990542" lon="2.809494"></trkpt>
    <trkpt lat="41.990574" lon="2.809507"></trkpt>
    <trkpt lat="41.990607" lon="2.809512"></trkpt>
    <trkpt lat="41.990651" lon="2.809510"></trkpt>
    <trkpt lat="41.990684" lon="2.809499"></trkpt>
    <trkpt lat="41.990714" lon="2.809486"></trkpt>
    <trkpt lat="41.990744" lon="2.809465"></trkpt>
    <trkpt lat="41.990775" lon="2.809436"></trkpt>
    <trkpt lat="41.990804" lon="2.809398"></trkpt>
    <trkpt lat="41.990828" lon="2.809354"></trkpt>
    <trkpt lat="41.990842" lon="2.809314"></trkpt>
    <trkpt lat="41.990852" lon="2.809277"></trkpt>
    <trkpt lat="41.990855" lon="2.809223"></trkpt>
    <trkpt lat="41.990851" lon="2.809172"></trkpt>
    <trkpt lat="41.990847" lon="2.809144"></trkpt>
    <trkpt lat="41.990837" lon="2.809101"></trkpt>
    <trkpt lat="41.990817" lon="2.809058"></trkpt>
    <trkpt lat="41.990790" lon="2.809023"></trkpt>
    <trkpt lat="41.990755" lon="2.808986"></trkpt>
    <trkpt lat="41.990726" lon="2.808960"></trkpt>
    <trkpt lat="41.990693" lon="2.808942"></trkpt>
    <trkpt lat="41.990647" lon="2.808929"></trkpt>
    <trkpt lat="41.990596" lon="2.808916"></trkpt>
    <trkpt lat="41.990530" lon="2.808881"></trkpt>
    <trkpt lat="41.990503" lon="2.808857"></trkpt>
    <trkpt lat="41.990463" lon="2.808809"></trkpt>
    <trkpt lat="41.990428" lon="2.808755"></trkpt>
    <trkpt lat="41.990385" lon="2.808620"></trkpt>
    <trkpt lat="41.990381" lon="2.808606"></trkpt>
    <trkpt lat="41.990176" lon="2.807949"></trkpt>
    <trkpt lat="41.990065" lon="2.807518"></trkpt>
    <trkpt lat="41.989942" lon="2.806975"></trkpt>
    <trkpt lat="41.989876" lon="2.806667"></trkpt>
    <trkpt lat="41.989843" lon="2.806519"></trkpt>
    <trkpt lat="41.989689" lon="2.805737"></trkpt>
    <trkpt lat="41.989591" lon="2.805142"></trkpt>
    <trkpt lat="41.989520" lon="2.804590"></trkpt>
    <trkpt lat="41.989482" lon="2.804127"></trkpt>
    <trkpt lat="41.989475" lon="2.803684"></trkpt>
    <trkpt lat="41.989475" lon="2.803624"></trkpt>
    <trkpt lat="41.989483" lon="2.803329"></trkpt>
    <trkpt lat="41.989525" lon="2.802954"></trkpt>
    <trkpt lat="41.989560" lon="2.802690"></trkpt>
    <trkpt lat="41.989565" lon="2.802651"></trkpt>
    <trkpt lat="41.989587" lon="2.802485"></trkpt>
    <trkpt lat="41.989831" lon="2.800752"></trkpt>
    <trkpt lat="41.989956" lon="2.799824"></trkpt>
    <trkpt lat="41.989965" lon="2.799707"></trkpt>
    <trkpt lat="41.989965" lon="2.799623"></trkpt>
    <trkpt lat="41.989964" lon="2.799539"></trkpt>
    <trkpt lat="41.989956" lon="2.799450"></trkpt>
    <trkpt lat="41.989947" lon="2.799385"></trkpt>
    <trkpt lat="41.989891" lon="2.799088"></trkpt>
    <trkpt lat="41.989856" lon="2.798901"></trkpt>
    <trkpt lat="41.989849" lon="2.798863"></trkpt>
    <trkpt lat="41.989816" lon="2.798689"></trkpt>
    <trkpt lat="41.989735" lon="2.798256"></trkpt>
    <trkpt lat="41.989529" lon="2.797150"></trkpt>
    <trkpt lat="41.989513" lon="2.797062"></trkpt>
    <trkpt lat="41.989504" lon="2.797012"></trkpt>
    <trkpt lat="41.989467" lon="2.796823"></trkpt>
    <trkpt lat="41.989395" lon="2.796444"></trkpt>
    <trkpt lat="41.989377" lon="2.796361"></trkpt>
    <trkpt lat="41.989370" lon="2.796182"></trkpt>
    <trkpt lat="41.989388" lon="2.796070"></trkpt>
    <trkpt lat="41.989410" lon="2.795978"></trkpt>
    <trkpt lat="41.989418" lon="2.795962"></trkpt>
    <trkpt lat="41.989427" lon="2.795930"></trkpt>
    <trkpt lat="41.989432" lon="2.795909"></trkpt>
    <trkpt lat="41.989435" lon="2.795883"></trkpt>
    <trkpt lat="41.989496" lon="2.795790"></trkpt>
    <trkpt lat="41.989590" lon="2.795687"></trkpt>
    <trkpt lat="41.989634" lon="2.795664"></trkpt>
    <trkpt lat="41.989757" lon="2.795613"></trkpt>
    <trkpt lat="41.989840" lon="2.795574"></trkpt>
    <trkpt lat="41.989991" lon="2.795514"></trkpt>
    <trkpt lat="41.990126" lon="2.795517"></trkpt>
    <trkpt lat="41.990257" lon="2.795559"></trkpt>
    <trkpt lat="41.990289" lon="2.795591"></trkpt>
    <trkpt lat="41.990324" lon="2.795618"></trkpt>
    <trkpt lat="41.990361" lon="2.795638"></trkpt>
    <trkpt lat="41.990400" lon="2.795652"></trkpt>
    <trkpt lat="41.990460" lon="2.795660"></trkpt>
    <trkpt lat="41.990521" lon="2.795652"></trkpt>
    <trkpt lat="41.990579" lon="2.795629"></trkpt>
    <trkpt lat="41.990633" lon="2.795591"></trkpt>
    <trkpt lat="41.990666" lon="2.795558"></trkpt>
    <trkpt lat="41.990695" lon="2.795519"></trkpt>
    <trkpt lat="41.990721" lon="2.795476"></trkpt>
    <trkpt lat="41.990742" lon="2.795428"></trkpt>
    <trkpt lat="41.990758" lon="2.795377"></trkpt>
    <trkpt lat="41.990770" lon="2.795324"></trkpt>
    <trkpt lat="41.990776" lon="2.795270"></trkpt>
    <trkpt lat="41.990776" lon="2.795214"></trkpt>
    <trkpt lat="41.990770" lon="2.795145"></trkpt>
    <trkpt lat="41.990755" lon="2.795078"></trkpt>
    <trkpt lat="41.990732" lon="2.795016"></trkpt>
    <trkpt lat="41.990739" lon="2.794843"></trkpt>
    <trkpt lat="41.990779" lon="2.794743"></trkpt>
    <trkpt lat="41.990814" lon="2.794670"></trkpt>
    <trkpt lat="41.990868" lon="2.794561"></trkpt>
    <trkpt lat="41.991042" lon="2.794367"></trkpt>
    <trkpt lat="41.991219" lon="2.794211"></trkpt>
    <trkpt lat="41.991581" lon="2.793923"></trkpt>
    <trkpt lat="41.991895" lon="2.793675"></trkpt>
    <trkpt lat="41.992185" lon="2.793470"></trkpt>
    <trkpt lat="41.992494" lon="2.793379"></trkpt>
    <trkpt lat="41.992664" lon="2.793370"></trkpt>
    <trkpt lat="41.992831" lon="2.793416"></trkpt>
    <trkpt lat="41.992935" lon="2.793473"></trkpt>
    <trkpt lat="41.993064" lon="2.793590"></trkpt>
    <trkpt lat="41.993204" lon="2.793751"></trkpt>
    <trkpt lat="41.993621" lon="2.794267"></trkpt>
    <trkpt lat="41.994620" lon="2.795620"></trkpt>
    <trkpt lat="41.994962" lon="2.796131"></trkpt>
    <trkpt lat="41.995216" lon="2.796510"></trkpt>
    <trkpt lat="41.995961" lon="2.797480"></trkpt>
    <trkpt lat="41.996400" lon="2.798143"></trkpt>
    <trkpt lat="41.996838" lon="2.798764"></trkpt>
    <trkpt lat="41.997582" lon="2.799825"></trkpt>
    <trkpt lat="41.998080" lon="2.800476"></trkpt>
    <trkpt lat="41.998714" lon="2.801284"></trkpt>
    <trkpt lat="41.999269" lon="2.801941"></trkpt>
    <trkpt lat="41.999811" lon="2.802599"></trkpt>
    <trkpt lat="42.000372" lon="2.803209"></trkpt>
    <trkpt lat="42.000827" lon="2.803676"></trkpt>
    <trkpt lat="42.001452" lon="2.804306"></trkpt>
    <trkpt lat="42.002130" lon="2.804935"></trkpt>
    <trkpt lat="42.002772" lon="2.805491"></trkpt>
    <trkpt lat="42.003505" lon="2.806056"></trkpt>
    <trkpt lat="42.004084" lon="2.806463"></trkpt>
    <trkpt lat="42.004807" lon="2.806918"></trkpt>
    <trkpt lat="42.005097" lon="2.807085"></trkpt>
    <trkpt lat="42.005396" lon="2.807247"></trkpt>
    <trkpt lat="42.005922" lon="2.807532"></trkpt>
    <trkpt lat="42.006480" lon="2.807800"></trkpt>
    <trkpt lat="42.006949" lon="2.808001"></trkpt>
    <trkpt lat="42.007190" lon="2.808128"></trkpt>
    <trkpt lat="42.007810" lon="2.808398"></trkpt>
    <trkpt lat="42.008329" lon="2.808643"></trkpt>
    <trkpt lat="42.008612" lon="2.808777"></trkpt>
    <trkpt lat="42.009016" lon="2.808990"></trkpt>
    <trkpt lat="42.009367" lon="2.809189"></trkpt>
    <trkpt lat="42.009919" lon="2.809525"></trkpt>
    <trkpt lat="42.010175" lon="2.809694"></trkpt>
    <trkpt lat="42.010560" lon="2.809971"></trkpt>
    <trkpt lat="42.011137" lon="2.810418"></trkpt>
    <trkpt lat="42.011717" lon="2.810916"></trkpt>
    <trkpt lat="42.012054" lon="2.811213"></trkpt>
    <trkpt lat="42.013176" lon="2.812139"></trkpt>
    <trkpt lat="42.013726" lon="2.812546"></trkpt>
    <trkpt lat="42.014311" lon="2.812952"></trkpt>
    <trkpt lat="42.014985" lon="2.813349"></trkpt>
    <trkpt lat="42.015787" lon="2.813795"></trkpt>
    <trkpt lat="42.017344" lon="2.814538"></trkpt>
    <trkpt lat="42.017828" lon="2.814755"></trkpt>
    <trkpt lat="42.018633" lon="2.815120"></trkpt>
    <trkpt lat="42.018958" lon="2.815286"></trkpt>
    <trkpt lat="42.019483" lon="2.815537"></trkpt>
    <trkpt lat="42.019986" lon="2.815805"></trkpt>
    <trkpt lat="42.020554" lon="2.816137"></trkpt>
    <trkpt lat="42.020685" lon="2.816218"></trkpt>
    <trkpt lat="42.020870" lon="2.816339"></trkpt>
    <trkpt lat="42.021553" lon="2.816803"></trkpt>
    <trkpt lat="42.022049" lon="2.817182"></trkpt>
    <trkpt lat="42.022319" lon="2.817403"></trkpt>
    <trkpt lat="42.022559" lon="2.817607"></trkpt>
    <trkpt lat="42.022779" lon="2.817807"></trkpt>
    <trkpt lat="42.023182" lon="2.818194"></trkpt>
    <trkpt lat="42.023678" lon="2.818672"></trkpt>
    <trkpt lat="42.023766" lon="2.818761"></trkpt>
    <trkpt lat="42.024253" lon="2.819303"></trkpt>
    <trkpt lat="42.024797" lon="2.819970"></trkpt>
    <trkpt lat="42.025366" lon="2.820728"></trkpt>
    <trkpt lat="42.025682" lon="2.821206"></trkpt>
    <trkpt lat="42.026192" lon="2.822024"></trkpt>
    <trkpt lat="42.026480" lon="2.822534"></trkpt>
    <trkpt lat="42.027341" lon="2.824207"></trkpt>
    <trkpt lat="42.027487" lon="2.824498"></trkpt>
    <trkpt lat="42.027555" lon="2.824650"></trkpt>
    <trkpt lat="42.028094" lon="2.825969"></trkpt>
    <trkpt lat="42.028349" lon="2.826680"></trkpt>
    <trkpt lat="42.028392" lon="2.826895"></trkpt>
    <trkpt lat="42.028420" lon="2.827068"></trkpt>
    <trkpt lat="42.028428" lon="2.827243"></trkpt>
    <trkpt lat="42.028428" lon="2.827413"></trkpt>
    <trkpt lat="42.028417" lon="2.827591"></trkpt>
    <trkpt lat="42.028391" lon="2.827764"></trkpt>
    <trkpt lat="42.028353" lon="2.827937"></trkpt>
    <trkpt lat="42.028290" lon="2.828155"></trkpt>
    <trkpt lat="42.028155" lon="2.828518"></trkpt>
    <trkpt lat="42.028102" lon="2.828713"></trkpt>
    <trkpt lat="42.028069" lon="2.828878"></trkpt>
    <trkpt lat="42.028056" lon="2.829089"></trkpt>
    <trkpt lat="42.028069" lon="2.829228"></trkpt>
    <trkpt lat="42.028092" lon="2.829347"></trkpt>
    <trkpt lat="42.028129" lon="2.829471"></trkpt>
    <trkpt lat="42.028187" lon="2.829605"></trkpt>
    <trkpt lat="42.028267" lon="2.829730"></trkpt>
    <trkpt lat="42.028371" lon="2.829837"></trkpt>
    <trkpt lat="42.028464" lon="2.829909"></trkpt>
    <trkpt lat="42.028558" lon="2.829960"></trkpt>
    <trkpt lat="42.028677" lon="2.829995"></trkpt>
    <trkpt lat="42.028774" lon="2.830005"></trkpt>
    <trkpt lat="42.028874" lon="2.829995"></trkpt>
    <trkpt lat="42.028994" lon="2.829974"></trkpt>
    <trkpt lat="42.029088" lon="2.829949"></trkpt>
    <trkpt lat="42.029196" lon="2.829903"></trkpt>
    <trkpt lat="42.029321" lon="2.829847"></trkpt>
    <trkpt lat="42.029418" lon="2.829792"></trkpt>
    <trkpt lat="42.029526" lon="2.829724"></trkpt>
    <trkpt lat="42.029684" lon="2.829605"></trkpt>
    <trkpt lat="42.029826" lon="2.829469"></trkpt>
    <trkpt lat="42.029957" lon="2.829330"></trkpt>
    <trkpt lat="42.030068" lon="2.829178"></trkpt>
    <trkpt lat="42.030195" lon="2.828975"></trkpt>
    <trkpt lat="42.030304" lon="2.828765"></trkpt>
    <trkpt lat="42.030406" lon="2.828520"></trkpt>
    <trkpt lat="42.030503" lon="2.828308"></trkpt>
    <trkpt lat="42.031269" lon="2.826005"></trkpt>
    <trkpt lat="42.031304" lon="2.825940"></trkpt>
    <trkpt lat="42.031315" lon="2.825894"></trkpt>
    <trkpt lat="42.031362" lon="2.825833"></trkpt>
    <trkpt lat="42.031417" lon="2.825783"></trkpt>
    <trkpt lat="42.031502" lon="2.825708"></trkpt>
    <trkpt lat="42.031629" lon="2.825648"></trkpt>
    <trkpt lat="42.031699" lon="2.825624"></trkpt>
    <trkpt lat="42.031782" lon="2.825614"></trkpt>
    <trkpt lat="42.031911" lon="2.825621"></trkpt>
    <trkpt lat="42.032040" lon="2.825658"></trkpt>
    <trkpt lat="42.032183" lon="2.825732"></trkpt>
    <trkpt lat="42.032313" lon="2.825833"></trkpt>
    <trkpt lat="42.032401" lon="2.825921"></trkpt>
    <trkpt lat="42.032492" lon="2.826038"></trkpt>
    <trkpt lat="42.032585" lon="2.826210"></trkpt>
    <trkpt lat="42.032655" lon="2.826396"></trkpt>
    <trkpt lat="42.032709" lon="2.826612"></trkpt>
    <trkpt lat="42.032729" lon="2.826834"></trkpt>
    <trkpt lat="42.032722" lon="2.827072"></trkpt>
    <trkpt lat="42.032684" lon="2.827289"></trkpt>
    <trkpt lat="42.032622" lon="2.827514"></trkpt>
    <trkpt lat="42.032539" lon="2.827666"></trkpt>
    <trkpt lat="42.032453" lon="2.827799"></trkpt>
    <trkpt lat="42.032362" lon="2.827904"></trkpt>
    <trkpt lat="42.032258" lon="2.827988"></trkpt>
    <trkpt lat="42.032172" lon="2.828029"></trkpt>
    <trkpt lat="42.032067" lon="2.828045"></trkpt>
    <trkpt lat="42.031966" lon="2.828025"></trkpt>
    <trkpt lat="42.031880" lon="2.827986"></trkpt>
    <trkpt lat="42.031811" lon="2.827931"></trkpt>
    <trkpt lat="42.031756" lon="2.827862"></trkpt>
    <trkpt lat="42.031703" lon="2.827775"></trkpt>
    <trkpt lat="42.031671" lon="2.827679"></trkpt>
    <trkpt lat="42.031650" lon="2.827565"></trkpt>
    <trkpt lat="42.031648" lon="2.827383"></trkpt>
    <trkpt lat="42.031686" lon="2.827237"></trkpt>
    <trkpt lat="42.031740" lon="2.827086"></trkpt>
    <trkpt lat="42.031822" lon="2.826925"></trkpt>
    <trkpt lat="42.032051" lon="2.826517"></trkpt>
    <trkpt lat="42.032309" lon="2.826132"></trkpt>
    <trkpt lat="42.032558" lon="2.825810"></trkpt>
    <trkpt lat="42.032882" lon="2.825436"></trkpt>
    <trkpt lat="42.032936" lon="2.825344"></trkpt>
    <trkpt lat="42.033227" lon="2.825079"></trkpt>
    <trkpt lat="42.033324" lon="2.824990"></trkpt>
    <trkpt lat="42.033749" lon="2.824665"></trkpt>
    <trkpt lat="42.034162" lon="2.824408"></trkpt>
    <trkpt lat="42.034453" lon="2.824261"></trkpt>
    <trkpt lat="42.034731" lon="2.824141"></trkpt>
    <trkpt lat="42.035306" lon="2.823950"></trkpt>
    <trkpt lat="42.036788" lon="2.823508"></trkpt>
    <trkpt lat="42.037706" lon="2.823205"></trkpt>
    <trkpt lat="42.037976" lon="2.823117"></trkpt>
    <trkpt lat="42.038495" lon="2.822945"></trkpt>
    <trkpt lat="42.038754" lon="2.822860"></trkpt>
    <trkpt lat="42.039486" lon="2.822589"></trkpt>
    <trkpt lat="42.039960" lon="2.822410"></trkpt>
    <trkpt lat="42.040061" lon="2.822373"></trkpt>
    <trkpt lat="42.040535" lon="2.822200"></trkpt>
    <trkpt lat="42.041555" lon="2.821827"></trkpt>
    <trkpt lat="42.041728" lon="2.821763"></trkpt>
    <trkpt lat="42.042080" lon="2.821618"></trkpt>
    <trkpt lat="42.042518" lon="2.821437"></trkpt>
    <trkpt lat="42.042905" lon="2.821266"></trkpt>
    <trkpt lat="42.043131" lon="2.821165"></trkpt>
    <trkpt lat="42.043392" lon="2.821049"></trkpt>
    <trkpt lat="42.044403" lon="2.820567"></trkpt>
    <trkpt lat="42.044795" lon="2.820380"></trkpt>
    <trkpt lat="42.045164" lon="2.820199"></trkpt>
    <trkpt lat="42.046321" lon="2.819651"></trkpt>
    <trkpt lat="42.046558" lon="2.819545"></trkpt>
    <trkpt lat="42.047099" lon="2.819328"></trkpt>
    <trkpt lat="42.047264" lon="2.819270"></trkpt>
    <trkpt lat="42.047446" lon="2.819211"></trkpt>
    <trkpt lat="42.048030" lon="2.819061"></trkpt>
    <trkpt lat="42.048598" lon="2.818927"></trkpt>
    <trkpt lat="42.048866" lon="2.818880"></trkpt>
    <trkpt lat="42.051755" lon="2.818283"></trkpt>
    <trkpt lat="42.052512" lon="2.818129"></trkpt>
    <trkpt lat="42.052787" lon="2.818069"></trkpt>
    <trkpt lat="42.053021" lon="2.818008"></trkpt>
    <trkpt lat="42.053208" lon="2.817952"></trkpt>
    <trkpt lat="42.053463" lon="2.817866"></trkpt>
    <trkpt lat="42.053784" lon="2.817738"></trkpt>
    <trkpt lat="42.054071" lon="2.817599"></trkpt>
    <trkpt lat="42.054361" lon="2.817449"></trkpt>
    <trkpt lat="42.054656" lon="2.817272"></trkpt>
    <trkpt lat="42.054831" lon="2.817161"></trkpt>
    <trkpt lat="42.055348" lon="2.816776"></trkpt>
    <trkpt lat="42.055716" lon="2.816476"></trkpt>
    <trkpt lat="42.056538" lon="2.815816"></trkpt>
    <trkpt lat="42.056989" lon="2.815445"></trkpt>
    <trkpt lat="42.057778" lon="2.814814"></trkpt>
    <trkpt lat="42.058456" lon="2.814277"></trkpt>
    <trkpt lat="42.058821" lon="2.813981"></trkpt>
    <trkpt lat="42.059106" lon="2.813760"></trkpt>
    <trkpt lat="42.059421" lon="2.813537"></trkpt>
    <trkpt lat="42.059590" lon="2.813432"></trkpt>
    <trkpt lat="42.059706" lon="2.813359"></trkpt>
    <trkpt lat="42.059984" lon="2.813201"></trkpt>
    <trkpt lat="42.060235" lon="2.813076"></trkpt>
    <trkpt lat="42.060446" lon="2.812983"></trkpt>
    <trkpt lat="42.060730" lon="2.812873"></trkpt>
    <trkpt lat="42.061034" lon="2.812772"></trkpt>
    <trkpt lat="42.061361" lon="2.812680"></trkpt>
    <trkpt lat="42.061614" lon="2.812619"></trkpt>
    <trkpt lat="42.061849" lon="2.812573"></trkpt>
    <trkpt lat="42.061962" lon="2.812552"></trkpt>
    <trkpt lat="42.062345" lon="2.812498"></trkpt>
    <trkpt lat="42.062446" lon="2.812485"></trkpt>
    <trkpt lat="42.062774" lon="2.812457"></trkpt>
    <trkpt lat="42.063035" lon="2.812441"></trkpt>
    <trkpt lat="42.063290" lon="2.812437"></trkpt>
    <trkpt lat="42.063555" lon="2.812437"></trkpt>
    <trkpt lat="42.063763" lon="2.812449"></trkpt>
    <trkpt lat="42.064105" lon="2.812477"></trkpt>
    <trkpt lat="42.064326" lon="2.812498"></trkpt>
    <trkpt lat="42.064534" lon="2.812527"></trkpt>
    <trkpt lat="42.064823" lon="2.812578"></trkpt>
    <trkpt lat="42.065234" lon="2.812666"></trkpt>
    <trkpt lat="42.065426" lon="2.812706"></trkpt>
    <trkpt lat="42.065566" lon="2.812754"></trkpt>
    <trkpt lat="42.066237" lon="2.812970"></trkpt>
    <trkpt lat="42.066412" lon="2.813034"></trkpt>
    <trkpt lat="42.066721" lon="2.813155"></trkpt>
    <trkpt lat="42.067722" lon="2.813551"></trkpt>
    <trkpt lat="42.068394" lon="2.813812"></trkpt>
    <trkpt lat="42.068908" lon="2.814020"></trkpt>
    <trkpt lat="42.073975" lon="2.816030"></trkpt>
    <trkpt lat="42.074925" lon="2.816384"></trkpt>
    <trkpt lat="42.076164" lon="2.816878"></trkpt>
    <trkpt lat="42.076376" lon="2.816962"></trkpt>
    <trkpt lat="42.078243" lon="2.817687"></trkpt>
    <trkpt lat="42.078655" lon="2.817853"></trkpt>
    <trkpt lat="42.078682" lon="2.817864"></trkpt>
    <trkpt lat="42.079094" lon="2.818012"></trkpt>
    <trkpt lat="42.079557" lon="2.818127"></trkpt>
    <trkpt lat="42.079743" lon="2.818146"></trkpt>
    <trkpt lat="42.079919" lon="2.818163"></trkpt>
    <trkpt lat="42.080337" lon="2.818163"></trkpt>
    <trkpt lat="42.080626" lon="2.818127"></trkpt>
    <trkpt lat="42.080998" lon="2.818045"></trkpt>
    <trkpt lat="42.081321" lon="2.817951"></trkpt>
    <trkpt lat="42.081696" lon="2.817798"></trkpt>
    <trkpt lat="42.081998" lon="2.817618"></trkpt>
    <trkpt lat="42.082264" lon="2.817442"></trkpt>
    <trkpt lat="42.082536" lon="2.817245"></trkpt>
    <trkpt lat="42.082972" lon="2.816818"></trkpt>
    <trkpt lat="42.083644" lon="2.816094"></trkpt>
    <trkpt lat="42.083729" lon="2.816003"></trkpt>
    <trkpt lat="42.085569" lon="2.814040"></trkpt>
    <trkpt lat="42.086399" lon="2.813126"></trkpt>
    <trkpt lat="42.088077" lon="2.811305"></trkpt>
    <trkpt lat="42.088772" lon="2.810560"></trkpt>
    <trkpt lat="42.088858" lon="2.810468"></trkpt>
    <trkpt lat="42.088886" lon="2.810438"></trkpt>
    <trkpt lat="42.089456" lon="2.809796"></trkpt>
    <trkpt lat="42.089911" lon="2.809277"></trkpt>
    <trkpt lat="42.090285" lon="2.808806"></trkpt>
    <trkpt lat="42.090746" lon="2.808115"></trkpt>
    <trkpt lat="42.091680" lon="2.806582"></trkpt>
    <trkpt lat="42.092643" lon="2.805001"></trkpt>
    <trkpt lat="42.092842" lon="2.804673"></trkpt>
    <trkpt lat="42.094292" lon="2.802268"></trkpt>
    <trkpt lat="42.094502" lon="2.801925"></trkpt>
    <trkpt lat="42.094867" lon="2.801321"></trkpt>
    <trkpt lat="42.094937" lon="2.801241"></trkpt>
    <trkpt lat="42.095102" lon="2.800980"></trkpt>
    <trkpt lat="42.095237" lon="2.800763"></trkpt>
    <trkpt lat="42.095900" lon="2.799733"></trkpt>
    <trkpt lat="42.096304" lon="2.799118"></trkpt>
    <trkpt lat="42.096453" lon="2.798940"></trkpt>
    <trkpt lat="42.096655" lon="2.798742"></trkpt>
    <trkpt lat="42.097156" lon="2.798467"></trkpt>
    <trkpt lat="42.097317" lon="2.798394"></trkpt>
    <trkpt lat="42.097378" lon="2.798423"></trkpt>
    <trkpt lat="42.097442" lon="2.798438"></trkpt>
    <trkpt lat="42.097506" lon="2.798439"></trkpt>
    <trkpt lat="42.097618" lon="2.798407"></trkpt>
    <trkpt lat="42.097719" lon="2.798333"></trkpt>
    <trkpt lat="42.097791" lon="2.798242"></trkpt>
    <trkpt lat="42.097843" lon="2.798130"></trkpt>
    <trkpt lat="42.097874" lon="2.798004"></trkpt>
    <trkpt lat="42.097882" lon="2.797881"></trkpt>
    <trkpt lat="42.097869" lon="2.797760"></trkpt>
    <trkpt lat="42.097836" lon="2.797645"></trkpt>
    <trkpt lat="42.097785" lon="2.797544"></trkpt>
    <trkpt lat="42.097747" lon="2.797491"></trkpt>
    <trkpt lat="42.097703" lon="2.797446"></trkpt>
    <trkpt lat="42.097677" lon="2.797395"></trkpt>
    <trkpt lat="42.097639" lon="2.797296"></trkpt>
    <trkpt lat="42.097611" lon="2.797182"></trkpt>
    <trkpt lat="42.097604" lon="2.797028"></trkpt>
    <trkpt lat="42.097619" lon="2.796899"></trkpt>
    <trkpt lat="42.097666" lon="2.796755"></trkpt>
    <trkpt lat="42.097741" lon="2.796593"></trkpt>
    <trkpt lat="42.097987" lon="2.796218"></trkpt>
    <trkpt lat="42.098153" lon="2.795948"></trkpt>
    <trkpt lat="42.098257" lon="2.795777"></trkpt>
    <trkpt lat="42.098332" lon="2.795610"></trkpt>
    <trkpt lat="42.098437" lon="2.795450"></trkpt>
    <trkpt lat="42.098576" lon="2.795222"></trkpt>
    <trkpt lat="42.098651" lon="2.795098"></trkpt>
    <trkpt lat="42.098887" lon="2.794697"></trkpt>
    <trkpt lat="42.100125" lon="2.792659"></trkpt>
    <trkpt lat="42.100300" lon="2.792404"></trkpt>
    <trkpt lat="42.100399" lon="2.792248"></trkpt>
    <trkpt lat="42.100483" lon="2.792117"></trkpt>
    <trkpt lat="42.100591" lon="2.791954"></trkpt>
    <trkpt lat="42.100804" lon="2.791605"></trkpt>
    <trkpt lat="42.100826" lon="2.791568"></trkpt>
    <trkpt lat="42.100835" lon="2.791553"></trkpt>
    <trkpt lat="42.100855" lon="2.791521"></trkpt>
    <trkpt lat="42.100870" lon="2.791496"></trkpt>
    <trkpt lat="42.100928" lon="2.791391"></trkpt>
    <trkpt lat="42.100960" lon="2.791331"></trkpt>
    <trkpt lat="42.100968" lon="2.791314"></trkpt>
    <trkpt lat="42.101182" lon="2.790956"></trkpt>
    <trkpt lat="42.101348" lon="2.790669"></trkpt>
    <trkpt lat="42.101496" lon="2.790414"></trkpt>
    <trkpt lat="42.101573" lon="2.790248"></trkpt>
    <trkpt lat="42.102394" lon="2.788895"></trkpt>
    <trkpt lat="42.102908" lon="2.788052"></trkpt>
    <trkpt lat="42.102911" lon="2.788047"></trkpt>
    <trkpt lat="42.103049" lon="2.787817"></trkpt>
    <trkpt lat="42.103184" lon="2.787596"></trkpt>
    <trkpt lat="42.103676" lon="2.786777"></trkpt>
    <trkpt lat="42.104014" lon="2.786212"></trkpt>
    <trkpt lat="42.104378" lon="2.785611"></trkpt>
    <trkpt lat="42.104512" lon="2.785488"></trkpt>
    <trkpt lat="42.104543" lon="2.785500"></trkpt>
    <trkpt lat="42.104575" lon="2.785501"></trkpt>
    <trkpt lat="42.104611" lon="2.785491"></trkpt>
    <trkpt lat="42.104643" lon="2.785468"></trkpt>
    <trkpt lat="42.104670" lon="2.785434"></trkpt>
    <trkpt lat="42.104692" lon="2.785384"></trkpt>
    <trkpt lat="42.104701" lon="2.785327"></trkpt>
    <trkpt lat="42.104697" lon="2.785270"></trkpt>
    <trkpt lat="42.104686" lon="2.785236"></trkpt>
    <trkpt lat="42.104757" lon="2.784998"></trkpt>
    <trkpt lat="42.104804" lon="2.784921"></trkpt>
    <trkpt lat="42.104864" lon="2.784821"></trkpt>
    <trkpt lat="42.105314" lon="2.784078"></trkpt>
    <trkpt lat="42.106068" lon="2.782831"></trkpt>
    <trkpt lat="42.106183" lon="2.782644"></trkpt>
    <trkpt lat="42.106251" lon="2.782533"></trkpt>
    <trkpt lat="42.106301" lon="2.782451"></trkpt>
    <trkpt lat="42.106336" lon="2.782393"></trkpt>
    <trkpt lat="42.106378" lon="2.782323"></trkpt>
    <trkpt lat="42.107027" lon="2.781224"></trkpt>
    <trkpt lat="42.107106" lon="2.781092"></trkpt>
    <trkpt lat="42.107266" lon="2.780826"></trkpt>
    <trkpt lat="42.107342" lon="2.780751"></trkpt>
    <trkpt lat="42.107408" lon="2.780647"></trkpt>
    <trkpt lat="42.107428" lon="2.780613"></trkpt>
    <trkpt lat="42.107749" lon="2.780080"></trkpt>
    <trkpt lat="42.107804" lon="2.779987"></trkpt>
    <trkpt lat="42.107931" lon="2.779774"></trkpt>
    <trkpt lat="42.107974" lon="2.779700"></trkpt>
    <trkpt lat="42.108146" lon="2.779434"></trkpt>
    <trkpt lat="42.108219" lon="2.779325"></trkpt>
    <trkpt lat="42.108308" lon="2.779191"></trkpt>
    <trkpt lat="42.108465" lon="2.778986"></trkpt>
    <trkpt lat="42.108521" lon="2.778921"></trkpt>
    <trkpt lat="42.108575" lon="2.778859"></trkpt>
    <trkpt lat="42.108585" lon="2.778848"></trkpt>
    <trkpt lat="42.108608" lon="2.778820"></trkpt>
    <trkpt lat="42.108883" lon="2.778502"></trkpt>
    <trkpt lat="42.108914" lon="2.778467"></trkpt>
    <trkpt lat="42.109141" lon="2.778209"></trkpt>
    <trkpt lat="42.109256" lon="2.778043"></trkpt>
    <trkpt lat="42.109349" lon="2.777854"></trkpt>
    <trkpt lat="42.109528" lon="2.777543"></trkpt>
    <trkpt lat="42.109887" lon="2.776947"></trkpt>
    <trkpt lat="42.109920" lon="2.776891"></trkpt>
    <trkpt lat="42.109955" lon="2.776833"></trkpt>
    <trkpt lat="42.110524" lon="2.775867"></trkpt>
    <trkpt lat="42.110558" lon="2.775811"></trkpt>
    <trkpt lat="42.110641" lon="2.775759"></trkpt>
    <trkpt lat="42.110681" lon="2.775742"></trkpt>
    <trkpt lat="42.110729" lon="2.775772"></trkpt>
    <trkpt lat="42.110762" lon="2.775781"></trkpt>
    <trkpt lat="42.110822" lon="2.775779"></trkpt>
    <trkpt lat="42.110878" lon="2.775752"></trkpt>
    <trkpt lat="42.110926" lon="2.775704"></trkpt>
    <trkpt lat="42.110962" lon="2.775639"></trkpt>
    <trkpt lat="42.110981" lon="2.775563"></trkpt>
    <trkpt lat="42.110982" lon="2.775482"></trkpt>
    <trkpt lat="42.110976" lon="2.775445"></trkpt>
    <trkpt lat="42.110966" lon="2.775407"></trkpt>
    <trkpt lat="42.111012" lon="2.775256"></trkpt>
    <trkpt lat="42.111086" lon="2.775167"></trkpt>
    <trkpt lat="42.111607" lon="2.774539"></trkpt>
    <trkpt lat="42.111822" lon="2.774280"></trkpt>
    <trkpt lat="42.112211" lon="2.773835"></trkpt>
    <trkpt lat="42.112239" lon="2.773803"></trkpt>
    <trkpt lat="42.112366" lon="2.773687"></trkpt>
    <trkpt lat="42.112399" lon="2.773656"></trkpt>
    <trkpt lat="42.112421" lon="2.773662"></trkpt>
    <trkpt lat="42.112442" lon="2.773664"></trkpt>
    <trkpt lat="42.112464" lon="2.773662"></trkpt>
    <trkpt lat="42.112485" lon="2.773656"></trkpt>
    <trkpt lat="42.112506" lon="2.773646"></trkpt>
    <trkpt lat="42.112525" lon="2.773632"></trkpt>
    <trkpt lat="42.112542" lon="2.773615"></trkpt>
    <trkpt lat="42.112558" lon="2.773595"></trkpt>
    <trkpt lat="42.112571" lon="2.773573"></trkpt>
    <trkpt lat="42.112581" lon="2.773552"></trkpt>
    <trkpt lat="42.112588" lon="2.773530"></trkpt>
    <trkpt lat="42.112594" lon="2.773507"></trkpt>
    <trkpt lat="42.112597" lon="2.773487"></trkpt>
    <trkpt lat="42.112599" lon="2.773466"></trkpt>
    <trkpt lat="42.112599" lon="2.773445"></trkpt>
    <trkpt lat="42.112598" lon="2.773424"></trkpt>
    <trkpt lat="42.112595" lon="2.773403"></trkpt>
    <trkpt lat="42.112590" lon="2.773383"></trkpt>
    <trkpt lat="42.112585" lon="2.773364"></trkpt>
    <trkpt lat="42.112577" lon="2.773345"></trkpt>
    <trkpt lat="42.112569" lon="2.773328"></trkpt>
    <trkpt lat="42.112574" lon="2.773281"></trkpt>
    <trkpt lat="42.112576" lon="2.773245"></trkpt>
    <trkpt lat="42.112585" lon="2.773209"></trkpt>
    <trkpt lat="42.112599" lon="2.773170"></trkpt>
    <trkpt lat="42.112648" lon="2.773081"></trkpt>
    <trkpt lat="42.112679" lon="2.773031"></trkpt>
    <trkpt lat="42.112826" lon="2.772784"></trkpt>
    <trkpt lat="42.113081" lon="2.772309"></trkpt>
    <trkpt lat="42.113161" lon="2.772160"></trkpt>
    <trkpt lat="42.113238" lon="2.772020"></trkpt>
    <trkpt lat="42.113584" lon="2.771382"></trkpt>
    <trkpt lat="42.113650" lon="2.771262"></trkpt>
    <trkpt lat="42.113737" lon="2.771110"></trkpt>
    <trkpt lat="42.113909" lon="2.770775"></trkpt>
    <trkpt lat="42.114120" lon="2.770370"></trkpt>
    <trkpt lat="42.114161" lon="2.770290"></trkpt>
    <trkpt lat="42.114191" lon="2.770229"></trkpt>
    <trkpt lat="42.114281" lon="2.770059"></trkpt>
    <trkpt lat="42.114592" lon="2.769477"></trkpt>
    <trkpt lat="42.114642" lon="2.769383"></trkpt>
    <trkpt lat="42.114711" lon="2.769250"></trkpt>
    <trkpt lat="42.114832" lon="2.769018"></trkpt>
    <trkpt lat="42.115140" lon="2.768420"></trkpt>
    <trkpt lat="42.115282" lon="2.768160"></trkpt>
    <trkpt lat="42.115360" lon="2.768017"></trkpt>
    <trkpt lat="42.115515" lon="2.767713"></trkpt>
    <trkpt lat="42.115560" lon="2.767629"></trkpt>
    <trkpt lat="42.115584" lon="2.767566"></trkpt>
    <trkpt lat="42.115694" lon="2.767370"></trkpt>
    <trkpt lat="42.116018" lon="2.766774"></trkpt>
    <trkpt lat="42.116051" lon="2.766712"></trkpt>
    <trkpt lat="42.116257" lon="2.766317"></trkpt>
    <trkpt lat="42.116284" lon="2.766267"></trkpt>
    <trkpt lat="42.116480" lon="2.765888"></trkpt>
    <trkpt lat="42.116641" lon="2.765592"></trkpt>
    <trkpt lat="42.116841" lon="2.765206"></trkpt>
    <trkpt lat="42.117073" lon="2.764777"></trkpt>
    <trkpt lat="42.117128" lon="2.764675"></trkpt>
    <trkpt lat="42.117177" lon="2.764585"></trkpt>
    <trkpt lat="42.117197" lon="2.764559"></trkpt>
    <trkpt lat="42.117223" lon="2.764522"></trkpt>
    <trkpt lat="42.117248" lon="2.764494"></trkpt>
    <trkpt lat="42.117311" lon="2.764424"></trkpt>
    <trkpt lat="42.117406" lon="2.764329"></trkpt>
    <trkpt lat="42.117483" lon="2.764251"></trkpt>
    <trkpt lat="42.117572" lon="2.764161"></trkpt>
    <trkpt lat="42.117638" lon="2.764123"></trkpt>
    <trkpt lat="42.117696" lon="2.764089"></trkpt>
    <trkpt lat="42.117923" lon="2.763852"></trkpt>
    <trkpt lat="42.117977" lon="2.763793"></trkpt>
    <trkpt lat="42.117996" lon="2.763772"></trkpt>
    <trkpt lat="42.118123" lon="2.763602"></trkpt>
    <trkpt lat="42.118227" lon="2.763510"></trkpt>
    <trkpt lat="42.118259" lon="2.763487"></trkpt>
    <trkpt lat="42.118294" lon="2.763463"></trkpt>
    <trkpt lat="42.118328" lon="2.763448"></trkpt>
    <trkpt lat="42.118365" lon="2.763435"></trkpt>
    <trkpt lat="42.118403" lon="2.763428"></trkpt>
    <trkpt lat="42.118467" lon="2.763428"></trkpt>
    <trkpt lat="42.118609" lon="2.763430"></trkpt>
    <trkpt lat="42.118696" lon="2.763447"></trkpt>
    <trkpt lat="42.118720" lon="2.763452"></trkpt>
    <trkpt lat="42.119084" lon="2.763456"></trkpt>
    <trkpt lat="42.119134" lon="2.763458"></trkpt>
    <trkpt lat="42.119216" lon="2.763461"></trkpt>
    <trkpt lat="42.119217" lon="2.763528"></trkpt>
    <trkpt lat="42.119217" lon="2.763706"></trkpt>
    <trkpt lat="42.119161" lon="2.763758"></trkpt>
    <trkpt lat="42.119120" lon="2.763759"></trkpt>
    <trkpt lat="42.118962" lon="2.763763"></trkpt>
    <trkpt lat="42.118888" lon="2.763765"></trkpt>
    <trkpt lat="42.118861" lon="2.763765"></trkpt>
    <trkpt lat="42.118840" lon="2.763802"></trkpt>
    <trkpt lat="42.118831" lon="2.763817"></trkpt>
    <trkpt lat="42.118815" lon="2.763845"></trkpt>
    <trkpt lat="42.118852" lon="2.763992"></trkpt>
    <trkpt lat="42.118895" lon="2.764174"></trkpt>
    <trkpt lat="42.118910" lon="2.764238"></trkpt>
    <trkpt lat="42.118941" lon="2.764344"></trkpt>
    <trkpt lat="42.118984" lon="2.764626"></trkpt>
    <trkpt lat="42.119001" lon="2.764797"></trkpt>
    <trkpt lat="42.119143" lon="2.764767"></trkpt>
    <trkpt lat="42.119222" lon="2.764764"></trkpt>
    <trkpt lat="42.119225" lon="2.764654"></trkpt>
    <trkpt lat="42.119221" lon="2.764284"></trkpt>
    <trkpt lat="42.119220" lon="2.764075"></trkpt>
    <trkpt lat="42.119220" lon="2.763841"></trkpt>
    <trkpt lat="42.119217" lon="2.763706"></trkpt>
    <trkpt lat="42.119217" lon="2.763528"></trkpt>
    <trkpt lat="42.119216" lon="2.763461"></trkpt>
    <trkpt lat="42.119238" lon="2.763462"></trkpt>
    <trkpt lat="42.119310" lon="2.763463"></trkpt>
    <trkpt lat="42.119704" lon="2.763465"></trkpt>
    <trkpt lat="42.119779" lon="2.763457"></trkpt>
    <trkpt lat="42.119796" lon="2.763458"></trkpt>
    <trkpt lat="42.120381" lon="2.763469"></trkpt>
    <trkpt lat="42.120517" lon="2.763470"></trkpt>
    <trkpt lat="42.120582" lon="2.763471"></trkpt>
    <trkpt lat="42.120695" lon="2.763476"></trkpt>
    <trkpt lat="42.120756" lon="2.763477"></trkpt>
    <trkpt lat="42.121663" lon="2.763496"></trkpt>
    <trkpt lat="42.122535" lon="2.763509"></trkpt>
    <trkpt lat="42.122564" lon="2.763509"></trkpt>
    <trkpt lat="42.122610" lon="2.763509"></trkpt>
    <trkpt lat="42.122647" lon="2.763509"></trkpt>
    <trkpt lat="42.122804" lon="2.763511"></trkpt>
    <trkpt lat="42.122956" lon="2.763492"></trkpt>
    <trkpt lat="42.123062" lon="2.763467"></trkpt>
    <trkpt lat="42.123148" lon="2.763447"></trkpt>
    <trkpt lat="42.123293" lon="2.763429"></trkpt>
    <trkpt lat="42.123369" lon="2.763408"></trkpt>
    <trkpt lat="42.123699" lon="2.763321"></trkpt>
    <trkpt lat="42.123885" lon="2.763272"></trkpt>
    <trkpt lat="42.123969" lon="2.763249"></trkpt>
    <trkpt lat="42.124214" lon="2.763185"></trkpt>
    <trkpt lat="42.124319" lon="2.763157"></trkpt>
    <trkpt lat="42.124728" lon="2.763048"></trkpt>
    <trkpt lat="42.124819" lon="2.763021"></trkpt>
    <trkpt lat="42.124871" lon="2.763005"></trkpt>
    <trkpt lat="42.124963" lon="2.762984"></trkpt>
    <trkpt lat="42.125077" lon="2.762960"></trkpt>
    <trkpt lat="42.125117" lon="2.762952"></trkpt>
    <trkpt lat="42.125147" lon="2.762947"></trkpt>
    <trkpt lat="42.125188" lon="2.762937"></trkpt>
    <trkpt lat="42.125273" lon="2.762915"></trkpt>
    <trkpt lat="42.125334" lon="2.762901"></trkpt>
    <trkpt lat="42.125539" lon="2.762843"></trkpt>
    <trkpt lat="42.125713" lon="2.762756"></trkpt>
    <trkpt lat="42.126617" lon="2.762502"></trkpt>
    <trkpt lat="42.126634" lon="2.762498"></trkpt>
    <trkpt lat="42.127849" lon="2.762163"></trkpt>
    <trkpt lat="42.127874" lon="2.762157"></trkpt>
    <trkpt lat="42.128000" lon="2.762124"></trkpt>
    <trkpt lat="42.128306" lon="2.762050"></trkpt>
    <trkpt lat="42.129258" lon="2.761832"></trkpt>
    <trkpt lat="42.129522" lon="2.761774"></trkpt>
    <trkpt lat="42.129724" lon="2.761730"></trkpt>
    <trkpt lat="42.131347" lon="2.761372"></trkpt>
    <trkpt lat="42.131565" lon="2.761347"></trkpt>
    <trkpt lat="42.131783" lon="2.761341"></trkpt>
    <trkpt lat="42.132008" lon="2.761341"></trkpt>
    <trkpt lat="42.132535" lon="2.761366"></trkpt>
    <trkpt lat="42.132821" lon="2.761355"></trkpt>
    <trkpt lat="42.133002" lon="2.761328"></trkpt>
    <trkpt lat="42.133141" lon="2.761296"></trkpt>
    <trkpt lat="42.133271" lon="2.761248"></trkpt>
    <trkpt lat="42.133418" lon="2.761182"></trkpt>
    <trkpt lat="42.133576" lon="2.761094"></trkpt>
    <trkpt lat="42.134053" lon="2.760785"></trkpt>
    <trkpt lat="42.134356" lon="2.760579"></trkpt>
    <trkpt lat="42.134598" lon="2.760379"></trkpt>
    <trkpt lat="42.134765" lon="2.760222"></trkpt>
    <trkpt lat="42.134958" lon="2.760002"></trkpt>
    <trkpt lat="42.135094" lon="2.759808"></trkpt>
    <trkpt lat="42.135225" lon="2.759574"></trkpt>
    <trkpt lat="42.135331" lon="2.759349"></trkpt>
    <trkpt lat="42.135416" lon="2.759131"></trkpt>
    <trkpt lat="42.135452" lon="2.759025"></trkpt>
    <trkpt lat="42.135483" lon="2.758933"></trkpt>
    <trkpt lat="42.135839" lon="2.757672"></trkpt>
    <trkpt lat="42.135929" lon="2.757389"></trkpt>
    <trkpt lat="42.136059" lon="2.757039"></trkpt>
    <trkpt lat="42.136159" lon="2.756801"></trkpt>
    <trkpt lat="42.136209" lon="2.756681"></trkpt>
    <trkpt lat="42.136311" lon="2.756434"></trkpt>
    <trkpt lat="42.136369" lon="2.756295"></trkpt>
    <trkpt lat="42.136391" lon="2.756241"></trkpt>
    <trkpt lat="42.136460" lon="2.756075"></trkpt>
    <trkpt lat="42.136992" lon="2.754825"></trkpt>
    <trkpt lat="42.137076" lon="2.754627"></trkpt>
    <trkpt lat="42.137152" lon="2.754447"></trkpt>
    <trkpt lat="42.137221" lon="2.754283"></trkpt>
    <trkpt lat="42.137537" lon="2.753538"></trkpt>
    <trkpt lat="42.137813" lon="2.752930"></trkpt>
    <trkpt lat="42.137993" lon="2.752553"></trkpt>
    <trkpt lat="42.138180" lon="2.752194"></trkpt>
    <trkpt lat="42.138336" lon="2.751922"></trkpt>
    <trkpt lat="42.138575" lon="2.751510"></trkpt>
    <trkpt lat="42.138801" lon="2.751174"></trkpt>
    <trkpt lat="42.139072" lon="2.750794"></trkpt>
    <trkpt lat="42.139346" lon="2.750451"></trkpt>
    <trkpt lat="42.139635" lon="2.750114"></trkpt>
    <trkpt lat="42.139981" lon="2.749746"></trkpt>
    <trkpt lat="42.140251" lon="2.749486"></trkpt>
    <trkpt lat="42.140651" lon="2.749139"></trkpt>
    <trkpt lat="42.141099" lon="2.748796"></trkpt>
    <trkpt lat="42.141264" lon="2.748679"></trkpt>
    <trkpt lat="42.141509" lon="2.748521"></trkpt>
    <trkpt lat="42.141870" lon="2.748311"></trkpt>
    <trkpt lat="42.142179" lon="2.748146"></trkpt>
    <trkpt lat="42.142448" lon="2.748019"></trkpt>
    <trkpt lat="42.142729" lon="2.747898"></trkpt>
    <trkpt lat="42.142991" lon="2.747807"></trkpt>
    <trkpt lat="42.143259" lon="2.747717"></trkpt>
    <trkpt lat="42.143552" lon="2.747638"></trkpt>
    <trkpt lat="42.143773" lon="2.747583"></trkpt>
    <trkpt lat="42.143947" lon="2.747551"></trkpt>
    <trkpt lat="42.144145" lon="2.747519"></trkpt>
    <trkpt lat="42.144377" lon="2.747487"></trkpt>
    <trkpt lat="42.144593" lon="2.747463"></trkpt>
    <trkpt lat="42.144872" lon="2.747432"></trkpt>
    <trkpt lat="42.145341" lon="2.747389"></trkpt>
    <trkpt lat="42.145625" lon="2.747363"></trkpt>
    <trkpt lat="42.146014" lon="2.747324"></trkpt>
    <trkpt lat="42.146261" lon="2.747301"></trkpt>
    <trkpt lat="42.146336" lon="2.747294"></trkpt>
    <trkpt lat="42.147061" lon="2.747225"></trkpt>
    <trkpt lat="42.148068" lon="2.747137"></trkpt>
    <trkpt lat="42.148964" lon="2.747060"></trkpt>
    <trkpt lat="42.149127" lon="2.747044"></trkpt>
    <trkpt lat="42.149579" lon="2.747009"></trkpt>
    <trkpt lat="42.149891" lon="2.747019"></trkpt>
    <trkpt lat="42.150325" lon="2.747071"></trkpt>
    <trkpt lat="42.150640" lon="2.747151"></trkpt>
    <trkpt lat="42.151271" lon="2.747396"></trkpt>
    <trkpt lat="42.151784" lon="2.747641"></trkpt>
    <trkpt lat="42.152662" lon="2.748049"></trkpt>
    <trkpt lat="42.152942" lon="2.748178"></trkpt>
    <trkpt lat="42.153053" lon="2.748228"></trkpt>
    <trkpt lat="42.153187" lon="2.748285"></trkpt>
    <trkpt lat="42.153432" lon="2.748369"></trkpt>
    <trkpt lat="42.153637" lon="2.748422"></trkpt>
    <trkpt lat="42.153777" lon="2.748440"></trkpt>
    <trkpt lat="42.153936" lon="2.748464"></trkpt>
    <trkpt lat="42.154115" lon="2.748478"></trkpt>
    <trkpt lat="42.154311" lon="2.748475"></trkpt>
    <trkpt lat="42.154398" lon="2.748472"></trkpt>
    <trkpt lat="42.154513" lon="2.748457"></trkpt>
    <trkpt lat="42.154603" lon="2.748441"></trkpt>
    <trkpt lat="42.154704" lon="2.748424"></trkpt>
    <trkpt lat="42.154952" lon="2.748369"></trkpt>
    <trkpt lat="42.155126" lon="2.748321"></trkpt>
    <trkpt lat="42.155344" lon="2.748276"></trkpt>
    <trkpt lat="42.155486" lon="2.748263"></trkpt>
    <trkpt lat="42.155530" lon="2.748264"></trkpt>
    <trkpt lat="42.155598" lon="2.748312"></trkpt>
    <trkpt lat="42.155637" lon="2.748347"></trkpt>
    <trkpt lat="42.155663" lon="2.748377"></trkpt>
    <trkpt lat="42.155688" lon="2.748424"></trkpt>
    <trkpt lat="42.155710" lon="2.748465"></trkpt>
    <trkpt lat="42.155717" lon="2.748516"></trkpt>
    <trkpt lat="42.155749" lon="2.748594"></trkpt>
    <trkpt lat="42.155795" lon="2.748657"></trkpt>
    <trkpt lat="42.155853" lon="2.748700"></trkpt>
    <trkpt lat="42.155917" lon="2.748718"></trkpt>
    <trkpt lat="42.155981" lon="2.748712"></trkpt>
    <trkpt lat="42.156042" lon="2.748683"></trkpt>
    <trkpt lat="42.156094" lon="2.748631"></trkpt>
    <trkpt lat="42.156139" lon="2.748549"></trkpt>
    <trkpt lat="42.156162" lon="2.748451"></trkpt>
    <trkpt lat="42.156162" lon="2.748420"></trkpt>
    <trkpt lat="42.156162" lon="2.748360"></trkpt>
    <trkpt lat="42.156162" lon="2.748214"></trkpt>
    <trkpt lat="42.156200" lon="2.748091"></trkpt>
    <trkpt lat="42.156227" lon="2.748013"></trkpt>
    <trkpt lat="42.156377" lon="2.747803"></trkpt>
    <trkpt lat="42.156903" lon="2.747041"></trkpt>
    <trkpt lat="42.157101" lon="2.746755"></trkpt>
    <trkpt lat="42.157119" lon="2.746730"></trkpt>
    <trkpt lat="42.157232" lon="2.746569"></trkpt>
    <trkpt lat="42.157564" lon="2.746118"></trkpt>
    <trkpt lat="42.157702" lon="2.745946"></trkpt>
    <trkpt lat="42.157867" lon="2.745774"></trkpt>
    <trkpt lat="42.158049" lon="2.745628"></trkpt>
    <trkpt lat="42.158245" lon="2.745500"></trkpt>
    <trkpt lat="42.158461" lon="2.745403"></trkpt>
    <trkpt lat="42.158647" lon="2.745357"></trkpt>
    <trkpt lat="42.158822" lon="2.745335"></trkpt>
    <trkpt lat="42.159112" lon="2.745338"></trkpt>
    <trkpt lat="42.159512" lon="2.745395"></trkpt>
    <trkpt lat="42.160423" lon="2.745567"></trkpt>
    <trkpt lat="42.160743" lon="2.745624"></trkpt>
    <trkpt lat="42.161216" lon="2.745709"></trkpt>
    <trkpt lat="42.161387" lon="2.745740"></trkpt>
    <trkpt lat="42.161897" lon="2.745831"></trkpt>
    <trkpt lat="42.162242" lon="2.745866"></trkpt>
    <trkpt lat="42.162566" lon="2.745863"></trkpt>
    <trkpt lat="42.162875" lon="2.745806"></trkpt>
    <trkpt lat="42.163138" lon="2.745739"></trkpt>
    <trkpt lat="42.163485" lon="2.745600"></trkpt>
    <trkpt lat="42.163684" lon="2.745535"></trkpt>
    <trkpt lat="42.163821" lon="2.745470"></trkpt>
    <trkpt lat="42.164023" lon="2.745373"></trkpt>
    <trkpt lat="42.164263" lon="2.745252"></trkpt>
    <trkpt lat="42.164696" lon="2.745026"></trkpt>
    <trkpt lat="42.164895" lon="2.744927"></trkpt>
    <trkpt lat="42.165158" lon="2.744796"></trkpt>
    <trkpt lat="42.165321" lon="2.744715"></trkpt>
    <trkpt lat="42.165735" lon="2.744479"></trkpt>
    <trkpt lat="42.165888" lon="2.744405"></trkpt>
    <trkpt lat="42.165983" lon="2.744356"></trkpt>
    <trkpt lat="42.166028" lon="2.744334"></trkpt>
    <trkpt lat="42.166232" lon="2.744226"></trkpt>
    <trkpt lat="42.166373" lon="2.744152"></trkpt>
    <trkpt lat="42.166384" lon="2.744146"></trkpt>
    <trkpt lat="42.166559" lon="2.744029"></trkpt>
    <trkpt lat="42.166622" lon="2.743976"></trkpt>
    <trkpt lat="42.166664" lon="2.743942"></trkpt>
    <trkpt lat="42.166756" lon="2.743892"></trkpt>
    <trkpt lat="42.166846" lon="2.743848"></trkpt>
    <trkpt lat="42.166891" lon="2.743831"></trkpt>
    <trkpt lat="42.166930" lon="2.743841"></trkpt>
    <trkpt lat="42.166953" lon="2.743838"></trkpt>
    <trkpt lat="42.166970" lon="2.743836"></trkpt>
    <trkpt lat="42.167007" lon="2.743817"></trkpt>
    <trkpt lat="42.167026" lon="2.743801"></trkpt>
    <trkpt lat="42.167042" lon="2.743781"></trkpt>
    <trkpt lat="42.167056" lon="2.743758"></trkpt>
    <trkpt lat="42.167067" lon="2.743732"></trkpt>
    <trkpt lat="42.167075" lon="2.743704"></trkpt>
    <trkpt lat="42.167080" lon="2.743675"></trkpt>
    <trkpt lat="42.167156" lon="2.743585"></trkpt>
    <trkpt lat="42.167286" lon="2.743496"></trkpt>
    <trkpt lat="42.167399" lon="2.743403"></trkpt>
    <trkpt lat="42.167613" lon="2.743183"></trkpt>
    <trkpt lat="42.167913" lon="2.742835"></trkpt>
    <trkpt lat="42.168117" lon="2.742597"></trkpt>
    <trkpt lat="42.168183" lon="2.742491"></trkpt>
    <trkpt lat="42.168727" lon="2.741822"></trkpt>
    <trkpt lat="42.169386" lon="2.741025"></trkpt>
    <trkpt lat="42.169530" lon="2.740851"></trkpt>
    <trkpt lat="42.169705" lon="2.740637"></trkpt>
    <trkpt lat="42.169886" lon="2.740425"></trkpt>
    <trkpt lat="42.169940" lon="2.740366"></trkpt>
    <trkpt lat="42.170332" lon="2.739943"></trkpt>
    <trkpt lat="42.170744" lon="2.739542"></trkpt>
    <trkpt lat="42.171153" lon="2.739208"></trkpt>
    <trkpt lat="42.171327" lon="2.739077"></trkpt>
    <trkpt lat="42.171668" lon="2.738839"></trkpt>
    <trkpt lat="42.172072" lon="2.738593"></trkpt>
    <trkpt lat="42.172368" lon="2.738428"></trkpt>
    <trkpt lat="42.172684" lon="2.738266"></trkpt>
    <trkpt lat="42.172902" lon="2.738155"></trkpt>
    <trkpt lat="42.173523" lon="2.737842"></trkpt>
    <trkpt lat="42.173811" lon="2.737705"></trkpt>
    <trkpt lat="42.174001" lon="2.737624"></trkpt>
    <trkpt lat="42.174173" lon="2.737570"></trkpt>
    <trkpt lat="42.174296" lon="2.737543"></trkpt>
    <trkpt lat="42.174502" lon="2.737512"></trkpt>
    <trkpt lat="42.174601" lon="2.737507"></trkpt>
    <trkpt lat="42.174761" lon="2.737514"></trkpt>
    <trkpt lat="42.174945" lon="2.737542"></trkpt>
    <trkpt lat="42.175137" lon="2.737605"></trkpt>
    <trkpt lat="42.175334" lon="2.737704"></trkpt>
    <trkpt lat="42.175509" lon="2.737824"></trkpt>
    <trkpt lat="42.175598" lon="2.737898"></trkpt>
    <trkpt lat="42.175684" lon="2.737980"></trkpt>
    <trkpt lat="42.175802" lon="2.738119"></trkpt>
    <trkpt lat="42.175867" lon="2.738207"></trkpt>
    <trkpt lat="42.175954" lon="2.738334"></trkpt>
    <trkpt lat="42.176034" lon="2.738458"></trkpt>
    <trkpt lat="42.176097" lon="2.738575"></trkpt>
    <trkpt lat="42.176174" lon="2.738735"></trkpt>
    <trkpt lat="42.176223" lon="2.738845"></trkpt>
    <trkpt lat="42.176308" lon="2.739050"></trkpt>
    <trkpt lat="42.176475" lon="2.739508"></trkpt>
    <trkpt lat="42.176719" lon="2.740237"></trkpt>
    <trkpt lat="42.176917" lon="2.740745"></trkpt>
    <trkpt lat="42.177138" lon="2.741433"></trkpt>
    <trkpt lat="42.177154" lon="2.741464"></trkpt>
    <trkpt lat="42.177280" lon="2.741710"></trkpt>
    <trkpt lat="42.177464" lon="2.742027"></trkpt>
    <trkpt lat="42.177639" lon="2.742298"></trkpt>
    <trkpt lat="42.177872" lon="2.742643"></trkpt>
    <trkpt lat="42.178199" lon="2.743113"></trkpt>
    <trkpt lat="42.178324" lon="2.743286"></trkpt>
    <trkpt lat="42.178398" lon="2.743389"></trkpt>
    <trkpt lat="42.178418" lon="2.743416"></trkpt>
    <trkpt lat="42.178510" lon="2.743538"></trkpt>
    <trkpt lat="42.178692" lon="2.743737"></trkpt>
    <trkpt lat="42.178794" lon="2.743849"></trkpt>
    <trkpt lat="42.179063" lon="2.744058"></trkpt>
    <trkpt lat="42.179208" lon="2.744138"></trkpt>
    <trkpt lat="42.179350" lon="2.744194"></trkpt>
    <trkpt lat="42.179472" lon="2.744225"></trkpt>
    <trkpt lat="42.179648" lon="2.744253"></trkpt>
    <trkpt lat="42.179783" lon="2.744264"></trkpt>
    <trkpt lat="42.179901" lon="2.744258"></trkpt>
    <trkpt lat="42.180055" lon="2.744240"></trkpt>
    <trkpt lat="42.180198" lon="2.744199"></trkpt>
    <trkpt lat="42.180365" lon="2.744155"></trkpt>
    <trkpt lat="42.180451" lon="2.744116"></trkpt>
    <trkpt lat="42.180611" lon="2.744035"></trkpt>
    <trkpt lat="42.180769" lon="2.743925"></trkpt>
    <trkpt lat="42.180939" lon="2.743764"></trkpt>
    <trkpt lat="42.181021" lon="2.743669"></trkpt>
    <trkpt lat="42.181043" lon="2.743638"></trkpt>
    <trkpt lat="42.181115" lon="2.743539"></trkpt>
    <trkpt lat="42.181197" lon="2.743412"></trkpt>
    <trkpt lat="42.181262" lon="2.743315"></trkpt>
    <trkpt lat="42.181308" lon="2.743240"></trkpt>
    <trkpt lat="42.181366" lon="2.743125"></trkpt>
    <trkpt lat="42.181444" lon="2.742954"></trkpt>
    <trkpt lat="42.181501" lon="2.742803"></trkpt>
    <trkpt lat="42.181533" lon="2.742696"></trkpt>
    <trkpt lat="42.181560" lon="2.742594"></trkpt>
    <trkpt lat="42.181588" lon="2.742479"></trkpt>
    <trkpt lat="42.181613" lon="2.742345"></trkpt>
    <trkpt lat="42.181678" lon="2.741899"></trkpt>
    <trkpt lat="42.181795" lon="2.740808"></trkpt>
    <trkpt lat="42.181832" lon="2.740455"></trkpt>
    <trkpt lat="42.181871" lon="2.740175"></trkpt>
    <trkpt lat="42.181952" lon="2.739744"></trkpt>
    <trkpt lat="42.182037" lon="2.739376"></trkpt>
    <trkpt lat="42.182157" lon="2.738988"></trkpt>
    <trkpt lat="42.182301" lon="2.738625"></trkpt>
    <trkpt lat="42.182509" lon="2.738211"></trkpt>
    <trkpt lat="42.182605" lon="2.738040"></trkpt>
    <trkpt lat="42.182761" lon="2.737815"></trkpt>
    <trkpt lat="42.182978" lon="2.737540"></trkpt>
    <trkpt lat="42.183145" lon="2.737366"></trkpt>
    <trkpt lat="42.183272" lon="2.737246"></trkpt>
    <trkpt lat="42.183465" lon="2.737084"></trkpt>
    <trkpt lat="42.183711" lon="2.736913"></trkpt>
    <trkpt lat="42.184087" lon="2.736711"></trkpt>
    <trkpt lat="42.184338" lon="2.736600"></trkpt>
    <trkpt lat="42.184375" lon="2.736583"></trkpt>
    <trkpt lat="42.184520" lon="2.736529"></trkpt>
    <trkpt lat="42.184678" lon="2.736482"></trkpt>
    <trkpt lat="42.184877" lon="2.736428"></trkpt>
    <trkpt lat="42.185178" lon="2.736352"></trkpt>
    <trkpt lat="42.185499" lon="2.736278"></trkpt>
    <trkpt lat="42.186026" lon="2.736168"></trkpt>
    <trkpt lat="42.186190" lon="2.736133"></trkpt>
    <trkpt lat="42.186526" lon="2.736057"></trkpt>
    <trkpt lat="42.186724" lon="2.735995"></trkpt>
    <trkpt lat="42.186829" lon="2.735957"></trkpt>
    <trkpt lat="42.186977" lon="2.735885"></trkpt>
    <trkpt lat="42.187067" lon="2.735842"></trkpt>
    <trkpt lat="42.187239" lon="2.735745"></trkpt>
    <trkpt lat="42.187390" lon="2.735634"></trkpt>
    <trkpt lat="42.187539" lon="2.735510"></trkpt>
    <trkpt lat="42.187653" lon="2.735408"></trkpt>
    <trkpt lat="42.187776" lon="2.735253"></trkpt>
    <trkpt lat="42.187960" lon="2.735024"></trkpt>
    <trkpt lat="42.188086" lon="2.734843"></trkpt>
    <trkpt lat="42.188444" lon="2.734348"></trkpt>
    <trkpt lat="42.188677" lon="2.734004"></trkpt>
    <trkpt lat="42.189187" lon="2.733281"></trkpt>
    <trkpt lat="42.189935" lon="2.732183"></trkpt>
    <trkpt lat="42.190033" lon="2.732090"></trkpt>
    <trkpt lat="42.190095" lon="2.732061"></trkpt>
    <trkpt lat="42.190180" lon="2.732049"></trkpt>
    <trkpt lat="42.190240" lon="2.732066"></trkpt>
    <trkpt lat="42.190300" lon="2.732063"></trkpt>
    <trkpt lat="42.190358" lon="2.732043"></trkpt>
    <trkpt lat="42.190412" lon="2.732004"></trkpt>
    <trkpt lat="42.190457" lon="2.731950"></trkpt>
    <trkpt lat="42.190492" lon="2.731884"></trkpt>
    <trkpt lat="42.190515" lon="2.731809"></trkpt>
    <trkpt lat="42.190525" lon="2.731728"></trkpt>
    <trkpt lat="42.190520" lon="2.731647"></trkpt>
    <trkpt lat="42.190502" lon="2.731569"></trkpt>
    <trkpt lat="42.190474" lon="2.731503"></trkpt>
    <trkpt lat="42.190435" lon="2.731447"></trkpt>
    <trkpt lat="42.190389" lon="2.731403"></trkpt>
    <trkpt lat="42.190337" lon="2.731373"></trkpt>
    <trkpt lat="42.190321" lon="2.731355"></trkpt>
    <trkpt lat="42.190250" lon="2.731263"></trkpt>
    <trkpt lat="42.190224" lon="2.731191"></trkpt>
    <trkpt lat="42.190209" lon="2.731118"></trkpt>
    <trkpt lat="42.190203" lon="2.731027"></trkpt>
    <trkpt lat="42.190211" lon="2.730991"></trkpt>
    <trkpt lat="42.190250" lon="2.730888"></trkpt>
    <trkpt lat="42.190306" lon="2.730798"></trkpt>
    <trkpt lat="42.190403" lon="2.730699"></trkpt>
    <trkpt lat="42.190504" lon="2.730623"></trkpt>
    <trkpt lat="42.190637" lon="2.730556"></trkpt>
    <trkpt lat="42.190803" lon="2.730486"></trkpt>
    <trkpt lat="42.190940" lon="2.730422"></trkpt>
    <trkpt lat="42.191096" lon="2.730336"></trkpt>
    <trkpt lat="42.191256" lon="2.730215"></trkpt>
    <trkpt lat="42.191345" lon="2.730117"></trkpt>
    <trkpt lat="42.191817" lon="2.729466"></trkpt>
    <trkpt lat="42.192268" lon="2.728701"></trkpt>
    <trkpt lat="42.192736" lon="2.727814"></trkpt>
    <trkpt lat="42.192978" lon="2.727337"></trkpt>
    <trkpt lat="42.193235" lon="2.726740"></trkpt>
    <trkpt lat="42.193395" lon="2.726316"></trkpt>
    <trkpt lat="42.193542" lon="2.725869"></trkpt>
    <trkpt lat="42.193655" lon="2.725494"></trkpt>
    <trkpt lat="42.193781" lon="2.724948"></trkpt>
    <trkpt lat="42.193868" lon="2.724510"></trkpt>
    <trkpt lat="42.193938" lon="2.724064"></trkpt>
    <trkpt lat="42.194053" lon="2.723076"></trkpt>
    <trkpt lat="42.194105" lon="2.722600"></trkpt>
    <trkpt lat="42.194214" lon="2.721780"></trkpt>
    <trkpt lat="42.194308" lon="2.721161"></trkpt>
    <trkpt lat="42.194317" lon="2.721096"></trkpt>
    <trkpt lat="42.194438" lon="2.720491"></trkpt>
    <trkpt lat="42.194578" lon="2.719866"></trkpt>
    <trkpt lat="42.194637" lon="2.719630"></trkpt>
    <trkpt lat="42.194727" lon="2.719282"></trkpt>
    <trkpt lat="42.194842" lon="2.718875"></trkpt>
    <trkpt lat="42.194946" lon="2.718521"></trkpt>
    <trkpt lat="42.195233" lon="2.717601"></trkpt>
    <trkpt lat="42.195242" lon="2.717571"></trkpt>
    <trkpt lat="42.195679" lon="2.716155"></trkpt>
    <trkpt lat="42.195954" lon="2.715262"></trkpt>
    <trkpt lat="42.196053" lon="2.714940"></trkpt>
    <trkpt lat="42.197097" lon="2.711608"></trkpt>
    <trkpt lat="42.197619" lon="2.709934"></trkpt>
    <trkpt lat="42.197664" lon="2.709792"></trkpt>
    <trkpt lat="42.197954" lon="2.708825"></trkpt>
    <trkpt lat="42.198026" lon="2.708589"></trkpt>
    <trkpt lat="42.198174" lon="2.708138"></trkpt>
    <trkpt lat="42.198281" lon="2.707752"></trkpt>
    <trkpt lat="42.198312" lon="2.707618"></trkpt>
    <trkpt lat="42.198371" lon="2.707340"></trkpt>
    <trkpt lat="42.198421" lon="2.707078"></trkpt>
    <trkpt lat="42.198454" lon="2.706808"></trkpt>
    <trkpt lat="42.198497" lon="2.706409"></trkpt>
    <trkpt lat="42.198525" lon="2.705982"></trkpt>
    <trkpt lat="42.198526" lon="2.705954"></trkpt>
    <trkpt lat="42.198536" lon="2.705809"></trkpt>
    <trkpt lat="42.198578" lon="2.705167"></trkpt>
    <trkpt lat="42.198631" lon="2.704356"></trkpt>
    <trkpt lat="42.198647" lon="2.704157"></trkpt>
    <trkpt lat="42.198670" lon="2.704023"></trkpt>
    <trkpt lat="42.198685" lon="2.703961"></trkpt>
    <trkpt lat="42.198725" lon="2.703874"></trkpt>
    <trkpt lat="42.198751" lon="2.703858"></trkpt>
    <trkpt lat="42.198775" lon="2.703837"></trkpt>
    <trkpt lat="42.198788" lon="2.703819"></trkpt>
    <trkpt lat="42.198801" lon="2.703800"></trkpt>
    <trkpt lat="42.198814" lon="2.703766"></trkpt>
    <trkpt lat="42.198824" lon="2.703739"></trkpt>
    <trkpt lat="42.198828" lon="2.703706"></trkpt>
    <trkpt lat="42.198832" lon="2.703671"></trkpt>
    <trkpt lat="42.198827" lon="2.703635"></trkpt>
    <trkpt lat="42.198822" lon="2.703599"></trkpt>
    <trkpt lat="42.198809" lon="2.703563"></trkpt>
    <trkpt lat="42.198792" lon="2.703531"></trkpt>
    <trkpt lat="42.198777" lon="2.703445"></trkpt>
    <trkpt lat="42.198772" lon="2.703373"></trkpt>
    <trkpt lat="42.198772" lon="2.703288"></trkpt>
    <trkpt lat="42.198778" lon="2.703182"></trkpt>
    <trkpt lat="42.198795" lon="2.703144"></trkpt>
    <trkpt lat="42.198873" lon="2.702970"></trkpt>
    <trkpt lat="42.199019" lon="2.702817"></trkpt>
    <trkpt lat="42.200317" lon="2.701730"></trkpt>
    <trkpt lat="42.200365" lon="2.701673"></trkpt>
    <trkpt lat="42.200429" lon="2.701575"></trkpt>
    <trkpt lat="42.200446" lon="2.701537"></trkpt>
    <trkpt lat="42.200507" lon="2.701395"></trkpt>
    <trkpt lat="42.200521" lon="2.701333"></trkpt>
    <trkpt lat="42.200541" lon="2.701205"></trkpt>
    <trkpt lat="42.200544" lon="2.701126"></trkpt>
    <trkpt lat="42.200543" lon="2.701064"></trkpt>
    <trkpt lat="42.200537" lon="2.700976"></trkpt>
    <trkpt lat="42.200435" lon="2.699975"></trkpt>
    <trkpt lat="42.200430" lon="2.699804"></trkpt>
    <trkpt lat="42.200479" lon="2.699191"></trkpt>
    <trkpt lat="42.200499" lon="2.699160"></trkpt>
    <trkpt lat="42.200503" lon="2.699140"></trkpt>
    <trkpt lat="42.200513" lon="2.699035"></trkpt>
    <trkpt lat="42.200506" lon="2.698912"></trkpt>
    <trkpt lat="42.200489" lon="2.698825"></trkpt>
    <trkpt lat="42.200475" lon="2.698768"></trkpt>
    <trkpt lat="42.200405" lon="2.698505"></trkpt>
    <trkpt lat="42.200362" lon="2.698227"></trkpt>
    <trkpt lat="42.200355" lon="2.698178"></trkpt>
    <trkpt lat="42.200349" lon="2.698142"></trkpt>
    <trkpt lat="42.200310" lon="2.697847"></trkpt>
    <trkpt lat="42.200242" lon="2.697338"></trkpt>
    <trkpt lat="42.200237" lon="2.697270"></trkpt>
    <trkpt lat="42.200234" lon="2.697156"></trkpt>
    <trkpt lat="42.200187" lon="2.697159"></trkpt>
    <trkpt lat="42.200143" lon="2.697162"></trkpt>
    <trkpt lat="42.200093" lon="2.697156"></trkpt>
    <trkpt lat="42.199659" lon="2.696876"></trkpt>
    <trkpt lat="42.199639" lon="2.696922"></trkpt>
    <trkpt lat="42.199630" lon="2.696949"></trkpt>
    <trkpt lat="42.199614" lon="2.697052"></trkpt>
    <trkpt lat="42.199597" lon="2.697108"></trkpt>
    <trkpt lat="42.199578" lon="2.697165"></trkpt>
    <trkpt lat="42.199532" lon="2.697275"></trkpt>
    <trkpt lat="42.199465" lon="2.697397"></trkpt>
    <trkpt lat="42.199403" lon="2.697495"></trkpt>
    <trkpt lat="42.199378" lon="2.697552"></trkpt>
    <trkpt lat="42.199312" lon="2.697782"></trkpt>
    <trkpt lat="42.199287" lon="2.697848"></trkpt>
    <trkpt lat="42.199267" lon="2.697895"></trkpt>
    <trkpt lat="42.199428" lon="2.698122"></trkpt>
    <trkpt lat="42.199504" lon="2.698235"></trkpt>
    <trkpt lat="42.199602" lon="2.698096"></trkpt>
    <trkpt lat="42.199704" lon="2.698181"></trkpt>
    <trkpt lat="42.199730" lon="2.698209"></trkpt>
    <trkpt lat="42.199759" lon="2.698247"></trkpt>
    <trkpt lat="42.199867" lon="2.698435"></trkpt>
    <trkpt lat="42.199867" lon="2.698435"></trkpt>
    <trkpt lat="42.199759" lon="2.698247"></trkpt>
    <trkpt lat="42.199730" lon="2.698209"></trkpt>
    <trkpt lat="42.199704" lon="2.698181"></trkpt>
    <trkpt lat="42.199602" lon="2.698096"></trkpt>
    <trkpt lat="42.199504" lon="2.698235"></trkpt>
    <trkpt lat="42.199428" lon="2.698122"></trkpt>
    <trkpt lat="42.199267" lon="2.697895"></trkpt>
    <trkpt lat="42.199287" lon="2.697848"></trkpt>
    <trkpt lat="42.199312" lon="2.697782"></trkpt>
    <trkpt lat="42.199378" lon="2.697552"></trkpt>
    <trkpt lat="42.199403" lon="2.697495"></trkpt>
    <trkpt lat="42.199465" lon="2.697397"></trkpt>
    <trkpt lat="42.199532" lon="2.697275"></trkpt>
    <trkpt lat="42.199578" lon="2.697165"></trkpt>
    <trkpt lat="42.199597" lon="2.697108"></trkpt>
    <trkpt lat="42.199614" lon="2.697052"></trkpt>
    <trkpt lat="42.199630" lon="2.696949"></trkpt>
    <trkpt lat="42.199639" lon="2.696922"></trkpt>
    <trkpt lat="42.199659" lon="2.696876"></trkpt>
    <trkpt lat="42.199686" lon="2.696816"></trkpt>
    <trkpt lat="42.199722" lon="2.696740"></trkpt>
    <trkpt lat="42.199801" lon="2.696608"></trkpt>
    <trkpt lat="42.199967" lon="2.696381"></trkpt>
    <trkpt lat="42.200009" lon="2.696310"></trkpt>
    <trkpt lat="42.200037" lon="2.696242"></trkpt>
    <trkpt lat="42.200060" lon="2.696184"></trkpt>
    <trkpt lat="42.200074" lon="2.696119"></trkpt>
    <trkpt lat="42.200085" lon="2.696025"></trkpt>
    <trkpt lat="42.200087" lon="2.695547"></trkpt>
    <trkpt lat="42.200093" lon="2.695516"></trkpt>
    <trkpt lat="42.200102" lon="2.695488"></trkpt>
    <trkpt lat="42.200119" lon="2.695459"></trkpt>
    <trkpt lat="42.200141" lon="2.695441"></trkpt>
    <trkpt lat="42.200173" lon="2.695404"></trkpt>
    <trkpt lat="42.200180" lon="2.695418"></trkpt>
    <trkpt lat="42.200189" lon="2.695430"></trkpt>
    <trkpt lat="42.200200" lon="2.695441"></trkpt>
    <trkpt lat="42.200211" lon="2.695449"></trkpt>
    <trkpt lat="42.200223" lon="2.695455"></trkpt>
    <trkpt lat="42.200236" lon="2.695458"></trkpt>
    <trkpt lat="42.200249" lon="2.695459"></trkpt>
    <trkpt lat="42.200262" lon="2.695457"></trkpt>
    <trkpt lat="42.200275" lon="2.695452"></trkpt>
    <trkpt lat="42.200287" lon="2.695445"></trkpt>
    <trkpt lat="42.200297" lon="2.695435"></trkpt>
    <trkpt lat="42.200307" lon="2.695423"></trkpt>
    <trkpt lat="42.200316" lon="2.695409"></trkpt>
    <trkpt lat="42.200323" lon="2.695392"></trkpt>
    <trkpt lat="42.200328" lon="2.695374"></trkpt>
    <trkpt lat="42.200330" lon="2.695355"></trkpt>
    <trkpt lat="42.200370" lon="2.695294"></trkpt>
    <trkpt lat="42.200421" lon="2.695192"></trkpt>
    <trkpt lat="42.200424" lon="2.695141"></trkpt>
    <trkpt lat="42.200442" lon="2.695110"></trkpt>
    <trkpt lat="42.200481" lon="2.695042"></trkpt>
    <trkpt lat="42.200514" lon="2.694974"></trkpt>
    <trkpt lat="42.200550" lon="2.694917"></trkpt>
    <trkpt lat="42.200583" lon="2.694855"></trkpt>
    <trkpt lat="42.200611" lon="2.694811"></trkpt>
    <trkpt lat="42.200836" lon="2.694417"></trkpt>
    <trkpt lat="42.200973" lon="2.694176"></trkpt>
    <trkpt lat="42.201287" lon="2.693610"></trkpt>
    <trkpt lat="42.201615" lon="2.693054"></trkpt>
    <trkpt lat="42.201877" lon="2.692597"></trkpt>
    <trkpt lat="42.202008" lon="2.692368"></trkpt>
    <trkpt lat="42.202154" lon="2.692119"></trkpt>
    <trkpt lat="42.202388" lon="2.691719"></trkpt>
    <trkpt lat="42.202800" lon="2.691015"></trkpt>
    <trkpt lat="42.203031" lon="2.690620"></trkpt>
    <trkpt lat="42.203306" lon="2.690113"></trkpt>
    <trkpt lat="42.203429" lon="2.689879"></trkpt>
    <trkpt lat="42.203684" lon="2.689451"></trkpt>
    <trkpt lat="42.204060" lon="2.688791"></trkpt>
    <trkpt lat="42.204399" lon="2.688199"></trkpt>
    <trkpt lat="42.204696" lon="2.687674"></trkpt>
    <trkpt lat="42.204809" lon="2.687477"></trkpt>
    <trkpt lat="42.204964" lon="2.687194"></trkpt>
    <trkpt lat="42.205087" lon="2.686913"></trkpt>
    <trkpt lat="42.205148" lon="2.686663"></trkpt>
    <trkpt lat="42.205184" lon="2.686393"></trkpt>
    <trkpt lat="42.205181" lon="2.686137"></trkpt>
    <trkpt lat="42.205178" lon="2.686078"></trkpt>
    <trkpt lat="42.205148" lon="2.685816"></trkpt>
    <trkpt lat="42.205065" lon="2.685186"></trkpt>
    <trkpt lat="42.205061" lon="2.684978"></trkpt>
    <trkpt lat="42.205096" lon="2.684655"></trkpt>
    <trkpt lat="42.205133" lon="2.684476"></trkpt>
    <trkpt lat="42.205246" lon="2.684148"></trkpt>
    <trkpt lat="42.205436" lon="2.683829"></trkpt>
    <trkpt lat="42.205758" lon="2.683506"></trkpt>
    <trkpt lat="42.205964" lon="2.683334"></trkpt>
    <trkpt lat="42.206475" lon="2.682875"></trkpt>
    <trkpt lat="42.206581" lon="2.682759"></trkpt>
    <trkpt lat="42.206690" lon="2.682631"></trkpt>
    <trkpt lat="42.206957" lon="2.682171"></trkpt>
    <trkpt lat="42.207147" lon="2.681694"></trkpt>
    <trkpt lat="42.207254" lon="2.681248"></trkpt>
    <trkpt lat="42.207344" lon="2.680749"></trkpt>
    <trkpt lat="42.207368" lon="2.680222"></trkpt>
    <trkpt lat="42.207426" lon="2.680051"></trkpt>
    <trkpt lat="42.207477" lon="2.679953"></trkpt>
    <trkpt lat="42.207512" lon="2.679890"></trkpt>
    <trkpt lat="42.207536" lon="2.679870"></trkpt>
    <trkpt lat="42.207558" lon="2.679846"></trkpt>
    <trkpt lat="42.207577" lon="2.679818"></trkpt>
    <trkpt lat="42.207593" lon="2.679787"></trkpt>
    <trkpt lat="42.207605" lon="2.679753"></trkpt>
    <trkpt lat="42.207613" lon="2.679716"></trkpt>
    <trkpt lat="42.207618" lon="2.679679"></trkpt>
    <trkpt lat="42.207619" lon="2.679641"></trkpt>
    <trkpt lat="42.207615" lon="2.679603"></trkpt>
    <trkpt lat="42.207607" lon="2.679566"></trkpt>
    <trkpt lat="42.207596" lon="2.679532"></trkpt>
    <trkpt lat="42.207581" lon="2.679499"></trkpt>
    <trkpt lat="42.207563" lon="2.679470"></trkpt>
    <trkpt lat="42.207542" lon="2.679445"></trkpt>
    <trkpt lat="42.207518" lon="2.679424"></trkpt>
    <trkpt lat="42.207492" lon="2.679408"></trkpt>
    <trkpt lat="42.207470" lon="2.679399"></trkpt>
    <trkpt lat="42.207446" lon="2.679393"></trkpt>
    <trkpt lat="42.207387" lon="2.679321"></trkpt>
    <trkpt lat="42.207364" lon="2.679260"></trkpt>
    <trkpt lat="42.207354" lon="2.679192"></trkpt>
    <trkpt lat="42.207354" lon="2.679101"></trkpt>
    <trkpt lat="42.207407" lon="2.678515"></trkpt>
    <trkpt lat="42.207467" lon="2.678089"></trkpt>
    <trkpt lat="42.207555" lon="2.677641"></trkpt>
    <trkpt lat="42.207725" lon="2.676925"></trkpt>
    <trkpt lat="42.207931" lon="2.676237"></trkpt>
    <trkpt lat="42.208298" lon="2.675222"></trkpt>
    <trkpt lat="42.208799" lon="2.674240"></trkpt>
    <trkpt lat="42.209415" lon="2.673094"></trkpt>
    <trkpt lat="42.210354" lon="2.671308"></trkpt>
    <trkpt lat="42.210773" lon="2.670295"></trkpt>
    <trkpt lat="42.211091" lon="2.669179"></trkpt>
    <trkpt lat="42.211265" lon="2.668357"></trkpt>
    <trkpt lat="42.211460" lon="2.667161"></trkpt>
    <trkpt lat="42.211565" lon="2.666672"></trkpt>
    <trkpt lat="42.211653" lon="2.666327"></trkpt>
    <trkpt lat="42.211745" lon="2.665996"></trkpt>
    <trkpt lat="42.211894" lon="2.665506"></trkpt>
    <trkpt lat="42.212054" lon="2.665074"></trkpt>
    <trkpt lat="42.212188" lon="2.664737"></trkpt>
    <trkpt lat="42.212330" lon="2.664384"></trkpt>
    <trkpt lat="42.212610" lon="2.663710"></trkpt>
    <trkpt lat="42.212873" lon="2.663064"></trkpt>
    <trkpt lat="42.213144" lon="2.662429"></trkpt>
    <trkpt lat="42.213471" lon="2.661618"></trkpt>
    <trkpt lat="42.213723" lon="2.660988"></trkpt>
    <trkpt lat="42.214115" lon="2.659967"></trkpt>
    <trkpt lat="42.214429" lon="2.659141"></trkpt>
    <trkpt lat="42.214837" lon="2.657969"></trkpt>
    <trkpt lat="42.215143" lon="2.657058"></trkpt>
    <trkpt lat="42.215210" lon="2.656831"></trkpt>
    <trkpt lat="42.215337" lon="2.656265"></trkpt>
    <trkpt lat="42.215392" lon="2.655962"></trkpt>
    <trkpt lat="42.215437" lon="2.655680"></trkpt>
    <trkpt lat="42.215462" lon="2.655514"></trkpt>
    <trkpt lat="42.215490" lon="2.655285"></trkpt>
    <trkpt lat="42.215541" lon="2.654743"></trkpt>
    <trkpt lat="42.215577" lon="2.653990"></trkpt>
    <trkpt lat="42.215571" lon="2.653565"></trkpt>
    <trkpt lat="42.215562" lon="2.653265"></trkpt>
    <trkpt lat="42.215522" lon="2.652773"></trkpt>
    <trkpt lat="42.215389" lon="2.651562"></trkpt>
    <trkpt lat="42.215354" lon="2.651209"></trkpt>
    <trkpt lat="42.215332" lon="2.650871"></trkpt>
    <trkpt lat="42.215320" lon="2.650551"></trkpt>
    <trkpt lat="42.215326" lon="2.650131"></trkpt>
    <trkpt lat="42.215339" lon="2.649815"></trkpt>
    <trkpt lat="42.215376" lon="2.649380"></trkpt>
    <trkpt lat="42.215422" lon="2.649009"></trkpt>
    <trkpt lat="42.215475" lon="2.648695"></trkpt>
    <trkpt lat="42.215538" lon="2.648377"></trkpt>
    <trkpt lat="42.215626" lon="2.648002"></trkpt>
    <trkpt lat="42.216061" lon="2.646420"></trkpt>
    <trkpt lat="42.216287" lon="2.645633"></trkpt>
    <trkpt lat="42.216521" lon="2.644768"></trkpt>
    <trkpt lat="42.216636" lon="2.644326"></trkpt>
    <trkpt lat="42.216733" lon="2.643908"></trkpt>
    <trkpt lat="42.216817" lon="2.643471"></trkpt>
    <trkpt lat="42.216880" lon="2.643024"></trkpt>
    <trkpt lat="42.216919" lon="2.642570"></trkpt>
    <trkpt lat="42.216940" lon="2.642141"></trkpt>
    <trkpt lat="42.216952" lon="2.641909"></trkpt>
    <trkpt lat="42.216956" lon="2.641647"></trkpt>
    <trkpt lat="42.216945" lon="2.641198"></trkpt>
    <trkpt lat="42.216922" lon="2.640587"></trkpt>
    <trkpt lat="42.216896" lon="2.640200"></trkpt>
    <trkpt lat="42.216856" lon="2.639809"></trkpt>
    <trkpt lat="42.216802" lon="2.639323"></trkpt>
    <trkpt lat="42.216678" lon="2.638413"></trkpt>
    <trkpt lat="42.216610" lon="2.637813"></trkpt>
    <trkpt lat="42.216574" lon="2.637270"></trkpt>
    <trkpt lat="42.216564" lon="2.637025"></trkpt>
    <trkpt lat="42.216562" lon="2.636667"></trkpt>
    <trkpt lat="42.216567" lon="2.636119"></trkpt>
    <trkpt lat="42.216627" lon="2.634723"></trkpt>
    <trkpt lat="42.216641" lon="2.634265"></trkpt>
    <trkpt lat="42.216623" lon="2.633527"></trkpt>
    <trkpt lat="42.216586" lon="2.633015"></trkpt>
    <trkpt lat="42.216554" lon="2.632699"></trkpt>
    <trkpt lat="42.216522" lon="2.632413"></trkpt>
    <trkpt lat="42.216436" lon="2.631943"></trkpt>
    <trkpt lat="42.216357" lon="2.631575"></trkpt>
    <trkpt lat="42.216261" lon="2.631178"></trkpt>
    <trkpt lat="42.216139" lon="2.630762"></trkpt>
    <trkpt lat="42.215987" lon="2.630315"></trkpt>
    <trkpt lat="42.215869" lon="2.630014"></trkpt>
    <trkpt lat="42.215739" lon="2.629698"></trkpt>
    <trkpt lat="42.215610" lon="2.629419"></trkpt>
    <trkpt lat="42.215332" lon="2.628899"></trkpt>
    <trkpt lat="42.215126" lon="2.628549"></trkpt>
    <trkpt lat="42.214910" lon="2.628223"></trkpt>
    <trkpt lat="42.214418" lon="2.627542"></trkpt>
    <trkpt lat="42.213902" lon="2.626852"></trkpt>
    <trkpt lat="42.213487" lon="2.626193"></trkpt>
    <trkpt lat="42.213235" lon="2.625705"></trkpt>
    <trkpt lat="42.213039" lon="2.625264"></trkpt>
    <trkpt lat="42.212784" lon="2.624594"></trkpt>
    <trkpt lat="42.212651" lon="2.624180"></trkpt>
    <trkpt lat="42.212549" lon="2.623813"></trkpt>
    <trkpt lat="42.212457" lon="2.623369"></trkpt>
    <trkpt lat="42.212380" lon="2.623014"></trkpt>
    <trkpt lat="42.212307" lon="2.622520"></trkpt>
    <trkpt lat="42.212262" lon="2.622030"></trkpt>
    <trkpt lat="42.212241" lon="2.621649"></trkpt>
    <trkpt lat="42.212231" lon="2.621249"></trkpt>
    <trkpt lat="42.212240" lon="2.620516"></trkpt>
    <trkpt lat="42.212385" lon="2.619199"></trkpt>
    <trkpt lat="42.212779" lon="2.616572"></trkpt>
    <trkpt lat="42.213207" lon="2.613490"></trkpt>
    <trkpt lat="42.213494" lon="2.611592"></trkpt>
    <trkpt lat="42.213557" lon="2.611145"></trkpt>
    <trkpt lat="42.213697" lon="2.610174"></trkpt>
    <trkpt lat="42.213749" lon="2.609813"></trkpt>
    <trkpt lat="42.213798" lon="2.609513"></trkpt>
    <trkpt lat="42.213854" lon="2.609253"></trkpt>
    <trkpt lat="42.213940" lon="2.608866"></trkpt>
    <trkpt lat="42.214036" lon="2.608490"></trkpt>
    <trkpt lat="42.214179" lon="2.608001"></trkpt>
    <trkpt lat="42.214278" lon="2.607713"></trkpt>
    <trkpt lat="42.214414" lon="2.607332"></trkpt>
    <trkpt lat="42.214528" lon="2.607035"></trkpt>
    <trkpt lat="42.214599" lon="2.606848"></trkpt>
    <trkpt lat="42.214713" lon="2.606579"></trkpt>
    <trkpt lat="42.214949" lon="2.605989"></trkpt>
    <trkpt lat="42.215092" lon="2.605598"></trkpt>
    <trkpt lat="42.215198" lon="2.605281"></trkpt>
    <trkpt lat="42.215336" lon="2.604875"></trkpt>
    <trkpt lat="42.215442" lon="2.604477"></trkpt>
    <trkpt lat="42.215538" lon="2.604050"></trkpt>
    <trkpt lat="42.215596" lon="2.603588"></trkpt>
    <trkpt lat="42.215660" lon="2.603008"></trkpt>
    <trkpt lat="42.215708" lon="2.602472"></trkpt>
    <trkpt lat="42.215748" lon="2.601797"></trkpt>
    <trkpt lat="42.215812" lon="2.600556"></trkpt>
    <trkpt lat="42.215865" lon="2.599798"></trkpt>
    <trkpt lat="42.215909" lon="2.599278"></trkpt>
    <trkpt lat="42.215977" lon="2.598711"></trkpt>
    <trkpt lat="42.216045" lon="2.598292"></trkpt>
    <trkpt lat="42.216067" lon="2.598037"></trkpt>
    <trkpt lat="42.216133" lon="2.597646"></trkpt>
    <trkpt lat="42.216251" lon="2.597017"></trkpt>
    <trkpt lat="42.216341" lon="2.596591"></trkpt>
    <trkpt lat="42.216475" lon="2.595979"></trkpt>
    <trkpt lat="42.217256" lon="2.592677"></trkpt>
    <trkpt lat="42.217898" lon="2.589918"></trkpt>
    <trkpt lat="42.218097" lon="2.589086"></trkpt>
    <trkpt lat="42.218349" lon="2.588069"></trkpt>
    <trkpt lat="42.218556" lon="2.587180"></trkpt>
    <trkpt lat="42.219028" lon="2.585195"></trkpt>
    <trkpt lat="42.219128" lon="2.584736"></trkpt>
    <trkpt lat="42.219280" lon="2.584124"></trkpt>
    <trkpt lat="42.219415" lon="2.583619"></trkpt>
    <trkpt lat="42.219577" lon="2.583042"></trkpt>
    <trkpt lat="42.219809" lon="2.582281"></trkpt>
    <trkpt lat="42.220051" lon="2.581542"></trkpt>
    <trkpt lat="42.220408" lon="2.580571"></trkpt>
    <trkpt lat="42.221141" lon="2.578731"></trkpt>
    <trkpt lat="42.221281" lon="2.578367"></trkpt>
    <trkpt lat="42.221389" lon="2.578084"></trkpt>
    <trkpt lat="42.221482" lon="2.577821"></trkpt>
    <trkpt lat="42.221575" lon="2.577499"></trkpt>
    <trkpt lat="42.221701" lon="2.577002"></trkpt>
    <trkpt lat="42.221770" lon="2.576652"></trkpt>
    <trkpt lat="42.221846" lon="2.576209"></trkpt>
    <trkpt lat="42.221871" lon="2.576023"></trkpt>
    <trkpt lat="42.221901" lon="2.575762"></trkpt>
    <trkpt lat="42.221926" lon="2.575403"></trkpt>
    <trkpt lat="42.221940" lon="2.574952"></trkpt>
    <trkpt lat="42.221934" lon="2.574453"></trkpt>
    <trkpt lat="42.221902" lon="2.574073"></trkpt>
    <trkpt lat="42.221851" lon="2.573616"></trkpt>
    <trkpt lat="42.221732" lon="2.572788"></trkpt>
    <trkpt lat="42.221590" lon="2.572249"></trkpt>
    <trkpt lat="42.221366" lon="2.571562"></trkpt>
    <trkpt lat="42.221110" lon="2.571000"></trkpt>
    <trkpt lat="42.220734" lon="2.570268"></trkpt>
    <trkpt lat="42.220128" lon="2.569221"></trkpt>
    <trkpt lat="42.218714" lon="2.566761"></trkpt>
    <trkpt lat="42.217834" lon="2.565198"></trkpt>
    <trkpt lat="42.217711" lon="2.564979"></trkpt>
    <trkpt lat="42.217432" lon="2.564455"></trkpt>
    <trkpt lat="42.217174" lon="2.563929"></trkpt>
    <trkpt lat="42.217040" lon="2.563651"></trkpt>
    <trkpt lat="42.216027" lon="2.561473"></trkpt>
    <trkpt lat="42.215743" lon="2.560835"></trkpt>
    <trkpt lat="42.215521" lon="2.560336"></trkpt>
    <trkpt lat="42.215302" lon="2.559781"></trkpt>
    <trkpt lat="42.215103" lon="2.559242"></trkpt>
    <trkpt lat="42.214932" lon="2.558721"></trkpt>
    <trkpt lat="42.214796" lon="2.558226"></trkpt>
    <trkpt lat="42.214680" lon="2.557707"></trkpt>
    <trkpt lat="42.214593" lon="2.557198"></trkpt>
    <trkpt lat="42.214529" lon="2.556742"></trkpt>
    <trkpt lat="42.214484" lon="2.556302"></trkpt>
    <trkpt lat="42.214473" lon="2.556050"></trkpt>
    <trkpt lat="42.214468" lon="2.555958"></trkpt>
    <trkpt lat="42.214467" lon="2.555886"></trkpt>
    <trkpt lat="42.214464" lon="2.555776"></trkpt>
    <trkpt lat="42.214459" lon="2.555599"></trkpt>
    <trkpt lat="42.214467" lon="2.555162"></trkpt>
    <trkpt lat="42.214488" lon="2.554586"></trkpt>
    <trkpt lat="42.214517" lon="2.554228"></trkpt>
    <trkpt lat="42.214564" lon="2.553762"></trkpt>
    <trkpt lat="42.214628" lon="2.553228"></trkpt>
    <trkpt lat="42.214694" lon="2.552746"></trkpt>
    <trkpt lat="42.214770" lon="2.552251"></trkpt>
    <trkpt lat="42.215240" lon="2.549462"></trkpt>
    <trkpt lat="42.215328" lon="2.548894"></trkpt>
    <trkpt lat="42.215396" lon="2.548381"></trkpt>
    <trkpt lat="42.215441" lon="2.547949"></trkpt>
    <trkpt lat="42.215468" lon="2.547541"></trkpt>
    <trkpt lat="42.215479" lon="2.547112"></trkpt>
    <trkpt lat="42.215475" lon="2.546617"></trkpt>
    <trkpt lat="42.215462" lon="2.546252"></trkpt>
    <trkpt lat="42.215438" lon="2.545846"></trkpt>
    <trkpt lat="42.215402" lon="2.545450"></trkpt>
    <trkpt lat="42.215356" lon="2.545077"></trkpt>
    <trkpt lat="42.215293" lon="2.544711"></trkpt>
    <trkpt lat="42.215211" lon="2.544347"></trkpt>
    <trkpt lat="42.215120" lon="2.543991"></trkpt>
    <trkpt lat="42.215021" lon="2.543655"></trkpt>
    <trkpt lat="42.214929" lon="2.543374"></trkpt>
    <trkpt lat="42.214908" lon="2.543318"></trkpt>
    <trkpt lat="42.214842" lon="2.543147"></trkpt>
    <trkpt lat="42.214772" lon="2.542979"></trkpt>
    <trkpt lat="42.214707" lon="2.542823"></trkpt>
    <trkpt lat="42.214635" lon="2.542680"></trkpt>
    <trkpt lat="42.214540" lon="2.542494"></trkpt>
    <trkpt lat="42.214424" lon="2.542276"></trkpt>
    <trkpt lat="42.214318" lon="2.542095"></trkpt>
    <trkpt lat="42.214179" lon="2.541856"></trkpt>
    <trkpt lat="42.214033" lon="2.541643"></trkpt>
    <trkpt lat="42.213821" lon="2.541350"></trkpt>
    <trkpt lat="42.213687" lon="2.541176"></trkpt>
    <trkpt lat="42.213544" lon="2.541001"></trkpt>
    <trkpt lat="42.213404" lon="2.540839"></trkpt>
    <trkpt lat="42.213336" lon="2.540766"></trkpt>
    <trkpt lat="42.213207" lon="2.540627"></trkpt>
    <trkpt lat="42.212931" lon="2.540363"></trkpt>
    <trkpt lat="42.212619" lon="2.540101"></trkpt>
    <trkpt lat="42.212271" lon="2.539851"></trkpt>
    <trkpt lat="42.211981" lon="2.539666"></trkpt>
    <trkpt lat="42.211632" lon="2.539474"></trkpt>
    <trkpt lat="42.211231" lon="2.539296"></trkpt>
    <trkpt lat="42.210807" lon="2.539159"></trkpt>
    <trkpt lat="42.209916" lon="2.538926"></trkpt>
    <trkpt lat="42.209459" lon="2.538815"></trkpt>
    <trkpt lat="42.208986" lon="2.538706"></trkpt>
    <trkpt lat="42.206764" lon="2.538194"></trkpt>
    <trkpt lat="42.206534" lon="2.538143"></trkpt>
    <trkpt lat="42.205616" lon="2.537937"></trkpt>
    <trkpt lat="42.205189" lon="2.537836"></trkpt>
    <trkpt lat="42.204882" lon="2.537759"></trkpt>
    <trkpt lat="42.204579" lon="2.537672"></trkpt>
    <trkpt lat="42.204270" lon="2.537562"></trkpt>
    <trkpt lat="42.203994" lon="2.537443"></trkpt>
    <trkpt lat="42.203704" lon="2.537294"></trkpt>
    <trkpt lat="42.203434" lon="2.537132"></trkpt>
    <trkpt lat="42.203162" lon="2.536935"></trkpt>
    <trkpt lat="42.202899" lon="2.536718"></trkpt>
    <trkpt lat="42.202660" lon="2.536499"></trkpt>
    <trkpt lat="42.202368" lon="2.536198"></trkpt>
    <trkpt lat="42.202149" lon="2.535942"></trkpt>
    <trkpt lat="42.201937" lon="2.535658"></trkpt>
    <trkpt lat="42.201770" lon="2.535409"></trkpt>
    <trkpt lat="42.201497" lon="2.534985"></trkpt>
    <trkpt lat="42.201024" lon="2.534191"></trkpt>
    <trkpt lat="42.199569" lon="2.531742"></trkpt>
    <trkpt lat="42.199125" lon="2.530995"></trkpt>
    <trkpt lat="42.198548" lon="2.530058"></trkpt>
    <trkpt lat="42.198293" lon="2.529692"></trkpt>
    <trkpt lat="42.198081" lon="2.529390"></trkpt>
    <trkpt lat="42.197666" lon="2.528878"></trkpt>
    <trkpt lat="42.197258" lon="2.528440"></trkpt>
    <trkpt lat="42.196917" lon="2.528121"></trkpt>
    <trkpt lat="42.196688" lon="2.527943"></trkpt>
    <trkpt lat="42.196070" lon="2.527426"></trkpt>
    <trkpt lat="42.195680" lon="2.527093"></trkpt>
    <trkpt lat="42.195354" lon="2.526799"></trkpt>
    <trkpt lat="42.195083" lon="2.526535"></trkpt>
    <trkpt lat="42.194842" lon="2.526279"></trkpt>
    <trkpt lat="42.194642" lon="2.526045"></trkpt>
    <trkpt lat="42.194480" lon="2.525848"></trkpt>
    <trkpt lat="42.194298" lon="2.525599"></trkpt>
    <trkpt lat="42.194149" lon="2.525386"></trkpt>
    <trkpt lat="42.193991" lon="2.525144"></trkpt>
    <trkpt lat="42.193789" lon="2.524810"></trkpt>
    <trkpt lat="42.193615" lon="2.524483"></trkpt>
    <trkpt lat="42.193470" lon="2.524185"></trkpt>
    <trkpt lat="42.193320" lon="2.523856"></trkpt>
    <trkpt lat="42.193215" lon="2.523601"></trkpt>
    <trkpt lat="42.193110" lon="2.523318"></trkpt>
    <trkpt lat="42.193001" lon="2.523012"></trkpt>
    <trkpt lat="42.192908" lon="2.522715"></trkpt>
    <trkpt lat="42.192815" lon="2.522397"></trkpt>
    <trkpt lat="42.192735" lon="2.522061"></trkpt>
    <trkpt lat="42.192640" lon="2.521625"></trkpt>
    <trkpt lat="42.192573" lon="2.521248"></trkpt>
    <trkpt lat="42.192519" lon="2.520878"></trkpt>
    <trkpt lat="42.192467" lon="2.520394"></trkpt>
    <trkpt lat="42.192442" lon="2.520031"></trkpt>
    <trkpt lat="42.192428" lon="2.519549"></trkpt>
    <trkpt lat="42.192432" lon="2.519090"></trkpt>
    <trkpt lat="42.192453" lon="2.518575"></trkpt>
    <trkpt lat="42.192471" lon="2.518267"></trkpt>
    <trkpt lat="42.192525" lon="2.517819"></trkpt>
    <trkpt lat="42.192602" lon="2.517273"></trkpt>
    <trkpt lat="42.192721" lon="2.516667"></trkpt>
    <trkpt lat="42.192913" lon="2.515744"></trkpt>
    <trkpt lat="42.193573" lon="2.512711"></trkpt>
    <trkpt lat="42.193753" lon="2.511898"></trkpt>
    <trkpt lat="42.194060" lon="2.510468"></trkpt>
    <trkpt lat="42.194215" lon="2.509679"></trkpt>
    <trkpt lat="42.194270" lon="2.509348"></trkpt>
    <trkpt lat="42.194315" lon="2.509070"></trkpt>
    <trkpt lat="42.194348" lon="2.508836"></trkpt>
    <trkpt lat="42.194375" lon="2.508627"></trkpt>
    <trkpt lat="42.194397" lon="2.508429"></trkpt>
    <trkpt lat="42.194442" lon="2.507993"></trkpt>
    <trkpt lat="42.194475" lon="2.507556"></trkpt>
    <trkpt lat="42.194508" lon="2.506845"></trkpt>
    <trkpt lat="42.194528" lon="2.506301"></trkpt>
    <trkpt lat="42.194544" lon="2.505651"></trkpt>
    <trkpt lat="42.194563" lon="2.505252"></trkpt>
    <trkpt lat="42.194588" lon="2.504914"></trkpt>
    <trkpt lat="42.194634" lon="2.504492"></trkpt>
    <trkpt lat="42.194726" lon="2.503912"></trkpt>
    <trkpt lat="42.194811" lon="2.503546"></trkpt>
    <trkpt lat="42.194890" lon="2.503227"></trkpt>
    <trkpt lat="42.194974" lon="2.502947"></trkpt>
    <trkpt lat="42.195238" lon="2.502206"></trkpt>
    <trkpt lat="42.195319" lon="2.502059"></trkpt>
    <trkpt lat="42.195412" lon="2.501848"></trkpt>
    <trkpt lat="42.195550" lon="2.501561"></trkpt>
    <trkpt lat="42.195665" lon="2.501356"></trkpt>
    <trkpt lat="42.195946" lon="2.500920"></trkpt>
    <trkpt lat="42.196192" lon="2.500530"></trkpt>
    <trkpt lat="42.196293" lon="2.500340"></trkpt>
    <trkpt lat="42.196412" lon="2.500122"></trkpt>
    <trkpt lat="42.196485" lon="2.499995"></trkpt>
    <trkpt lat="42.196532" lon="2.499929"></trkpt>
    <trkpt lat="42.196580" lon="2.499857"></trkpt>
    <trkpt lat="42.196696" lon="2.499733"></trkpt>
    <trkpt lat="42.196746" lon="2.499695"></trkpt>
    <trkpt lat="42.196799" lon="2.499656"></trkpt>
    <trkpt lat="42.196862" lon="2.499586"></trkpt>
    <trkpt lat="42.196903" lon="2.499516"></trkpt>
    <trkpt lat="42.196934" lon="2.499449"></trkpt>
    <trkpt lat="42.196943" lon="2.499400"></trkpt>
    <trkpt lat="42.196951" lon="2.499340"></trkpt>
    <trkpt lat="42.196951" lon="2.499305"></trkpt>
    <trkpt lat="42.196940" lon="2.499262"></trkpt>
    <trkpt lat="42.196918" lon="2.499197"></trkpt>
    <trkpt lat="42.196894" lon="2.499147"></trkpt>
    <trkpt lat="42.196875" lon="2.499132"></trkpt>
    <trkpt lat="42.196802" lon="2.499091"></trkpt>
    <trkpt lat="42.196754" lon="2.499067"></trkpt>
    <trkpt lat="42.196711" lon="2.499054"></trkpt>
    <trkpt lat="42.196656" lon="2.499042"></trkpt>
    <trkpt lat="42.196601" lon="2.499038"></trkpt>
    <trkpt lat="42.196539" lon="2.499036"></trkpt>
    <trkpt lat="42.196474" lon="2.499046"></trkpt>
    <trkpt lat="42.196414" lon="2.499057"></trkpt>
    <trkpt lat="42.196367" lon="2.499082"></trkpt>
    <trkpt lat="42.196310" lon="2.499126"></trkpt>
    <trkpt lat="42.196257" lon="2.499176"></trkpt>
    <trkpt lat="42.196204" lon="2.499231"></trkpt>
    <trkpt lat="42.196172" lon="2.499284"></trkpt>
    <trkpt lat="42.196044" lon="2.499389"></trkpt>
    <trkpt lat="42.195931" lon="2.499463"></trkpt>
    <trkpt lat="42.195496" lon="2.499635"></trkpt>
    <trkpt lat="42.195019" lon="2.499751"></trkpt>
    <trkpt lat="42.193897" lon="2.500012"></trkpt>
    <trkpt lat="42.193816" lon="2.500029"></trkpt>
    <trkpt lat="42.193574" lon="2.500093"></trkpt>
    <trkpt lat="42.193066" lon="2.500215"></trkpt>
    <trkpt lat="42.192848" lon="2.500267"></trkpt>
    <trkpt lat="42.192705" lon="2.500294"></trkpt>
    <trkpt lat="42.192562" lon="2.500307"></trkpt>
    <trkpt lat="42.192307" lon="2.500304"></trkpt>
    <trkpt lat="42.191737" lon="2.500296"></trkpt>
    <trkpt lat="42.191652" lon="2.500289"></trkpt>
    <trkpt lat="42.191623" lon="2.500285"></trkpt>
    <trkpt lat="42.191557" lon="2.500273"></trkpt>
    <trkpt lat="42.191493" lon="2.500249"></trkpt>
    <trkpt lat="42.191440" lon="2.500224"></trkpt>
    <trkpt lat="42.191363" lon="2.500176"></trkpt>
    <trkpt lat="42.191197" lon="2.500073"></trkpt>
    <trkpt lat="42.190656" lon="2.499692"></trkpt>
    <trkpt lat="42.190432" lon="2.499535"></trkpt>
    <trkpt lat="42.190190" lon="2.499363"></trkpt>
    <trkpt lat="42.189786" lon="2.499080"></trkpt>
    <trkpt lat="42.189508" lon="2.498887"></trkpt>
    <trkpt lat="42.189211" lon="2.498672"></trkpt>
    <trkpt lat="42.189147" lon="2.498633"></trkpt>
    <trkpt lat="42.189079" lon="2.498584"></trkpt>
    <trkpt lat="42.189037" lon="2.498558"></trkpt>
    <trkpt lat="42.189003" lon="2.498539"></trkpt>
    <trkpt lat="42.188936" lon="2.498519"></trkpt>
    <trkpt lat="42.188866" lon="2.498467"></trkpt>
    <trkpt lat="42.188857" lon="2.498457"></trkpt>
    <trkpt lat="42.188841" lon="2.498441"></trkpt>
    <trkpt lat="42.188811" lon="2.498425"></trkpt>
    <trkpt lat="42.188791" lon="2.498420"></trkpt>
    <trkpt lat="42.188717" lon="2.498406"></trkpt>
    <trkpt lat="42.188684" lon="2.498398"></trkpt>
    <trkpt lat="42.188650" lon="2.498387"></trkpt>
    <trkpt lat="42.188620" lon="2.498376"></trkpt>
    <trkpt lat="42.188585" lon="2.498354"></trkpt>
    <trkpt lat="42.188505" lon="2.498293"></trkpt>
    <trkpt lat="42.188281" lon="2.498035"></trkpt>
    <trkpt lat="42.187715" lon="2.497401"></trkpt>
    <trkpt lat="42.187712" lon="2.497396"></trkpt>
    <trkpt lat="42.187234" lon="2.496865"></trkpt>
    <trkpt lat="42.187154" lon="2.496772"></trkpt>
    <trkpt lat="42.187029" lon="2.496635"></trkpt>
    <trkpt lat="42.187017" lon="2.496622"></trkpt>
    <trkpt lat="42.186745" lon="2.496313"></trkpt>
    <trkpt lat="42.186372" lon="2.495913"></trkpt>
    <trkpt lat="42.186351" lon="2.495889"></trkpt>
    <trkpt lat="42.185967" lon="2.495442"></trkpt>
    <trkpt lat="42.185751" lon="2.495184"></trkpt>
    <trkpt lat="42.185076" lon="2.494430"></trkpt>
    <trkpt lat="42.184964" lon="2.494303"></trkpt>
    <trkpt lat="42.184899" lon="2.494224"></trkpt>
    <trkpt lat="42.184211" lon="2.493442"></trkpt>
    <trkpt lat="42.184085" lon="2.493299"></trkpt>
    <trkpt lat="42.184027" lon="2.493229"></trkpt>
    <trkpt lat="42.183527" lon="2.493563"></trkpt>
    <trkpt lat="42.183509" lon="2.493567"></trkpt>
    <trkpt lat="42.183492" lon="2.493568"></trkpt>
    <trkpt lat="42.183454" lon="2.493563"></trkpt>
    <trkpt lat="42.183069" lon="2.493505"></trkpt>
    <trkpt lat="42.183051" lon="2.493499"></trkpt>
    <trkpt lat="42.183037" lon="2.493491"></trkpt>
    <trkpt lat="42.183004" lon="2.493462"></trkpt>
    <trkpt lat="42.182778" lon="2.493295"></trkpt>
    <trkpt lat="42.182709" lon="2.493244"></trkpt>
    <trkpt lat="42.182569" lon="2.493146"></trkpt>
    <trkpt lat="42.182372" lon="2.493010"></trkpt>
    <trkpt lat="42.182145" lon="2.492855"></trkpt>
    <trkpt lat="42.182138" lon="2.492852"></trkpt>
    <trkpt lat="42.182121" lon="2.492849"></trkpt>
    <trkpt lat="42.182111" lon="2.492846"></trkpt>
    <trkpt lat="42.182102" lon="2.492843"></trkpt>
    <trkpt lat="42.181863" lon="2.492675"></trkpt>
    <trkpt lat="42.181684" lon="2.492546"></trkpt>
    <trkpt lat="42.181649" lon="2.492521"></trkpt>
    <trkpt lat="42.181576" lon="2.492454"></trkpt>
    <trkpt lat="42.181549" lon="2.492427"></trkpt>
    <trkpt lat="42.181530" lon="2.492390"></trkpt>
    <trkpt lat="42.181521" lon="2.492363"></trkpt>
    <trkpt lat="42.181518" lon="2.492351"></trkpt>
    <trkpt lat="42.181499" lon="2.492254"></trkpt>
    <trkpt lat="42.181393" lon="2.491742"></trkpt>
    <trkpt lat="42.181284" lon="2.491232"></trkpt>
    <trkpt lat="42.181274" lon="2.491188"></trkpt>
    <trkpt lat="42.181258" lon="2.491105"></trkpt>
    <trkpt lat="42.181254" lon="2.491064"></trkpt>
    <trkpt lat="42.181251" lon="2.491050"></trkpt>
    <trkpt lat="42.181228" lon="2.490942"></trkpt>
    <trkpt lat="42.181162" lon="2.490639"></trkpt>
    <trkpt lat="42.180984" lon="2.489803"></trkpt>
    <trkpt lat="42.180971" lon="2.489753"></trkpt>
    <trkpt lat="42.180850" lon="2.489165"></trkpt>
    <trkpt lat="42.180753" lon="2.489202"></trkpt>
    <trkpt lat="42.180491" lon="2.489295"></trkpt>
    <trkpt lat="42.180139" lon="2.489428"></trkpt>
    <trkpt lat="42.179790" lon="2.489559"></trkpt>
    <trkpt lat="42.179411" lon="2.489708"></trkpt>
    <trkpt lat="42.178972" lon="2.489868"></trkpt>
    <trkpt lat="42.178725" lon="2.489961"></trkpt>
    <trkpt lat="42.178601" lon="2.490008"></trkpt>
    <trkpt lat="42.178500" lon="2.490047"></trkpt>
    <trkpt lat="42.178450" lon="2.490064"></trkpt>
    <trkpt lat="42.178439" lon="2.490067"></trkpt>
    <trkpt lat="42.178197" lon="2.490157"></trkpt>
    <trkpt lat="42.178155" lon="2.490173"></trkpt>
    <trkpt lat="42.178020" lon="2.490225"></trkpt>
    <trkpt lat="42.177961" lon="2.490247"></trkpt>
    <trkpt lat="42.177311" lon="2.490500"></trkpt>
    <trkpt lat="42.177089" lon="2.490586"></trkpt>
    <trkpt lat="42.177001" lon="2.490627"></trkpt>
    <trkpt lat="42.176913" lon="2.490670"></trkpt>
    <trkpt lat="42.176805" lon="2.490732"></trkpt>
    <trkpt lat="42.176686" lon="2.490807"></trkpt>
    <trkpt lat="42.176601" lon="2.490859"></trkpt>
    <trkpt lat="42.176508" lon="2.490407"></trkpt>
    <trkpt lat="42.176478" lon="2.490269"></trkpt>
    <trkpt lat="42.176351" lon="2.489682"></trkpt>
    <trkpt lat="42.176329" lon="2.489679"></trkpt>
    <trkpt lat="42.176300" lon="2.489662"></trkpt>
    <trkpt lat="42.176233" lon="2.489619"></trkpt>
    <trkpt lat="42.175675" lon="2.490415"></trkpt>
    <trkpt lat="42.175272" lon="2.489600"></trkpt>
    <trkpt lat="42.175304" lon="2.489565"></trkpt>
    <trkpt lat="42.175412" lon="2.489443"></trkpt>
    <trkpt lat="42.175437" lon="2.489416"></trkpt>
    <trkpt lat="42.175451" lon="2.489401"></trkpt>
    <trkpt lat="42.175830" lon="2.488936"></trkpt>
    <trkpt lat="42.175842" lon="2.488921"></trkpt>
    <trkpt lat="42.175858" lon="2.488907"></trkpt>
    <trkpt lat="42.175985" lon="2.488763"></trkpt>
    <trkpt lat="42.176093" lon="2.488635"></trkpt>
    <trkpt lat="42.176108" lon="2.488617"></trkpt>
    <trkpt lat="42.176051" lon="2.488533"></trkpt>
    <trkpt lat="42.175959" lon="2.488438"></trkpt>
    <trkpt lat="42.175849" lon="2.488323"></trkpt>
    <trkpt lat="42.175428" lon="2.487860"></trkpt>
    <trkpt lat="42.175331" lon="2.487750"></trkpt>
    <trkpt lat="42.175276" lon="2.487685"></trkpt>
    <trkpt lat="42.175243" lon="2.487626"></trkpt>
    <trkpt lat="42.175200" lon="2.487536"></trkpt>
    <trkpt lat="42.175167" lon="2.487455"></trkpt>
    <trkpt lat="42.175100" lon="2.487313"></trkpt>
    <trkpt lat="42.175061" lon="2.487224"></trkpt>
    <trkpt lat="42.175025" lon="2.487131"></trkpt>
    <trkpt lat="42.174994" lon="2.487049"></trkpt>
    <trkpt lat="42.174930" lon="2.486916"></trkpt>
    <trkpt lat="42.174889" lon="2.486843"></trkpt>
    <trkpt lat="42.174836" lon="2.486737"></trkpt>
    <trkpt lat="42.174799" lon="2.486655"></trkpt>
    <trkpt lat="42.174777" lon="2.486566"></trkpt>
    <trkpt lat="42.174758" lon="2.486423"></trkpt>
    <trkpt lat="42.174752" lon="2.486285"></trkpt>
    <trkpt lat="42.174749" lon="2.486147"></trkpt>
    <trkpt lat="42.174755" lon="2.486020"></trkpt>
    <trkpt lat="42.174771" lon="2.485911"></trkpt>
    <trkpt lat="42.174790" lon="2.485813"></trkpt>
    <trkpt lat="42.174808" lon="2.485723"></trkpt>
    <trkpt lat="42.174846" lon="2.485545"></trkpt>
    <trkpt lat="42.174888" lon="2.485394"></trkpt>
    <trkpt lat="42.174925" lon="2.485288"></trkpt>
    <trkpt lat="42.174980" lon="2.485172"></trkpt>
    <trkpt lat="42.175137" lon="2.484869"></trkpt>
    <trkpt lat="42.175327" lon="2.484505"></trkpt>
    <trkpt lat="42.175379" lon="2.484399"></trkpt>
    <trkpt lat="42.175515" lon="2.484136"></trkpt>
    <trkpt lat="42.175595" lon="2.483982"></trkpt>
    <trkpt lat="42.175776" lon="2.483633"></trkpt>
    <trkpt lat="42.175960" lon="2.483278"></trkpt>
    <trkpt lat="42.176118" lon="2.482973"></trkpt>
    <trkpt lat="42.176396" lon="2.482436"></trkpt>
    <trkpt lat="42.176444" lon="2.482335"></trkpt>
    <trkpt lat="42.176457" lon="2.482288"></trkpt>
    <trkpt lat="42.176459" lon="2.482241"></trkpt>
    <trkpt lat="42.176450" lon="2.482186"></trkpt>
    <trkpt lat="42.176442" lon="2.482157"></trkpt>
    <trkpt lat="42.176414" lon="2.482106"></trkpt>
    <trkpt lat="42.176328" lon="2.482067"></trkpt>
    <trkpt lat="42.176302" lon="2.482055"></trkpt>
    <trkpt lat="42.176250" lon="2.482024"></trkpt>
    <trkpt lat="42.176217" lon="2.481999"></trkpt>
    <trkpt lat="42.176190" lon="2.481985"></trkpt>
    <trkpt lat="42.176158" lon="2.481979"></trkpt>
    <trkpt lat="42.176114" lon="2.481958"></trkpt>
    <trkpt lat="42.175858" lon="2.481743"></trkpt>
    <trkpt lat="42.175800" lon="2.481692"></trkpt>
    <trkpt lat="42.175761" lon="2.481662"></trkpt>
    <trkpt lat="42.175655" lon="2.481571"></trkpt>
    <trkpt lat="42.175587" lon="2.481512"></trkpt>
    <trkpt lat="42.175374" lon="2.481331"></trkpt>
    <trkpt lat="42.174316" lon="2.480430"></trkpt>
    <trkpt lat="42.174065" lon="2.480230"></trkpt>
    <trkpt lat="42.173655" lon="2.479875"></trkpt>
    <trkpt lat="42.172980" lon="2.479295"></trkpt>
    <trkpt lat="42.172848" lon="2.479181"></trkpt>
    <trkpt lat="42.172808" lon="2.479148"></trkpt>
    <trkpt lat="42.172433" lon="2.478833"></trkpt>
    <trkpt lat="42.172367" lon="2.478776"></trkpt>
    <trkpt lat="42.172113" lon="2.478563"></trkpt>
    <trkpt lat="42.172100" lon="2.478552"></trkpt>
    <trkpt lat="42.171897" lon="2.478380"></trkpt>
    <trkpt lat="42.171794" lon="2.478293"></trkpt>
    <trkpt lat="42.171656" lon="2.478176"></trkpt>
    <trkpt lat="42.171261" lon="2.477842"></trkpt>
    <trkpt lat="42.171007" lon="2.477626"></trkpt>
    <trkpt lat="42.170463" lon="2.477165"></trkpt>
    <trkpt lat="42.169815" lon="2.476616"></trkpt>
    <trkpt lat="42.169293" lon="2.476174"></trkpt>
    <trkpt lat="42.169160" lon="2.476057"></trkpt>
    <trkpt lat="42.168412" lon="2.475415"></trkpt>
    <trkpt lat="42.168336" lon="2.475350"></trkpt>
    <trkpt lat="42.167948" lon="2.475016"></trkpt>
    <trkpt lat="42.167611" lon="2.474727"></trkpt>
    <trkpt lat="42.167593" lon="2.474711"></trkpt>
    <trkpt lat="42.167570" lon="2.474691"></trkpt>
    <trkpt lat="42.167138" lon="2.474354"></trkpt>
    <trkpt lat="42.167104" lon="2.474270"></trkpt>
    <trkpt lat="42.167068" lon="2.474216"></trkpt>
    <trkpt lat="42.167028" lon="2.474148"></trkpt>
    <trkpt lat="42.167006" lon="2.474114"></trkpt>
    <trkpt lat="42.166956" lon="2.474049"></trkpt>
    <trkpt lat="42.166959" lon="2.474032"></trkpt>
    <trkpt lat="42.166965" lon="2.473997"></trkpt>
    <trkpt lat="42.166968" lon="2.473959"></trkpt>
    <trkpt lat="42.166968" lon="2.473928"></trkpt>
    <trkpt lat="42.166961" lon="2.473861"></trkpt>
    <trkpt lat="42.166942" lon="2.473793"></trkpt>
    <trkpt lat="42.166917" lon="2.473731"></trkpt>
    <trkpt lat="42.166887" lon="2.473684"></trkpt>
    <trkpt lat="42.166865" lon="2.473660"></trkpt>
    <trkpt lat="42.166854" lon="2.473647"></trkpt>
    <trkpt lat="42.166809" lon="2.473612"></trkpt>
    <trkpt lat="42.166755" lon="2.473588"></trkpt>
    <trkpt lat="42.166700" lon="2.473579"></trkpt>
    <trkpt lat="42.166658" lon="2.473583"></trkpt>
    <trkpt lat="42.166622" lon="2.473594"></trkpt>
    <trkpt lat="42.166580" lon="2.473613"></trkpt>
    <trkpt lat="42.166547" lon="2.473621"></trkpt>
    <trkpt lat="42.166522" lon="2.473621"></trkpt>
    <trkpt lat="42.166484" lon="2.473619"></trkpt>
    <trkpt lat="42.166447" lon="2.473617"></trkpt>
    <trkpt lat="42.166405" lon="2.473604"></trkpt>
    <trkpt lat="42.166366" lon="2.473590"></trkpt>
    <trkpt lat="42.166342" lon="2.473575"></trkpt>
    <trkpt lat="42.166308" lon="2.473546"></trkpt>
    <trkpt lat="42.166206" lon="2.473461"></trkpt>
    <trkpt lat="42.165593" lon="2.472942"></trkpt>
    <trkpt lat="42.165210" lon="2.472617"></trkpt>
    <trkpt lat="42.165098" lon="2.472525"></trkpt>
    <trkpt lat="42.164957" lon="2.472409"></trkpt>
    <trkpt lat="42.164849" lon="2.472326"></trkpt>
    <trkpt lat="42.164792" lon="2.472292"></trkpt>
    <trkpt lat="42.164738" lon="2.472256"></trkpt>
    <trkpt lat="42.164711" lon="2.472231"></trkpt>
    <trkpt lat="42.164676" lon="2.472188"></trkpt>
    <trkpt lat="42.164661" lon="2.472149"></trkpt>
    <trkpt lat="42.164637" lon="2.472117"></trkpt>
    <trkpt lat="42.164609" lon="2.472105"></trkpt>
    <trkpt lat="42.164592" lon="2.472104"></trkpt>
    <trkpt lat="42.164574" lon="2.472104"></trkpt>
    <trkpt lat="42.164535" lon="2.472084"></trkpt>
    <trkpt lat="42.164505" lon="2.472062"></trkpt>
    <trkpt lat="42.164470" lon="2.472033"></trkpt>
    <trkpt lat="42.164248" lon="2.471832"></trkpt>
    <trkpt lat="42.164209" lon="2.471802"></trkpt>
    <trkpt lat="42.164187" lon="2.471789"></trkpt>
    <trkpt lat="42.164103" lon="2.471743"></trkpt>
    <trkpt lat="42.163579" lon="2.471296"></trkpt>
    <trkpt lat="42.163102" lon="2.470890"></trkpt>
    <trkpt lat="42.162884" lon="2.470703"></trkpt>
    <trkpt lat="42.162806" lon="2.470644"></trkpt>
    <trkpt lat="42.161609" lon="2.469616"></trkpt>
    <trkpt lat="42.161325" lon="2.469374"></trkpt>
    <trkpt lat="42.161098" lon="2.469180"></trkpt>
    <trkpt lat="42.160684" lon="2.468827"></trkpt>
    <trkpt lat="42.160257" lon="2.468463"></trkpt>
    <trkpt lat="42.160118" lon="2.468345"></trkpt>
    <trkpt lat="42.160070" lon="2.468304"></trkpt>
    <trkpt lat="42.159986" lon="2.468232"></trkpt>
    <trkpt lat="42.159788" lon="2.468065"></trkpt>
    <trkpt lat="42.158481" lon="2.466953"></trkpt>
    <trkpt lat="42.157284" lon="2.465936"></trkpt>
    <trkpt lat="42.156667" lon="2.465554"></trkpt>
    <trkpt lat="42.155976" lon="2.465165"></trkpt>
    <trkpt lat="42.154548" lon="2.464360"></trkpt>
    <trkpt lat="42.153717" lon="2.463892"></trkpt>
    <trkpt lat="42.152186" lon="2.463030"></trkpt>
    <trkpt lat="42.151608" lon="2.462704"></trkpt>
    <trkpt lat="42.150532" lon="2.462098"></trkpt>
    <trkpt lat="42.150501" lon="2.462080"></trkpt>
    <trkpt lat="42.149502" lon="2.461518"></trkpt>
    <trkpt lat="42.149289" lon="2.461398"></trkpt>
    <trkpt lat="42.148406" lon="2.460894"></trkpt>
    <trkpt lat="42.148087" lon="2.460713"></trkpt>
    <trkpt lat="42.147369" lon="2.460303"></trkpt>
    <trkpt lat="42.147092" lon="2.460146"></trkpt>
    <trkpt lat="42.147013" lon="2.460101"></trkpt>
    <trkpt lat="42.146892" lon="2.460032"></trkpt>
    <trkpt lat="42.146413" lon="2.459759"></trkpt>
    <trkpt lat="42.145640" lon="2.459330"></trkpt>
    <trkpt lat="42.145625" lon="2.459322"></trkpt>
    <trkpt lat="42.145538" lon="2.459273"></trkpt>
    <trkpt lat="42.145411" lon="2.459203"></trkpt>
    <trkpt lat="42.145004" lon="2.458977"></trkpt>
    <trkpt lat="42.144253" lon="2.458549"></trkpt>
    <trkpt lat="42.144224" lon="2.458533"></trkpt>
    <trkpt lat="42.143763" lon="2.458277"></trkpt>
    <trkpt lat="42.143692" lon="2.458237"></trkpt>
    <trkpt lat="42.143121" lon="2.457931"></trkpt>
    <trkpt lat="42.142026" lon="2.457303"></trkpt>
    <trkpt lat="42.141795" lon="2.457176"></trkpt>
    <trkpt lat="42.140984" lon="2.456719"></trkpt>
    <trkpt lat="42.140698" lon="2.456558"></trkpt>
    <trkpt lat="42.140573" lon="2.456488"></trkpt>
    <trkpt lat="42.139710" lon="2.456000"></trkpt>
    <trkpt lat="42.139642" lon="2.455962"></trkpt>
    <trkpt lat="42.139173" lon="2.455697"></trkpt>
    <trkpt lat="42.139003" lon="2.455601"></trkpt>
    <trkpt lat="42.138719" lon="2.455441"></trkpt>
    <trkpt lat="42.138882" lon="2.454973"></trkpt>
    <trkpt lat="42.139045" lon="2.454519"></trkpt>
    <trkpt lat="42.139214" lon="2.454024"></trkpt>
    <trkpt lat="42.139617" lon="2.452884"></trkpt>
    <trkpt lat="42.139868" lon="2.452177"></trkpt>
    <trkpt lat="42.139870" lon="2.452065"></trkpt>
    <trkpt lat="42.139787" lon="2.451858"></trkpt>
    <trkpt lat="42.139787" lon="2.451858"></trkpt>
    <trkpt lat="42.139870" lon="2.452065"></trkpt>
    <trkpt lat="42.139868" lon="2.452177"></trkpt>
    <trkpt lat="42.139617" lon="2.452884"></trkpt>
    <trkpt lat="42.139214" lon="2.454024"></trkpt>
    <trkpt lat="42.139045" lon="2.454519"></trkpt>
    <trkpt lat="42.138882" lon="2.454973"></trkpt>
    <trkpt lat="42.138719" lon="2.455441"></trkpt>
    <trkpt lat="42.138008" lon="2.455039"></trkpt>
    <trkpt lat="42.137511" lon="2.454760"></trkpt>
    <trkpt lat="42.136217" lon="2.454032"></trkpt>
    <trkpt lat="42.133181" lon="2.452314"></trkpt>
    <trkpt lat="42.132197" lon="2.451781"></trkpt>
    <trkpt lat="42.132114" lon="2.451742"></trkpt>
    <trkpt lat="42.131644" lon="2.451498"></trkpt>
    <trkpt lat="42.131474" lon="2.451381"></trkpt>
    <trkpt lat="42.131111" lon="2.451202"></trkpt>
    <trkpt lat="42.130790" lon="2.451051"></trkpt>
    <trkpt lat="42.130504" lon="2.450925"></trkpt>
    <trkpt lat="42.130311" lon="2.450827"></trkpt>
    <trkpt lat="42.130183" lon="2.450769"></trkpt>
    <trkpt lat="42.130013" lon="2.450688"></trkpt>
    <trkpt lat="42.129991" lon="2.450677"></trkpt>
    <trkpt lat="42.129894" lon="2.450614"></trkpt>
    <trkpt lat="42.129803" lon="2.450553"></trkpt>
    <trkpt lat="42.129725" lon="2.450491"></trkpt>
    <trkpt lat="42.129644" lon="2.450418"></trkpt>
    <trkpt lat="42.129478" lon="2.450260"></trkpt>
    <trkpt lat="42.129355" lon="2.450120"></trkpt>
    <trkpt lat="42.129264" lon="2.450017"></trkpt>
    <trkpt lat="42.129144" lon="2.449882"></trkpt>
    <trkpt lat="42.128870" lon="2.449605"></trkpt>
    <trkpt lat="42.128739" lon="2.449463"></trkpt>
    <trkpt lat="42.128618" lon="2.449238"></trkpt>
    <trkpt lat="42.128626" lon="2.449172"></trkpt>
    <trkpt lat="42.128619" lon="2.449107"></trkpt>
    <trkpt lat="42.128600" lon="2.449046"></trkpt>
    <trkpt lat="42.128598" lon="2.448892"></trkpt>
    <trkpt lat="42.128612" lon="2.448752"></trkpt>
    <trkpt lat="42.128787" lon="2.447500"></trkpt>
    <trkpt lat="42.128898" lon="2.446701"></trkpt>
    <trkpt lat="42.128928" lon="2.446416"></trkpt>
    <trkpt lat="42.128954" lon="2.446225"></trkpt>
    <trkpt lat="42.128988" lon="2.445794"></trkpt>
    <trkpt lat="42.129002" lon="2.445333"></trkpt>
    <trkpt lat="42.128985" lon="2.444884"></trkpt>
    <trkpt lat="42.128952" lon="2.444558"></trkpt>
    <trkpt lat="42.128889" lon="2.444129"></trkpt>
    <trkpt lat="42.128821" lon="2.443794"></trkpt>
    <trkpt lat="42.128728" lon="2.443433"></trkpt>
    <trkpt lat="42.128649" lon="2.443183"></trkpt>
    <trkpt lat="42.128548" lon="2.442893"></trkpt>
    <trkpt lat="42.127765" lon="2.440909"></trkpt>
    <trkpt lat="42.127591" lon="2.440440"></trkpt>
    <trkpt lat="42.127429" lon="2.439971"></trkpt>
    <trkpt lat="42.127135" lon="2.439045"></trkpt>
    <trkpt lat="42.126878" lon="2.438181"></trkpt>
    <trkpt lat="42.126596" lon="2.437189"></trkpt>
    <trkpt lat="42.126397" lon="2.436456"></trkpt>
    <trkpt lat="42.126093" lon="2.435265"></trkpt>
    <trkpt lat="42.125811" lon="2.434109"></trkpt>
    <trkpt lat="42.125483" lon="2.432598"></trkpt>
    <trkpt lat="42.125438" lon="2.432381"></trkpt>
    <trkpt lat="42.125179" lon="2.430987"></trkpt>
    <trkpt lat="42.125132" lon="2.430733"></trkpt>
    <trkpt lat="42.124851" lon="2.428988"></trkpt>
    <trkpt lat="42.124553" lon="2.427252"></trkpt>
    <trkpt lat="42.124194" lon="2.425347"></trkpt>
    <trkpt lat="42.123697" lon="2.423259"></trkpt>
    <trkpt lat="42.123451" lon="2.422352"></trkpt>
    <trkpt lat="42.123106" lon="2.421302"></trkpt>
    <trkpt lat="42.122407" lon="2.419297"></trkpt>
    <trkpt lat="42.121820" lon="2.417797"></trkpt>
    <trkpt lat="42.121134" lon="2.416242"></trkpt>
    <trkpt lat="42.120748" lon="2.415417"></trkpt>
    <trkpt lat="42.120393" lon="2.414702"></trkpt>
    <trkpt lat="42.120072" lon="2.414183"></trkpt>
    <trkpt lat="42.119963" lon="2.414016"></trkpt>
    <trkpt lat="42.119808" lon="2.413802"></trkpt>
    <trkpt lat="42.119664" lon="2.413629"></trkpt>
    <trkpt lat="42.119431" lon="2.413351"></trkpt>
    <trkpt lat="42.119187" lon="2.413062"></trkpt>
    <trkpt lat="42.118932" lon="2.412728"></trkpt>
    <trkpt lat="42.118635" lon="2.412300"></trkpt>
    <trkpt lat="42.118571" lon="2.412192"></trkpt>
    <trkpt lat="42.118394" lon="2.411910"></trkpt>
    <trkpt lat="42.118179" lon="2.411538"></trkpt>
    <trkpt lat="42.118070" lon="2.411345"></trkpt>
    <trkpt lat="42.117898" lon="2.411006"></trkpt>
    <trkpt lat="42.117687" lon="2.410566"></trkpt>
    <trkpt lat="42.117509" lon="2.410158"></trkpt>
    <trkpt lat="42.117319" lon="2.409703"></trkpt>
    <trkpt lat="42.116998" lon="2.408915"></trkpt>
    <trkpt lat="42.116566" lon="2.407887"></trkpt>
    <trkpt lat="42.116179" lon="2.406906"></trkpt>
    <trkpt lat="42.115613" lon="2.405599"></trkpt>
    <trkpt lat="42.115353" lon="2.405064"></trkpt>
    <trkpt lat="42.115210" lon="2.404819"></trkpt>
    <trkpt lat="42.115045" lon="2.404564"></trkpt>
    <trkpt lat="42.114930" lon="2.404403"></trkpt>
    <trkpt lat="42.114635" lon="2.404013"></trkpt>
    <trkpt lat="42.114427" lon="2.403771"></trkpt>
    <trkpt lat="42.112279" lon="2.401338"></trkpt>
    <trkpt lat="42.110247" lon="2.398704"></trkpt>
    <trkpt lat="42.108853" lon="2.396631"></trkpt>
    <trkpt lat="42.107756" lon="2.394681"></trkpt>
    <trkpt lat="42.107139" lon="2.393545"></trkpt>
    <trkpt lat="42.105556" lon="2.390237"></trkpt>
    <trkpt lat="42.102022" lon="2.382704"></trkpt>
    <trkpt lat="42.091142" lon="2.360843"></trkpt>
    <trkpt lat="42.090687" lon="2.360190"></trkpt>
    <trkpt lat="42.090247" lon="2.359606"></trkpt>
    <trkpt lat="42.090134" lon="2.359475"></trkpt>
    <trkpt lat="42.089951" lon="2.359294"></trkpt>
    <trkpt lat="42.089721" lon="2.359071"></trkpt>
    <trkpt lat="42.089506" lon="2.358886"></trkpt>
    <trkpt lat="42.089325" lon="2.358732"></trkpt>
    <trkpt lat="42.089111" lon="2.358570"></trkpt>
    <trkpt lat="42.088792" lon="2.358346"></trkpt>
    <trkpt lat="42.088279" lon="2.358043"></trkpt>
    <trkpt lat="42.088183" lon="2.357995"></trkpt>
    <trkpt lat="42.087977" lon="2.357894"></trkpt>
    <trkpt lat="42.087874" lon="2.357852"></trkpt>
    <trkpt lat="42.087608" lon="2.357738"></trkpt>
    <trkpt lat="42.087365" lon="2.357650"></trkpt>
    <trkpt lat="42.087224" lon="2.357608"></trkpt>
    <trkpt lat="42.087051" lon="2.357560"></trkpt>
    <trkpt lat="42.087017" lon="2.357550"></trkpt>
    <trkpt lat="42.086824" lon="2.357505"></trkpt>
    <trkpt lat="42.086657" lon="2.357469"></trkpt>
    <trkpt lat="42.086363" lon="2.357422"></trkpt>
    <trkpt lat="42.086104" lon="2.357388"></trkpt>
    <trkpt lat="42.085848" lon="2.357373"></trkpt>
    <trkpt lat="42.085618" lon="2.357366"></trkpt>
    <trkpt lat="42.085166" lon="2.357380"></trkpt>
    <trkpt lat="42.084170" lon="2.357467"></trkpt>
    <trkpt lat="42.082795" lon="2.357586"></trkpt>
    <trkpt lat="42.081722" lon="2.357656"></trkpt>
    <trkpt lat="42.080641" lon="2.357677"></trkpt>
    <trkpt lat="42.080107" lon="2.357671"></trkpt>
    <trkpt lat="42.079590" lon="2.357626"></trkpt>
    <trkpt lat="42.079078" lon="2.357549"></trkpt>
    <trkpt lat="42.078539" lon="2.357432"></trkpt>
    <trkpt lat="42.078202" lon="2.357363"></trkpt>
    <trkpt lat="42.077905" lon="2.357318"></trkpt>
    <trkpt lat="42.076449" lon="2.357061"></trkpt>
    <trkpt lat="42.076136" lon="2.356999"></trkpt>
    <trkpt lat="42.075062" lon="2.356764"></trkpt>
    <trkpt lat="42.074555" lon="2.356621"></trkpt>
    <trkpt lat="42.074055" lon="2.356458"></trkpt>
    <trkpt lat="42.073246" lon="2.356168"></trkpt>
    <trkpt lat="42.072460" lon="2.355805"></trkpt>
    <trkpt lat="42.072291" lon="2.355703"></trkpt>
    <trkpt lat="42.072105" lon="2.355585"></trkpt>
    <trkpt lat="42.072017" lon="2.355517"></trkpt>
    <trkpt lat="42.071930" lon="2.355442"></trkpt>
    <trkpt lat="42.071799" lon="2.355311"></trkpt>
    <trkpt lat="42.071744" lon="2.355248"></trkpt>
    <trkpt lat="42.071670" lon="2.355154"></trkpt>
    <trkpt lat="42.071493" lon="2.354914"></trkpt>
    <trkpt lat="42.071323" lon="2.354625"></trkpt>
    <trkpt lat="42.071129" lon="2.354278"></trkpt>
    <trkpt lat="42.070942" lon="2.353901"></trkpt>
    <trkpt lat="42.070790" lon="2.353537"></trkpt>
    <trkpt lat="42.070687" lon="2.353239"></trkpt>
    <trkpt lat="42.070621" lon="2.353014"></trkpt>
    <trkpt lat="42.070585" lon="2.352874"></trkpt>
    <trkpt lat="42.070544" lon="2.352691"></trkpt>
    <trkpt lat="42.070494" lon="2.352429"></trkpt>
    <trkpt lat="42.070454" lon="2.352166"></trkpt>
    <trkpt lat="42.070428" lon="2.351949"></trkpt>
    <trkpt lat="42.070401" lon="2.351706"></trkpt>
    <trkpt lat="42.070391" lon="2.351406"></trkpt>
    <trkpt lat="42.070384" lon="2.351243"></trkpt>
    <trkpt lat="42.070394" lon="2.350847"></trkpt>
    <trkpt lat="42.070407" lon="2.350544"></trkpt>
    <trkpt lat="42.070467" lon="2.349725"></trkpt>
    <trkpt lat="42.070487" lon="2.349396"></trkpt>
    <trkpt lat="42.070497" lon="2.349122"></trkpt>
    <trkpt lat="42.070496" lon="2.348816"></trkpt>
    <trkpt lat="42.070495" lon="2.348710"></trkpt>
    <trkpt lat="42.070481" lon="2.348468"></trkpt>
    <trkpt lat="42.070454" lon="2.348163"></trkpt>
    <trkpt lat="42.070414" lon="2.347869"></trkpt>
    <trkpt lat="42.070358" lon="2.347556"></trkpt>
    <trkpt lat="42.070328" lon="2.347408"></trkpt>
    <trkpt lat="42.070281" lon="2.347202"></trkpt>
    <trkpt lat="42.070216" lon="2.346966"></trkpt>
    <trkpt lat="42.070158" lon="2.346789"></trkpt>
    <trkpt lat="42.070055" lon="2.346486"></trkpt>
    <trkpt lat="42.069942" lon="2.346211"></trkpt>
    <trkpt lat="42.069836" lon="2.345984"></trkpt>
    <trkpt lat="42.069717" lon="2.345749"></trkpt>
    <trkpt lat="42.069619" lon="2.345576"></trkpt>
    <trkpt lat="42.069498" lon="2.345378"></trkpt>
    <trkpt lat="42.069394" lon="2.345226"></trkpt>
    <trkpt lat="42.069276" lon="2.345060"></trkpt>
    <trkpt lat="42.069176" lon="2.344935"></trkpt>
    <trkpt lat="42.069037" lon="2.344784"></trkpt>
    <trkpt lat="42.068821" lon="2.344563"></trkpt>
    <trkpt lat="42.068684" lon="2.344434"></trkpt>
    <trkpt lat="42.068533" lon="2.344305"></trkpt>
    <trkpt lat="42.068376" lon="2.344179"></trkpt>
    <trkpt lat="42.068183" lon="2.344054"></trkpt>
    <trkpt lat="42.067772" lon="2.343796"></trkpt>
    <trkpt lat="42.067339" lon="2.343543"></trkpt>
    <trkpt lat="42.067166" lon="2.343442"></trkpt>
    <trkpt lat="42.066920" lon="2.343290"></trkpt>
    <trkpt lat="42.066719" lon="2.343119"></trkpt>
    <trkpt lat="42.066621" lon="2.343053"></trkpt>
    <trkpt lat="42.066391" lon="2.342866"></trkpt>
    <trkpt lat="42.066184" lon="2.342681"></trkpt>
    <trkpt lat="42.065967" lon="2.342472"></trkpt>
    <trkpt lat="42.065516" lon="2.341972"></trkpt>
    <trkpt lat="42.065321" lon="2.341746"></trkpt>
    <trkpt lat="42.065125" lon="2.341498"></trkpt>
    <trkpt lat="42.064912" lon="2.341203"></trkpt>
    <trkpt lat="42.064742" lon="2.340930"></trkpt>
    <trkpt lat="42.064526" lon="2.340582"></trkpt>
    <trkpt lat="42.064317" lon="2.340216"></trkpt>
    <trkpt lat="42.064113" lon="2.339833"></trkpt>
    <trkpt lat="42.064010" lon="2.339610"></trkpt>
    <trkpt lat="42.063880" lon="2.339324"></trkpt>
    <trkpt lat="42.063702" lon="2.338893"></trkpt>
    <trkpt lat="42.063595" lon="2.338598"></trkpt>
    <trkpt lat="42.063477" lon="2.338249"></trkpt>
    <trkpt lat="42.063309" lon="2.337662"></trkpt>
    <trkpt lat="42.063129" lon="2.336918"></trkpt>
    <trkpt lat="42.063059" lon="2.336515"></trkpt>
    <trkpt lat="42.062970" lon="2.335968"></trkpt>
    <trkpt lat="42.062928" lon="2.335600"></trkpt>
    <trkpt lat="42.062890" lon="2.335061"></trkpt>
    <trkpt lat="42.062876" lon="2.334515"></trkpt>
    <trkpt lat="42.062876" lon="2.333921"></trkpt>
    <trkpt lat="42.062892" lon="2.333546"></trkpt>
    <trkpt lat="42.062901" lon="2.333320"></trkpt>
    <trkpt lat="42.062941" lon="2.332862"></trkpt>
    <trkpt lat="42.062997" lon="2.332403"></trkpt>
    <trkpt lat="42.063056" lon="2.332004"></trkpt>
    <trkpt lat="42.063121" lon="2.331656"></trkpt>
    <trkpt lat="42.063207" lon="2.331252"></trkpt>
    <trkpt lat="42.063313" lon="2.330819"></trkpt>
    <trkpt lat="42.063437" lon="2.330398"></trkpt>
    <trkpt lat="42.063612" lon="2.329863"></trkpt>
    <trkpt lat="42.063980" lon="2.328867"></trkpt>
    <trkpt lat="42.064153" lon="2.328386"></trkpt>
    <trkpt lat="42.064231" lon="2.328157"></trkpt>
    <trkpt lat="42.064291" lon="2.327940"></trkpt>
    <trkpt lat="42.064353" lon="2.327719"></trkpt>
    <trkpt lat="42.064415" lon="2.327461"></trkpt>
    <trkpt lat="42.064478" lon="2.327163"></trkpt>
    <trkpt lat="42.064545" lon="2.326810"></trkpt>
    <trkpt lat="42.064607" lon="2.326428"></trkpt>
    <trkpt lat="42.064641" lon="2.326042"></trkpt>
    <trkpt lat="42.064671" lon="2.325575"></trkpt>
    <trkpt lat="42.064681" lon="2.325313"></trkpt>
    <trkpt lat="42.064685" lon="2.325060"></trkpt>
    <trkpt lat="42.064678" lon="2.324691"></trkpt>
    <trkpt lat="42.064659" lon="2.324328"></trkpt>
    <trkpt lat="42.064641" lon="2.324101"></trkpt>
    <trkpt lat="42.064619" lon="2.323868"></trkpt>
    <trkpt lat="42.064585" lon="2.323614"></trkpt>
    <trkpt lat="42.064544" lon="2.323361"></trkpt>
    <trkpt lat="42.064504" lon="2.323134"></trkpt>
    <trkpt lat="42.064457" lon="2.322892"></trkpt>
    <trkpt lat="42.064341" lon="2.322395"></trkpt>
    <trkpt lat="42.064253" lon="2.322084"></trkpt>
    <trkpt lat="42.064181" lon="2.321852"></trkpt>
    <trkpt lat="42.064111" lon="2.321649"></trkpt>
    <trkpt lat="42.063990" lon="2.321335"></trkpt>
    <trkpt lat="42.063888" lon="2.321069"></trkpt>
    <trkpt lat="42.063769" lon="2.320804"></trkpt>
    <trkpt lat="42.063637" lon="2.320541"></trkpt>
    <trkpt lat="42.063466" lon="2.320214"></trkpt>
    <trkpt lat="42.062800" lon="2.319052"></trkpt>
    <trkpt lat="42.062545" lon="2.318603"></trkpt>
    <trkpt lat="42.059711" lon="2.313649"></trkpt>
    <trkpt lat="42.058609" lon="2.311683"></trkpt>
    <trkpt lat="42.058201" lon="2.310956"></trkpt>
    <trkpt lat="42.056571" lon="2.308132"></trkpt>
    <trkpt lat="42.055266" lon="2.306083"></trkpt>
    <trkpt lat="42.054290" lon="2.304662"></trkpt>
    <trkpt lat="42.053789" lon="2.303960"></trkpt>
    <trkpt lat="42.053538" lon="2.303617"></trkpt>
    <trkpt lat="42.053287" lon="2.303282"></trkpt>
    <trkpt lat="42.052708" lon="2.302514"></trkpt>
    <trkpt lat="42.051139" lon="2.300459"></trkpt>
    <trkpt lat="42.050516" lon="2.299620"></trkpt>
    <trkpt lat="42.049493" lon="2.298269"></trkpt>
    <trkpt lat="42.048665" lon="2.297159"></trkpt>
    <trkpt lat="42.048399" lon="2.296804"></trkpt>
    <trkpt lat="42.046330" lon="2.294062"></trkpt>
    <trkpt lat="42.045869" lon="2.293452"></trkpt>
    <trkpt lat="42.045249" lon="2.292635"></trkpt>
    <trkpt lat="42.044627" lon="2.291807"></trkpt>
    <trkpt lat="42.044024" lon="2.291011"></trkpt>
    <trkpt lat="42.042908" lon="2.289555"></trkpt>
    <trkpt lat="42.042635" lon="2.289223"></trkpt>
    <trkpt lat="42.041587" lon="2.287819"></trkpt>
    <trkpt lat="42.040699" lon="2.286610"></trkpt>
    <trkpt lat="42.040347" lon="2.286080"></trkpt>
    <trkpt lat="42.039985" lon="2.285479"></trkpt>
    <trkpt lat="42.039378" lon="2.284395"></trkpt>
    <trkpt lat="42.039167" lon="2.283961"></trkpt>
    <trkpt lat="42.038968" lon="2.283518"></trkpt>
    <trkpt lat="42.038573" lon="2.282623"></trkpt>
    <trkpt lat="42.038347" lon="2.282066"></trkpt>
    <trkpt lat="42.038060" lon="2.281429"></trkpt>
    <trkpt lat="42.037909" lon="2.281126"></trkpt>
    <trkpt lat="42.037748" lon="2.280843"></trkpt>
    <trkpt lat="42.037558" lon="2.280518"></trkpt>
    <trkpt lat="42.037347" lon="2.280210"></trkpt>
    <trkpt lat="42.037128" lon="2.279913"></trkpt>
    <trkpt lat="42.036903" lon="2.279639"></trkpt>
    <trkpt lat="42.036647" lon="2.279335"></trkpt>
    <trkpt lat="42.036117" lon="2.278780"></trkpt>
    <trkpt lat="42.035846" lon="2.278517"></trkpt>
    <trkpt lat="42.035571" lon="2.278268"></trkpt>
    <trkpt lat="42.035232" lon="2.277971"></trkpt>
    <trkpt lat="42.034809" lon="2.277616"></trkpt>
    <trkpt lat="42.034248" lon="2.277213"></trkpt>
    <trkpt lat="42.033903" lon="2.276973"></trkpt>
    <trkpt lat="42.033688" lon="2.276843"></trkpt>
    <trkpt lat="42.033127" lon="2.276518"></trkpt>
    <trkpt lat="42.032562" lon="2.276230"></trkpt>
    <trkpt lat="42.032154" lon="2.276048"></trkpt>
    <trkpt lat="42.031746" lon="2.275884"></trkpt>
    <trkpt lat="42.031339" lon="2.275736"></trkpt>
    <trkpt lat="42.030930" lon="2.275605"></trkpt>
    <trkpt lat="42.030660" lon="2.275531"></trkpt>
    <trkpt lat="42.030391" lon="2.275463"></trkpt>
    <trkpt lat="42.029849" lon="2.275366"></trkpt>
    <trkpt lat="42.029268" lon="2.275326"></trkpt>
    <trkpt lat="42.028694" lon="2.275351"></trkpt>
    <trkpt lat="42.027540" lon="2.275465"></trkpt>
    <trkpt lat="42.026951" lon="2.275504"></trkpt>
    <trkpt lat="42.026360" lon="2.275511"></trkpt>
    <trkpt lat="42.025777" lon="2.275494"></trkpt>
    <trkpt lat="42.025086" lon="2.275423"></trkpt>
    <trkpt lat="42.024712" lon="2.275367"></trkpt>
    <trkpt lat="42.024240" lon="2.275282"></trkpt>
    <trkpt lat="42.024105" lon="2.275187"></trkpt>
    <trkpt lat="42.023542" lon="2.275033"></trkpt>
    <trkpt lat="42.023431" lon="2.274998"></trkpt>
    <trkpt lat="42.023332" lon="2.274945"></trkpt>
    <trkpt lat="42.023123" lon="2.274836"></trkpt>
    <trkpt lat="42.022839" lon="2.274622"></trkpt>
    <trkpt lat="42.022645" lon="2.274434"></trkpt>
    <trkpt lat="42.022416" lon="2.274080"></trkpt>
    <trkpt lat="42.022207" lon="2.273637"></trkpt>
    <trkpt lat="42.022106" lon="2.273519"></trkpt>
    <trkpt lat="42.022057" lon="2.273483"></trkpt>
    <trkpt lat="42.021997" lon="2.273442"></trkpt>
    <trkpt lat="42.021943" lon="2.273420"></trkpt>
    <trkpt lat="42.021886" lon="2.273408"></trkpt>
    <trkpt lat="42.021769" lon="2.273427"></trkpt>
    <trkpt lat="42.021712" lon="2.273457"></trkpt>
    <trkpt lat="42.021658" lon="2.273493"></trkpt>
    <trkpt lat="42.021556" lon="2.273588"></trkpt>
    <trkpt lat="42.021159" lon="2.274042"></trkpt>
    <trkpt lat="42.020780" lon="2.274478"></trkpt>
    <trkpt lat="42.020637" lon="2.274548"></trkpt>
    <trkpt lat="42.020571" lon="2.274570"></trkpt>
    <trkpt lat="42.020540" lon="2.274558"></trkpt>
    <trkpt lat="42.020479" lon="2.274568"></trkpt>
    <trkpt lat="42.020436" lon="2.274598"></trkpt>
    <trkpt lat="42.020399" lon="2.274653"></trkpt>
    <trkpt lat="42.020392" lon="2.274675"></trkpt>
    <trkpt lat="42.020380" lon="2.274717"></trkpt>
    <trkpt lat="42.020261" lon="2.274833"></trkpt>
    <trkpt lat="42.020214" lon="2.274884"></trkpt>
    <trkpt lat="42.020184" lon="2.274900"></trkpt>
    <trkpt lat="42.019649" lon="2.275163"></trkpt>
    <trkpt lat="42.019152" lon="2.275421"></trkpt>
    <trkpt lat="42.019014" lon="2.275541"></trkpt>
    <trkpt lat="42.018882" lon="2.275677"></trkpt>
    <trkpt lat="42.018607" lon="2.276024"></trkpt>
    <trkpt lat="42.018332" lon="2.276388"></trkpt>
    <trkpt lat="42.018112" lon="2.276657"></trkpt>
    <trkpt lat="42.017888" lon="2.276895"></trkpt>
    <trkpt lat="42.017609" lon="2.277108"></trkpt>
    <trkpt lat="42.017397" lon="2.277207"></trkpt>
    <trkpt lat="42.017178" lon="2.277280"></trkpt>
    <trkpt lat="42.016884" lon="2.277305"></trkpt>
    <trkpt lat="42.016767" lon="2.277315"></trkpt>
    <trkpt lat="42.016595" lon="2.277276"></trkpt>
    <trkpt lat="42.016433" lon="2.277229"></trkpt>
    <trkpt lat="42.016275" lon="2.277165"></trkpt>
    <trkpt lat="42.016127" lon="2.277082"></trkpt>
    <trkpt lat="42.015464" lon="2.276602"></trkpt>
    <trkpt lat="42.015135" lon="2.276362"></trkpt>
    <trkpt lat="42.014968" lon="2.276250"></trkpt>
    <trkpt lat="42.014796" lon="2.276157"></trkpt>
    <trkpt lat="42.014652" lon="2.276095"></trkpt>
    <trkpt lat="42.014501" lon="2.276062"></trkpt>
    <trkpt lat="42.014286" lon="2.276036"></trkpt>
    <trkpt lat="42.014068" lon="2.276014"></trkpt>
    <trkpt lat="42.013633" lon="2.275972"></trkpt>
    <trkpt lat="42.013426" lon="2.275953"></trkpt>
    <trkpt lat="42.013103" lon="2.275927"></trkpt>
    <trkpt lat="42.012779" lon="2.275896"></trkpt>
    <trkpt lat="42.012624" lon="2.275901"></trkpt>
    <trkpt lat="42.012466" lon="2.275923"></trkpt>
    <trkpt lat="42.012307" lon="2.275970"></trkpt>
    <trkpt lat="42.012157" lon="2.276033"></trkpt>
    <trkpt lat="42.012012" lon="2.276121"></trkpt>
    <trkpt lat="42.011830" lon="2.276259"></trkpt>
    <trkpt lat="42.011655" lon="2.276421"></trkpt>
    <trkpt lat="42.011308" lon="2.276762"></trkpt>
    <trkpt lat="42.011058" lon="2.277007"></trkpt>
    <trkpt lat="42.010798" lon="2.277269"></trkpt>
    <trkpt lat="42.010277" lon="2.277788"></trkpt>
    <trkpt lat="42.009739" lon="2.278322"></trkpt>
    <trkpt lat="42.009240" lon="2.278818"></trkpt>
    <trkpt lat="42.009139" lon="2.278854"></trkpt>
    <trkpt lat="42.009096" lon="2.278880"></trkpt>
    <trkpt lat="42.009074" lon="2.278862"></trkpt>
    <trkpt lat="42.009027" lon="2.278843"></trkpt>
    <trkpt lat="42.008988" lon="2.278845"></trkpt>
    <trkpt lat="42.008978" lon="2.278845"></trkpt>
    <trkpt lat="42.008932" lon="2.278868"></trkpt>
    <trkpt lat="42.008896" lon="2.278907"></trkpt>
    <trkpt lat="42.008870" lon="2.278958"></trkpt>
    <trkpt lat="42.008857" lon="2.279018"></trkpt>
    <trkpt lat="42.008858" lon="2.279081"></trkpt>
    <trkpt lat="42.008860" lon="2.279109"></trkpt>
    <trkpt lat="42.008798" lon="2.279234"></trkpt>
    <trkpt lat="42.008776" lon="2.279270"></trkpt>
    <trkpt lat="42.008745" lon="2.279305"></trkpt>
    <trkpt lat="42.008442" lon="2.279598"></trkpt>
    <trkpt lat="42.008429" lon="2.279611"></trkpt>
    <trkpt lat="42.008295" lon="2.279741"></trkpt>
    <trkpt lat="42.008275" lon="2.279762"></trkpt>
    <trkpt lat="42.008230" lon="2.279807"></trkpt>
    <trkpt lat="42.007930" lon="2.280107"></trkpt>
    <trkpt lat="42.007812" lon="2.280225"></trkpt>
    <trkpt lat="42.007743" lon="2.280295"></trkpt>
    <trkpt lat="42.007693" lon="2.280347"></trkpt>
    <trkpt lat="42.007477" lon="2.280575"></trkpt>
    <trkpt lat="42.007134" lon="2.280918"></trkpt>
    <trkpt lat="42.007088" lon="2.280964"></trkpt>
    <trkpt lat="42.006635" lon="2.281415"></trkpt>
    <trkpt lat="42.006608" lon="2.281441"></trkpt>
    <trkpt lat="42.006526" lon="2.281524"></trkpt>
    <trkpt lat="42.006439" lon="2.281609"></trkpt>
    <trkpt lat="42.006420" lon="2.281627"></trkpt>
    <trkpt lat="42.006188" lon="2.281856"></trkpt>
    <trkpt lat="42.006132" lon="2.281912"></trkpt>
    <trkpt lat="42.006076" lon="2.281967"></trkpt>
    <trkpt lat="42.005992" lon="2.282050"></trkpt>
    <trkpt lat="42.005149" lon="2.282889"></trkpt>
    <trkpt lat="42.005131" lon="2.282907"></trkpt>
    <trkpt lat="42.004936" lon="2.283101"></trkpt>
    <trkpt lat="42.004905" lon="2.283134"></trkpt>
    <trkpt lat="42.004835" lon="2.283187"></trkpt>
    <trkpt lat="42.004615" lon="2.283412"></trkpt>
    <trkpt lat="42.004587" lon="2.283442"></trkpt>
    <trkpt lat="42.004571" lon="2.283458"></trkpt>
    <trkpt lat="42.004453" lon="2.283581"></trkpt>
    <trkpt lat="42.004402" lon="2.283632"></trkpt>
    <trkpt lat="42.004298" lon="2.283734"></trkpt>
    <trkpt lat="42.004037" lon="2.283996"></trkpt>
    <trkpt lat="42.004028" lon="2.284005"></trkpt>
    <trkpt lat="42.003973" lon="2.284069"></trkpt>
    <trkpt lat="42.003942" lon="2.284022"></trkpt>
    <trkpt lat="42.003900" lon="2.283992"></trkpt>
    <trkpt lat="42.003857" lon="2.283981"></trkpt>
    <trkpt lat="42.003814" lon="2.283989"></trkpt>
    <trkpt lat="42.003778" lon="2.284012"></trkpt>
    <trkpt lat="42.003748" lon="2.284048"></trkpt>
    <trkpt lat="42.003726" lon="2.284094"></trkpt>
    <trkpt lat="42.003715" lon="2.284147"></trkpt>
    <trkpt lat="42.003716" lon="2.284202"></trkpt>
    <trkpt lat="42.003726" lon="2.284244"></trkpt>
    <trkpt lat="42.003742" lon="2.284283"></trkpt>
    <trkpt lat="42.003784" lon="2.284333"></trkpt>
    <trkpt lat="42.003820" lon="2.284353"></trkpt>
    <trkpt lat="42.003868" lon="2.284358"></trkpt>
    <trkpt lat="42.003910" lon="2.284478"></trkpt>
    <trkpt lat="42.004177" lon="2.285338"></trkpt>
    <trkpt lat="42.004356" lon="2.285923"></trkpt>
    <trkpt lat="42.004517" lon="2.286473"></trkpt>
    <trkpt lat="42.004544" lon="2.286559"></trkpt>
    <trkpt lat="42.004659" lon="2.286957"></trkpt>
    <trkpt lat="42.004711" lon="2.287075"></trkpt>
    <trkpt lat="42.004813" lon="2.287423"></trkpt>
    <trkpt lat="42.005255" lon="2.288926"></trkpt>
    <trkpt lat="42.005262" lon="2.289012"></trkpt>
    <trkpt lat="42.005233" lon="2.289092"></trkpt>
    <trkpt lat="42.005200" lon="2.289144"></trkpt>
    <trkpt lat="42.005182" lon="2.289197"></trkpt>
    <trkpt lat="42.005175" lon="2.289256"></trkpt>
    <trkpt lat="42.005180" lon="2.289315"></trkpt>
    <trkpt lat="42.005196" lon="2.289370"></trkpt>
    <trkpt lat="42.005157" lon="2.289458"></trkpt>
    <trkpt lat="42.005137" lon="2.289490"></trkpt>
    <trkpt lat="42.004872" lon="2.289907"></trkpt>
    <trkpt lat="42.004440" lon="2.290594"></trkpt>
    <trkpt lat="42.004371" lon="2.290702"></trkpt>
    <trkpt lat="42.004310" lon="2.290796"></trkpt>
    <trkpt lat="42.004032" lon="2.291238"></trkpt>
    <trkpt lat="42.003674" lon="2.291791"></trkpt>
    <trkpt lat="42.003655" lon="2.291819"></trkpt>
    <trkpt lat="42.003614" lon="2.291854"></trkpt>
    <trkpt lat="42.003551" lon="2.291883"></trkpt>
    <trkpt lat="42.003476" lon="2.291857"></trkpt>
    <trkpt lat="42.003413" lon="2.291859"></trkpt>
    <trkpt lat="42.003352" lon="2.291883"></trkpt>
    <trkpt lat="42.003296" lon="2.291930"></trkpt>
    <trkpt lat="42.003251" lon="2.291996"></trkpt>
    <trkpt lat="42.003220" lon="2.292075"></trkpt>
    <trkpt lat="42.003206" lon="2.292184"></trkpt>
    <trkpt lat="42.003219" lon="2.292294"></trkpt>
    <trkpt lat="42.003259" lon="2.292391"></trkpt>
    <trkpt lat="42.003294" lon="2.292441"></trkpt>
    <trkpt lat="42.003321" lon="2.292465"></trkpt>
    <trkpt lat="42.003372" lon="2.292498"></trkpt>
    <trkpt lat="42.003428" lon="2.292515"></trkpt>
    <trkpt lat="42.003485" lon="2.292513"></trkpt>
    <trkpt lat="42.003492" lon="2.292581"></trkpt>
    <trkpt lat="42.003504" lon="2.292683"></trkpt>
    <trkpt lat="42.003723" lon="2.294558"></trkpt>
    <trkpt lat="42.003743" lon="2.294700"></trkpt>
    <trkpt lat="42.003802" lon="2.295239"></trkpt>
    <trkpt lat="42.003852" lon="2.295445"></trkpt>
    <trkpt lat="42.003849" lon="2.295601"></trkpt>
    <trkpt lat="42.003831" lon="2.295628"></trkpt>
    <trkpt lat="42.003825" lon="2.295647"></trkpt>
    <trkpt lat="42.003814" lon="2.295681"></trkpt>
    <trkpt lat="42.003811" lon="2.295740"></trkpt>
    <trkpt lat="42.003823" lon="2.295796"></trkpt>
    <trkpt lat="42.003835" lon="2.295820"></trkpt>
    <trkpt lat="42.003848" lon="2.295844"></trkpt>
    <trkpt lat="42.003883" lon="2.295878"></trkpt>
    <trkpt lat="42.003893" lon="2.295882"></trkpt>
    <trkpt lat="42.003923" lon="2.296321"></trkpt>
    <trkpt lat="42.003931" lon="2.296391"></trkpt>
    <trkpt lat="42.003943" lon="2.296502"></trkpt>
    <trkpt lat="42.004015" lon="2.297151"></trkpt>
    <trkpt lat="42.004031" lon="2.297294"></trkpt>
    <trkpt lat="42.004139" lon="2.298270"></trkpt>
    <trkpt lat="42.004290" lon="2.299631"></trkpt>
    <trkpt lat="42.004367" lon="2.300054"></trkpt>
    <trkpt lat="42.004546" lon="2.300641"></trkpt>
    <trkpt lat="42.005189" lon="2.301653"></trkpt>
    <trkpt lat="42.006384" lon="2.303671"></trkpt>
    <trkpt lat="42.006469" lon="2.303815"></trkpt>
    <trkpt lat="42.007055" lon="2.304807"></trkpt>
    <trkpt lat="42.008046" lon="2.306480"></trkpt>
    <trkpt lat="42.008902" lon="2.307904"></trkpt>
    <trkpt lat="42.008969" lon="2.308302"></trkpt>
    <trkpt lat="42.008873" lon="2.308922"></trkpt>
    <trkpt lat="42.008620" lon="2.309595"></trkpt>
    <trkpt lat="42.008613" lon="2.309732"></trkpt>
    <trkpt lat="42.008603" lon="2.309962"></trkpt>
    <trkpt lat="42.008742" lon="2.310320"></trkpt>
    <trkpt lat="42.009520" lon="2.311237"></trkpt>
    <trkpt lat="42.009955" lon="2.311727"></trkpt>
    <trkpt lat="42.009995" lon="2.311772"></trkpt>
    <trkpt lat="42.010288" lon="2.312102"></trkpt>
    <trkpt lat="42.010908" lon="2.312800"></trkpt>
    <trkpt lat="42.011031" lon="2.313115"></trkpt>
    <trkpt lat="42.011365" lon="2.314678"></trkpt>
    <trkpt lat="42.011400" lon="2.314805"></trkpt>
    <trkpt lat="42.011459" lon="2.315065"></trkpt>
    <trkpt lat="42.011522" lon="2.315330"></trkpt>
    <trkpt lat="42.011597" lon="2.315714"></trkpt>
    <trkpt lat="42.011609" lon="2.315924"></trkpt>
    <trkpt lat="42.011610" lon="2.316033"></trkpt>
    <trkpt lat="42.011597" lon="2.316168"></trkpt>
    <trkpt lat="42.011507" lon="2.316560"></trkpt>
    <trkpt lat="42.011310" lon="2.317316"></trkpt>
    <trkpt lat="42.011155" lon="2.317723"></trkpt>
    <trkpt lat="42.010860" lon="2.318048"></trkpt>
    <trkpt lat="42.010519" lon="2.318294"></trkpt>
    <trkpt lat="42.010362" lon="2.318473"></trkpt>
    <trkpt lat="42.010329" lon="2.318736"></trkpt>
    <trkpt lat="42.010396" lon="2.318920"></trkpt>
    <trkpt lat="42.010457" lon="2.318997"></trkpt>
    <trkpt lat="42.010585" lon="2.319157"></trkpt>
    <trkpt lat="42.011480" lon="2.320273"></trkpt>
    <trkpt lat="42.011620" lon="2.320318"></trkpt>
    <trkpt lat="42.011768" lon="2.320332"></trkpt>
    <trkpt lat="42.011916" lon="2.320247"></trkpt>
    <trkpt lat="42.012554" lon="2.319429"></trkpt>
    <trkpt lat="42.012645" lon="2.319304"></trkpt>
    <trkpt lat="42.012775" lon="2.319268"></trkpt>
    <trkpt lat="42.012865" lon="2.319274"></trkpt>
    <trkpt lat="42.012904" lon="2.319299"></trkpt>
    <trkpt lat="42.013030" lon="2.319442"></trkpt>
    <trkpt lat="42.013544" lon="2.320395"></trkpt>
    <trkpt lat="42.014176" lon="2.321526"></trkpt>
    <trkpt lat="42.014272" lon="2.321697"></trkpt>
    <trkpt lat="42.014840" lon="2.322674"></trkpt>
    <trkpt lat="42.014862" lon="2.322713"></trkpt>
    <trkpt lat="42.014877" lon="2.322743"></trkpt>
    <trkpt lat="42.015093" lon="2.323167"></trkpt>
    <trkpt lat="42.015156" lon="2.323334"></trkpt>
    <trkpt lat="42.015165" lon="2.323359"></trkpt>
    <trkpt lat="42.015187" lon="2.323521"></trkpt>
    <trkpt lat="42.015157" lon="2.323742"></trkpt>
    <trkpt lat="42.015070" lon="2.324017"></trkpt>
    <trkpt lat="42.014917" lon="2.324459"></trkpt>
    <trkpt lat="42.014858" lon="2.324573"></trkpt>
    <trkpt lat="42.014744" lon="2.324656"></trkpt>
    <trkpt lat="42.014570" lon="2.324703"></trkpt>
    <trkpt lat="42.014257" lon="2.324701"></trkpt>
    <trkpt lat="42.014102" lon="2.324742"></trkpt>
    <trkpt lat="42.013992" lon="2.324795"></trkpt>
    <trkpt lat="42.013799" lon="2.324934"></trkpt>
    <trkpt lat="42.013563" lon="2.325152"></trkpt>
    <trkpt lat="42.013492" lon="2.325269"></trkpt>
    <trkpt lat="42.013470" lon="2.325441"></trkpt>
    <trkpt lat="42.013506" lon="2.325632"></trkpt>
    <trkpt lat="42.013560" lon="2.325786"></trkpt>
    <trkpt lat="42.013597" lon="2.325894"></trkpt>
    <trkpt lat="42.013843" lon="2.326597"></trkpt>
    <trkpt lat="42.014121" lon="2.327246"></trkpt>
    <trkpt lat="42.014282" lon="2.327442"></trkpt>
    <trkpt lat="42.014478" lon="2.327572"></trkpt>
    <trkpt lat="42.015630" lon="2.328405"></trkpt>
    <trkpt lat="42.016150" lon="2.328886"></trkpt>
    <trkpt lat="42.016411" lon="2.329159"></trkpt>
    <trkpt lat="42.016646" lon="2.329545"></trkpt>
    <trkpt lat="42.016782" lon="2.330160"></trkpt>
    <trkpt lat="42.016940" lon="2.330881"></trkpt>
    <trkpt lat="42.017028" lon="2.331191"></trkpt>
    <trkpt lat="42.017137" lon="2.331665"></trkpt>
    <trkpt lat="42.017173" lon="2.331822"></trkpt>
    <trkpt lat="42.017245" lon="2.332143"></trkpt>
    <trkpt lat="42.017320" lon="2.332476"></trkpt>
    <trkpt lat="42.017573" lon="2.333748"></trkpt>
    <trkpt lat="42.017905" lon="2.335037"></trkpt>
    <trkpt lat="42.017953" lon="2.335302"></trkpt>
    <trkpt lat="42.017954" lon="2.335402"></trkpt>
    <trkpt lat="42.017927" lon="2.335520"></trkpt>
    <trkpt lat="42.017881" lon="2.335599"></trkpt>
    <trkpt lat="42.017844" lon="2.335663"></trkpt>
    <trkpt lat="42.017824" lon="2.335772"></trkpt>
    <trkpt lat="42.017827" lon="2.335872"></trkpt>
    <trkpt lat="42.017841" lon="2.335932"></trkpt>
    <trkpt lat="42.017879" lon="2.335960"></trkpt>
    <trkpt lat="42.018334" lon="2.336373"></trkpt>
    <trkpt lat="42.018590" lon="2.336719"></trkpt>
    <trkpt lat="42.018694" lon="2.337004"></trkpt>
    <trkpt lat="42.018921" lon="2.337562"></trkpt>
    <trkpt lat="42.018987" lon="2.337724"></trkpt>
    <trkpt lat="42.019271" lon="2.338427"></trkpt>
    <trkpt lat="42.019358" lon="2.338596"></trkpt>
    <trkpt lat="42.019413" lon="2.338657"></trkpt>
    <trkpt lat="42.019480" lon="2.338692"></trkpt>
    <trkpt lat="42.019583" lon="2.338708"></trkpt>
    <trkpt lat="42.019684" lon="2.338700"></trkpt>
    <trkpt lat="42.021450" lon="2.338437"></trkpt>
    <trkpt lat="42.021657" lon="2.338434"></trkpt>
    <trkpt lat="42.022129" lon="2.338534"></trkpt>
    <trkpt lat="42.023540" lon="2.338875"></trkpt>
    <trkpt lat="42.023654" lon="2.338948"></trkpt>
    <trkpt lat="42.023728" lon="2.339056"></trkpt>
    <trkpt lat="42.023761" lon="2.339167"></trkpt>
    <trkpt lat="42.023768" lon="2.339282"></trkpt>
    <trkpt lat="42.023711" lon="2.339485"></trkpt>
    <trkpt lat="42.023191" lon="2.341045"></trkpt>
    <trkpt lat="42.023148" lon="2.341193"></trkpt>
    <trkpt lat="42.023118" lon="2.341318"></trkpt>
    <trkpt lat="42.023112" lon="2.341572"></trkpt>
    <trkpt lat="42.023121" lon="2.341636"></trkpt>
    <trkpt lat="42.023294" lon="2.342838"></trkpt>
    <trkpt lat="42.023337" lon="2.343241"></trkpt>
    <trkpt lat="42.023327" lon="2.343550"></trkpt>
    <trkpt lat="42.023044" lon="2.345055"></trkpt>
    <trkpt lat="42.022999" lon="2.345313"></trkpt>
    <trkpt lat="42.022963" lon="2.345540"></trkpt>
    <trkpt lat="42.022946" lon="2.345691"></trkpt>
    <trkpt lat="42.022957" lon="2.345801"></trkpt>
    <trkpt lat="42.022976" lon="2.345873"></trkpt>
    <trkpt lat="42.023006" lon="2.345924"></trkpt>
    <trkpt lat="42.023053" lon="2.346006"></trkpt>
    <trkpt lat="42.023119" lon="2.346085"></trkpt>
    <trkpt lat="42.023255" lon="2.346244"></trkpt>
    <trkpt lat="42.024089" lon="2.347232"></trkpt>
    <trkpt lat="42.025042" lon="2.348362"></trkpt>
    <trkpt lat="42.025328" lon="2.348662"></trkpt>
    <trkpt lat="42.025619" lon="2.348756"></trkpt>
    <trkpt lat="42.026465" lon="2.348760"></trkpt>
    <trkpt lat="42.026922" lon="2.348762"></trkpt>
    <trkpt lat="42.027168" lon="2.348662"></trkpt>
    <trkpt lat="42.027407" lon="2.348523"></trkpt>
    <trkpt lat="42.027574" lon="2.348434"></trkpt>
    <trkpt lat="42.027705" lon="2.348442"></trkpt>
    <trkpt lat="42.027858" lon="2.348519"></trkpt>
    <trkpt lat="42.028950" lon="2.349176"></trkpt>
    <trkpt lat="42.028990" lon="2.349200"></trkpt>
    <trkpt lat="42.029223" lon="2.349305"></trkpt>
    <trkpt lat="42.029880" lon="2.349405"></trkpt>
    <trkpt lat="42.030193" lon="2.349455"></trkpt>
    <trkpt lat="42.030250" lon="2.349535"></trkpt>
    <trkpt lat="42.030283" lon="2.349594"></trkpt>
    <trkpt lat="42.030309" lon="2.349694"></trkpt>
    <trkpt lat="42.030286" lon="2.349818"></trkpt>
    <trkpt lat="42.030252" lon="2.349909"></trkpt>
    <trkpt lat="42.030115" lon="2.350018"></trkpt>
    <trkpt lat="42.028874" lon="2.350361"></trkpt>
    <trkpt lat="42.028735" lon="2.350422"></trkpt>
    <trkpt lat="42.028590" lon="2.350589"></trkpt>
    <trkpt lat="42.028260" lon="2.351325"></trkpt>
    <trkpt lat="42.028228" lon="2.351451"></trkpt>
    <trkpt lat="42.028220" lon="2.351588"></trkpt>
    <trkpt lat="42.028246" lon="2.351750"></trkpt>
    <trkpt lat="42.028314" lon="2.351880"></trkpt>
    <trkpt lat="42.028436" lon="2.351991"></trkpt>
    <trkpt lat="42.028581" lon="2.352053"></trkpt>
    <trkpt lat="42.029269" lon="2.352261"></trkpt>
    <trkpt lat="42.029422" lon="2.352347"></trkpt>
    <trkpt lat="42.029561" lon="2.352492"></trkpt>
    <trkpt lat="42.030274" lon="2.353695"></trkpt>
    <trkpt lat="42.030290" lon="2.353909"></trkpt>
    <trkpt lat="42.030175" lon="2.354164"></trkpt>
    <trkpt lat="42.029655" lon="2.354921"></trkpt>
    <trkpt lat="42.029186" lon="2.355618"></trkpt>
    <trkpt lat="42.028958" lon="2.356088"></trkpt>
    <trkpt lat="42.028820" lon="2.356506"></trkpt>
    <trkpt lat="42.028804" lon="2.356682"></trkpt>
    <trkpt lat="42.028824" lon="2.356802"></trkpt>
    <trkpt lat="42.028873" lon="2.356890"></trkpt>
    <trkpt lat="42.028906" lon="2.356929"></trkpt>
    <trkpt lat="42.029014" lon="2.357021"></trkpt>
    <trkpt lat="42.029184" lon="2.357103"></trkpt>
    <trkpt lat="42.029450" lon="2.357226"></trkpt>
    <trkpt lat="42.029603" lon="2.357312"></trkpt>
    <trkpt lat="42.029647" lon="2.357383"></trkpt>
    <trkpt lat="42.029698" lon="2.357467"></trkpt>
    <trkpt lat="42.029736" lon="2.357633"></trkpt>
    <trkpt lat="42.029678" lon="2.357779"></trkpt>
    <trkpt lat="42.029150" lon="2.358590"></trkpt>
    <trkpt lat="42.029089" lon="2.358776"></trkpt>
    <trkpt lat="42.029096" lon="2.358975"></trkpt>
    <trkpt lat="42.029116" lon="2.359103"></trkpt>
    <trkpt lat="42.029144" lon="2.359240"></trkpt>
    <trkpt lat="42.029206" lon="2.359556"></trkpt>
    <trkpt lat="42.029483" lon="2.360992"></trkpt>
    <trkpt lat="42.029521" lon="2.361136"></trkpt>
    <trkpt lat="42.029559" lon="2.361242"></trkpt>
    <trkpt lat="42.029601" lon="2.361309"></trkpt>
    <trkpt lat="42.029701" lon="2.361398"></trkpt>
    <trkpt lat="42.030190" lon="2.361665"></trkpt>
    <trkpt lat="42.030470" lon="2.361813"></trkpt>
    <trkpt lat="42.030618" lon="2.361888"></trkpt>
    <trkpt lat="42.030719" lon="2.361976"></trkpt>
    <trkpt lat="42.030830" lon="2.362110"></trkpt>
    <trkpt lat="42.030961" lon="2.362306"></trkpt>
    <trkpt lat="42.031105" lon="2.362511"></trkpt>
    <trkpt lat="42.031165" lon="2.362575"></trkpt>
    <trkpt lat="42.031262" lon="2.362639"></trkpt>
    <trkpt lat="42.031372" lon="2.362664"></trkpt>
    <trkpt lat="42.031479" lon="2.362657"></trkpt>
    <trkpt lat="42.032034" lon="2.362639"></trkpt>
    <trkpt lat="42.032434" lon="2.362607"></trkpt>
    <trkpt lat="42.032506" lon="2.362601"></trkpt>
    <trkpt lat="42.032688" lon="2.362628"></trkpt>
    <trkpt lat="42.033577" lon="2.362931"></trkpt>
    <trkpt lat="42.033759" lon="2.362949"></trkpt>
    <trkpt lat="42.034078" lon="2.362800"></trkpt>
    <trkpt lat="42.034092" lon="2.362795"></trkpt>
    <trkpt lat="42.034289" lon="2.362729"></trkpt>
    <trkpt lat="42.034464" lon="2.362747"></trkpt>
    <trkpt lat="42.034697" lon="2.362803"></trkpt>
    <trkpt lat="42.035340" lon="2.362992"></trkpt>
    <trkpt lat="42.036205" lon="2.363247"></trkpt>
    <trkpt lat="42.036500" lon="2.363290"></trkpt>
    <trkpt lat="42.036764" lon="2.363236"></trkpt>
    <trkpt lat="42.036986" lon="2.363150"></trkpt>
    <trkpt lat="42.039189" lon="2.362104"></trkpt>
    <trkpt lat="42.039341" lon="2.362064"></trkpt>
    <trkpt lat="42.039531" lon="2.362082"></trkpt>
    <trkpt lat="42.040405" lon="2.362385"></trkpt>
    <trkpt lat="42.040573" lon="2.362530"></trkpt>
    <trkpt lat="42.040640" lon="2.362783"></trkpt>
    <trkpt lat="42.040540" lon="2.363038"></trkpt>
    <trkpt lat="42.040194" lon="2.363627"></trkpt>
    <trkpt lat="42.040151" lon="2.363832"></trkpt>
    <trkpt lat="42.040197" lon="2.364232"></trkpt>
    <trkpt lat="42.040279" lon="2.364621"></trkpt>
    <trkpt lat="42.040346" lon="2.364777"></trkpt>
    <trkpt lat="42.040484" lon="2.364863"></trkpt>
    <trkpt lat="42.041952" lon="2.365785"></trkpt>
    <trkpt lat="42.042113" lon="2.365979"></trkpt>
    <trkpt lat="42.042202" lon="2.366281"></trkpt>
    <trkpt lat="42.042182" lon="2.366554"></trkpt>
    <trkpt lat="42.041944" lon="2.366976"></trkpt>
    <trkpt lat="42.041707" lon="2.367535"></trkpt>
    <trkpt lat="42.041654" lon="2.367667"></trkpt>
    <trkpt lat="42.041625" lon="2.367740"></trkpt>
    <trkpt lat="42.041577" lon="2.367963"></trkpt>
    <trkpt lat="42.041563" lon="2.368153"></trkpt>
    <trkpt lat="42.041570" lon="2.368341"></trkpt>
    <trkpt lat="42.041613" lon="2.368506"></trkpt>
    <trkpt lat="42.041686" lon="2.368639"></trkpt>
    <trkpt lat="42.041837" lon="2.368793"></trkpt>
    <trkpt lat="42.042174" lon="2.369111"></trkpt>
    <trkpt lat="42.042532" lon="2.369381"></trkpt>
    <trkpt lat="42.043529" lon="2.369557"></trkpt>
    <trkpt lat="42.043937" lon="2.369553"></trkpt>
    <trkpt lat="42.044436" lon="2.369471"></trkpt>
    <trkpt lat="42.044511" lon="2.369459"></trkpt>
    <trkpt lat="42.044708" lon="2.369486"></trkpt>
    <trkpt lat="42.045641" lon="2.370004"></trkpt>
    <trkpt lat="42.045853" lon="2.370149"></trkpt>
    <trkpt lat="42.045927" lon="2.370275"></trkpt>
    <trkpt lat="42.045921" lon="2.370607"></trkpt>
    <trkpt lat="42.045850" lon="2.370803"></trkpt>
    <trkpt lat="42.045517" lon="2.371235"></trkpt>
    <trkpt lat="42.045454" lon="2.371607"></trkpt>
    <trkpt lat="42.045522" lon="2.372133"></trkpt>
    <trkpt lat="42.045393" lon="2.372417"></trkpt>
    <trkpt lat="42.045190" lon="2.372468"></trkpt>
    <trkpt lat="42.044928" lon="2.372481"></trkpt>
    <trkpt lat="42.044747" lon="2.372648"></trkpt>
    <trkpt lat="42.044330" lon="2.373589"></trkpt>
    <trkpt lat="42.044353" lon="2.373892"></trkpt>
    <trkpt lat="42.044651" lon="2.375089"></trkpt>
    <trkpt lat="42.044616" lon="2.375363"></trkpt>
    <trkpt lat="42.044371" lon="2.375892"></trkpt>
    <trkpt lat="42.044293" lon="2.376195"></trkpt>
    <trkpt lat="42.044368" lon="2.376546"></trkpt>
    <trkpt lat="42.045068" lon="2.377673"></trkpt>
    <trkpt lat="42.045113" lon="2.377732"></trkpt>
    <trkpt lat="42.045212" lon="2.377859"></trkpt>
    <trkpt lat="42.045248" lon="2.377906"></trkpt>
    <trkpt lat="42.045472" lon="2.378031"></trkpt>
    <trkpt lat="42.046464" lon="2.378175"></trkpt>
    <trkpt lat="42.046598" lon="2.378162"></trkpt>
    <trkpt lat="42.046690" lon="2.378153"></trkpt>
    <trkpt lat="42.047089" lon="2.377925"></trkpt>
    <trkpt lat="42.047329" lon="2.377913"></trkpt>
    <trkpt lat="42.047511" lon="2.378057"></trkpt>
    <trkpt lat="42.048464" lon="2.379346"></trkpt>
    <trkpt lat="42.048698" lon="2.379510"></trkpt>
    <trkpt lat="42.048924" lon="2.379654"></trkpt>
    <trkpt lat="42.049042" lon="2.379887"></trkpt>
    <trkpt lat="42.049043" lon="2.380131"></trkpt>
    <trkpt lat="42.048935" lon="2.380386"></trkpt>
    <trkpt lat="42.048206" lon="2.381291"></trkpt>
    <trkpt lat="42.048156" lon="2.381545"></trkpt>
    <trkpt lat="42.048237" lon="2.381808"></trkpt>
    <trkpt lat="42.048486" lon="2.381991"></trkpt>
    <trkpt lat="42.050068" lon="2.382520"></trkpt>
    <trkpt lat="42.050300" lon="2.382598"></trkpt>
    <trkpt lat="42.050439" lon="2.382734"></trkpt>
    <trkpt lat="42.050506" lon="2.382928"></trkpt>
    <trkpt lat="42.050464" lon="2.383182"></trkpt>
    <trkpt lat="42.050211" lon="2.383565"></trkpt>
    <trkpt lat="42.050037" lon="2.383674"></trkpt>
    <trkpt lat="42.049833" lon="2.383667"></trkpt>
    <trkpt lat="42.049205" lon="2.383243"></trkpt>
    <trkpt lat="42.049082" lon="2.383206"></trkpt>
    <trkpt lat="42.048922" lon="2.383275"></trkpt>
    <trkpt lat="42.048313" lon="2.383740"></trkpt>
    <trkpt lat="42.048220" lon="2.383917"></trkpt>
    <trkpt lat="42.048206" lon="2.384112"></trkpt>
    <trkpt lat="42.048244" lon="2.384346"></trkpt>
    <trkpt lat="42.048412" lon="2.384578"></trkpt>
    <trkpt lat="42.048999" lon="2.385461"></trkpt>
    <trkpt lat="42.049015" lon="2.385627"></trkpt>
    <trkpt lat="42.048999" lon="2.385725"></trkpt>
    <trkpt lat="42.048993" lon="2.385764"></trkpt>
    <trkpt lat="42.048929" lon="2.385891"></trkpt>
    <trkpt lat="42.048784" lon="2.386000"></trkpt>
    <trkpt lat="42.048661" lon="2.386028"></trkpt>
    <trkpt lat="42.047970" lon="2.386183"></trkpt>
    <trkpt lat="42.047861" lon="2.386262"></trkpt>
    <trkpt lat="42.047782" lon="2.386419"></trkpt>
    <trkpt lat="42.047769" lon="2.386625"></trkpt>
    <trkpt lat="42.047821" lon="2.386849"></trkpt>
    <trkpt lat="42.048217" lon="2.387586"></trkpt>
    <trkpt lat="42.048255" lon="2.387850"></trkpt>
    <trkpt lat="42.048220" lon="2.388045"></trkpt>
    <trkpt lat="42.047199" lon="2.390378"></trkpt>
    <trkpt lat="42.047215" lon="2.390651"></trkpt>
    <trkpt lat="42.047311" lon="2.390806"></trkpt>
    <trkpt lat="42.047500" lon="2.390902"></trkpt>
    <trkpt lat="42.047568" lon="2.390906"></trkpt>
    <trkpt lat="42.047811" lon="2.390920"></trkpt>
    <trkpt lat="42.047856" lon="2.390923"></trkpt>
    <trkpt lat="42.051040" lon="2.391110"></trkpt>
    <trkpt lat="42.051146" lon="2.391148"></trkpt>
    <trkpt lat="42.051223" lon="2.391197"></trkpt>
    <trkpt lat="42.051268" lon="2.391266"></trkpt>
    <trkpt lat="42.051294" lon="2.391321"></trkpt>
    <trkpt lat="42.051310" lon="2.391356"></trkpt>
    <trkpt lat="42.051327" lon="2.391471"></trkpt>
    <trkpt lat="42.051317" lon="2.391575"></trkpt>
    <trkpt lat="42.051280" lon="2.391676"></trkpt>
    <trkpt lat="42.051191" lon="2.391873"></trkpt>
    <trkpt lat="42.051014" lon="2.392256"></trkpt>
    <trkpt lat="42.051313" lon="2.392495"></trkpt>
    <trkpt lat="42.051433" lon="2.392650"></trkpt>
    <trkpt lat="42.051571" lon="2.392884"></trkpt>
    <trkpt lat="42.051846" lon="2.393383"></trkpt>
    <trkpt lat="42.052175" lon="2.393914"></trkpt>
    <trkpt lat="42.052385" lon="2.394207"></trkpt>
    <trkpt lat="42.052511" lon="2.394390"></trkpt>
    <trkpt lat="42.052612" lon="2.394505"></trkpt>
    <trkpt lat="42.052680" lon="2.394543"></trkpt>
    <trkpt lat="42.052761" lon="2.394551"></trkpt>
    <trkpt lat="42.052833" lon="2.394524"></trkpt>
    <trkpt lat="42.052906" lon="2.394464"></trkpt>
    <trkpt lat="42.052979" lon="2.394374"></trkpt>
    <trkpt lat="42.053024" lon="2.394268"></trkpt>
    <trkpt lat="42.053068" lon="2.394166"></trkpt>
    <trkpt lat="42.053189" lon="2.394050"></trkpt>
    <trkpt lat="42.053362" lon="2.393925"></trkpt>
    <trkpt lat="42.053482" lon="2.393846"></trkpt>
    <trkpt lat="42.053614" lon="2.393714"></trkpt>
    <trkpt lat="42.053698" lon="2.393582"></trkpt>
    <trkpt lat="42.053810" lon="2.393473"></trkpt>
    <trkpt lat="42.053888" lon="2.393420"></trkpt>
    <trkpt lat="42.053941" lon="2.393379"></trkpt>
    <trkpt lat="42.054081" lon="2.393345"></trkpt>
    <trkpt lat="42.054168" lon="2.393285"></trkpt>
    <trkpt lat="42.054218" lon="2.393176"></trkpt>
    <trkpt lat="42.054252" lon="2.392999"></trkpt>
    <trkpt lat="42.054302" lon="2.392874"></trkpt>
    <trkpt lat="42.054386" lon="2.392791"></trkpt>
    <trkpt lat="42.054490" lon="2.392814"></trkpt>
    <trkpt lat="42.054559" lon="2.392908"></trkpt>
    <trkpt lat="42.054694" lon="2.393202"></trkpt>
    <trkpt lat="42.054822" lon="2.393409"></trkpt>
    <trkpt lat="42.054906" lon="2.393639"></trkpt>
    <trkpt lat="42.054954" lon="2.393707"></trkpt>
    <trkpt lat="42.055060" lon="2.393726"></trkpt>
    <trkpt lat="42.055113" lon="2.393665"></trkpt>
    <trkpt lat="42.055094" lon="2.393492"></trkpt>
    <trkpt lat="42.055046" lon="2.393341"></trkpt>
    <trkpt lat="42.055038" lon="2.393187"></trkpt>
    <trkpt lat="42.055057" lon="2.393089"></trkpt>
    <trkpt lat="42.055136" lon="2.393006"></trkpt>
    <trkpt lat="42.055245" lon="2.392927"></trkpt>
    <trkpt lat="42.055365" lon="2.392874"></trkpt>
    <trkpt lat="42.055586" lon="2.392863"></trkpt>
    <trkpt lat="42.055832" lon="2.392886"></trkpt>
    <trkpt lat="42.055980" lon="2.392927"></trkpt>
    <trkpt lat="42.056025" lon="2.393006"></trkpt>
    <trkpt lat="42.056006" lon="2.393112"></trkpt>
    <trkpt lat="42.055952" lon="2.393161"></trkpt>
    <trkpt lat="42.055799" lon="2.393296"></trkpt>
    <trkpt lat="42.055737" lon="2.393391"></trkpt>
    <trkpt lat="42.055724" lon="2.393474"></trkpt>
    <trkpt lat="42.055759" lon="2.393677"></trkpt>
    <trkpt lat="42.055869" lon="2.393869"></trkpt>
    <trkpt lat="42.055989" lon="2.393986"></trkpt>
    <trkpt lat="42.056159" lon="2.394035"></trkpt>
    <trkpt lat="42.056380" lon="2.394057"></trkpt>
    <trkpt lat="42.056559" lon="2.394129"></trkpt>
    <trkpt lat="42.056697" lon="2.394302"></trkpt>
    <trkpt lat="42.056792" lon="2.394543"></trkpt>
    <trkpt lat="42.056862" lon="2.394709"></trkpt>
    <trkpt lat="42.056951" lon="2.394818"></trkpt>
    <trkpt lat="42.057108" lon="2.395052"></trkpt>
    <trkpt lat="42.057248" lon="2.395334"></trkpt>
    <trkpt lat="42.057382" lon="2.395639"></trkpt>
    <trkpt lat="42.057499" lon="2.395877"></trkpt>
    <trkpt lat="42.057681" lon="2.396076"></trkpt>
    <trkpt lat="42.057801" lon="2.396227"></trkpt>
    <trkpt lat="42.057888" lon="2.396498"></trkpt>
    <trkpt lat="42.058000" lon="2.396653"></trkpt>
    <trkpt lat="42.058171" lon="2.396777"></trkpt>
    <trkpt lat="42.058255" lon="2.396807"></trkpt>
    <trkpt lat="42.058389" lon="2.396785"></trkpt>
    <trkpt lat="42.058512" lon="2.396743"></trkpt>
    <trkpt lat="42.058627" lon="2.396758"></trkpt>
    <trkpt lat="42.058783" lon="2.396928"></trkpt>
    <trkpt lat="42.058982" lon="2.397207"></trkpt>
    <trkpt lat="42.059130" lon="2.397301"></trkpt>
    <trkpt lat="42.059362" lon="2.397358"></trkpt>
    <trkpt lat="42.059450" lon="2.397394"></trkpt>
    <trkpt lat="42.059499" lon="2.397452"></trkpt>
    <trkpt lat="42.059547" lon="2.397562"></trkpt>
    <trkpt lat="42.059569" lon="2.397689"></trkpt>
    <trkpt lat="42.059586" lon="2.397907"></trkpt>
    <trkpt lat="42.059642" lon="2.398107"></trkpt>
    <trkpt lat="42.059726" lon="2.398197"></trkpt>
    <trkpt lat="42.059900" lon="2.398272"></trkpt>
    <trkpt lat="42.059968" lon="2.398267"></trkpt>
    <trkpt lat="42.060024" lon="2.398230"></trkpt>
    <trkpt lat="42.060129" lon="2.398126"></trkpt>
    <trkpt lat="42.060213" lon="2.398066"></trkpt>
    <trkpt lat="42.060302" lon="2.398039"></trkpt>
    <trkpt lat="42.060618" lon="2.398028"></trkpt>
    <trkpt lat="42.061058" lon="2.398029"></trkpt>
    <trkpt lat="42.061414" lon="2.397994"></trkpt>
    <trkpt lat="42.061809" lon="2.397935"></trkpt>
    <trkpt lat="42.061852" lon="2.397923"></trkpt>
    <trkpt lat="42.061890" lon="2.397913"></trkpt>
    <trkpt lat="42.062081" lon="2.397866"></trkpt>
    <trkpt lat="42.062167" lon="2.397857"></trkpt>
    <trkpt lat="42.062233" lon="2.397850"></trkpt>
    <trkpt lat="42.062403" lon="2.397866"></trkpt>
    <trkpt lat="42.062615" lon="2.397964"></trkpt>
    <trkpt lat="42.062738" lon="2.398083"></trkpt>
    <trkpt lat="42.062823" lon="2.398215"></trkpt>
    <trkpt lat="42.062870" lon="2.398269"></trkpt>
    <trkpt lat="42.063210" lon="2.398369"></trkpt>
    <trkpt lat="42.063380" lon="2.398495"></trkpt>
    <trkpt lat="42.063435" lon="2.398536"></trkpt>
    <trkpt lat="42.063505" lon="2.398560"></trkpt>
    <trkpt lat="42.063590" lon="2.398565"></trkpt>
    <trkpt lat="42.063840" lon="2.398646"></trkpt>
    <trkpt lat="42.064061" lon="2.398702"></trkpt>
    <trkpt lat="42.064134" lon="2.398712"></trkpt>
    <trkpt lat="42.064198" lon="2.398683"></trkpt>
    <trkpt lat="42.064236" lon="2.398641"></trkpt>
    <trkpt lat="42.064277" lon="2.398578"></trkpt>
    <trkpt lat="42.064352" lon="2.398463"></trkpt>
    <trkpt lat="42.064458" lon="2.398397"></trkpt>
    <trkpt lat="42.064709" lon="2.398335"></trkpt>
    <trkpt lat="42.064917" lon="2.398322"></trkpt>
    <trkpt lat="42.065130" lon="2.398371"></trkpt>
    <trkpt lat="42.065245" lon="2.398365"></trkpt>
    <trkpt lat="42.065332" lon="2.398312"></trkpt>
    <trkpt lat="42.065549" lon="2.398175"></trkpt>
    <trkpt lat="42.065694" lon="2.398152"></trkpt>
    <trkpt lat="42.065865" lon="2.398190"></trkpt>
    <trkpt lat="42.066052" lon="2.398243"></trkpt>
    <trkpt lat="42.066234" lon="2.398122"></trkpt>
    <trkpt lat="42.066550" lon="2.397776"></trkpt>
    <trkpt lat="42.066836" lon="2.397440"></trkpt>
    <trkpt lat="42.066945" lon="2.397414"></trkpt>
    <trkpt lat="42.067219" lon="2.397384"></trkpt>
    <trkpt lat="42.067442" lon="2.397293"></trkpt>
    <trkpt lat="42.067772" lon="2.397079"></trkpt>
    <trkpt lat="42.067929" lon="2.396992"></trkpt>
    <trkpt lat="42.068066" lon="2.396920"></trkpt>
    <trkpt lat="42.068388" lon="2.396853"></trkpt>
    <trkpt lat="42.068646" lon="2.396805"></trkpt>
    <trkpt lat="42.068676" lon="2.396800"></trkpt>
    <trkpt lat="42.068874" lon="2.396762"></trkpt>
    <trkpt lat="42.069079" lon="2.396770"></trkpt>
    <trkpt lat="42.069260" lon="2.396657"></trkpt>
    <trkpt lat="42.069395" lon="2.396544"></trkpt>
    <trkpt lat="42.069582" lon="2.396495"></trkpt>
    <trkpt lat="42.069682" lon="2.396480"></trkpt>
    <trkpt lat="42.069773" lon="2.396446"></trkpt>
    <trkpt lat="42.069823" lon="2.396402"></trkpt>
    <trkpt lat="42.069856" lon="2.396363"></trkpt>
    <trkpt lat="42.069990" lon="2.396125"></trkpt>
    <trkpt lat="42.070138" lon="2.395930"></trkpt>
    <trkpt lat="42.070264" lon="2.395832"></trkpt>
    <trkpt lat="42.070337" lon="2.395820"></trkpt>
    <trkpt lat="42.070530" lon="2.395869"></trkpt>
    <trkpt lat="42.070804" lon="2.396009"></trkpt>
    <trkpt lat="42.070991" lon="2.396156"></trkpt>
    <trkpt lat="42.071212" lon="2.396400"></trkpt>
    <trkpt lat="42.071307" lon="2.396487"></trkpt>
    <trkpt lat="42.071428" lon="2.396551"></trkpt>
    <trkpt lat="42.071556" lon="2.396578"></trkpt>
    <trkpt lat="42.071741" lon="2.396604"></trkpt>
    <trkpt lat="42.071882" lon="2.396626"></trkpt>
    <trkpt lat="42.071951" lon="2.396574"></trkpt>
    <trkpt lat="42.072021" lon="2.396536"></trkpt>
    <trkpt lat="42.072135" lon="2.396593"></trkpt>
    <trkpt lat="42.072207" lon="2.396634"></trkpt>
    <trkpt lat="42.072258" lon="2.396664"></trkpt>
    <trkpt lat="42.072434" lon="2.396664"></trkpt>
    <trkpt lat="42.072603" lon="2.396602"></trkpt>
    <trkpt lat="42.072658" lon="2.396581"></trkpt>
    <trkpt lat="42.072818" lon="2.396510"></trkpt>
    <trkpt lat="42.072904" lon="2.396351"></trkpt>
    <trkpt lat="42.073195" lon="2.395368"></trkpt>
    <trkpt lat="42.073276" lon="2.395072"></trkpt>
    <trkpt lat="42.073310" lon="2.394950"></trkpt>
    <trkpt lat="42.073371" lon="2.394852"></trkpt>
    <trkpt lat="42.073519" lon="2.394826"></trkpt>
    <trkpt lat="42.073704" lon="2.394788"></trkpt>
    <trkpt lat="42.073897" lon="2.394683"></trkpt>
    <trkpt lat="42.074056" lon="2.394505"></trkpt>
    <trkpt lat="42.074171" lon="2.394351"></trkpt>
    <trkpt lat="42.074258" lon="2.394140"></trkpt>
    <trkpt lat="42.074333" lon="2.393918"></trkpt>
    <trkpt lat="42.074356" lon="2.393763"></trkpt>
    <trkpt lat="42.074339" lon="2.393613"></trkpt>
    <trkpt lat="42.074266" lon="2.393375"></trkpt>
    <trkpt lat="42.074258" lon="2.393217"></trkpt>
    <trkpt lat="42.074274" lon="2.392961"></trkpt>
    <trkpt lat="42.074280" lon="2.392633"></trkpt>
    <trkpt lat="42.074311" lon="2.392490"></trkpt>
    <trkpt lat="42.074378" lon="2.392339"></trkpt>
    <trkpt lat="42.074409" lon="2.392177"></trkpt>
    <trkpt lat="42.074403" lon="2.391951"></trkpt>
    <trkpt lat="42.074389" lon="2.391876"></trkpt>
    <trkpt lat="42.074364" lon="2.391736"></trkpt>
    <trkpt lat="42.074336" lon="2.391488"></trkpt>
    <trkpt lat="42.074320" lon="2.391309"></trkpt>
    <trkpt lat="42.074346" lon="2.391203"></trkpt>
    <trkpt lat="42.074379" lon="2.391160"></trkpt>
    <trkpt lat="42.074432" lon="2.391126"></trkpt>
    <trkpt lat="42.074493" lon="2.391116"></trkpt>
    <trkpt lat="42.074554" lon="2.391112"></trkpt>
    <trkpt lat="42.074659" lon="2.391121"></trkpt>
    <trkpt lat="42.074768" lon="2.391187"></trkpt>
    <trkpt lat="42.074841" lon="2.391232"></trkpt>
    <trkpt lat="42.074915" lon="2.391239"></trkpt>
    <trkpt lat="42.074990" lon="2.391225"></trkpt>
    <trkpt lat="42.075083" lon="2.391180"></trkpt>
    <trkpt lat="42.075381" lon="2.391041"></trkpt>
    <trkpt lat="42.075498" lon="2.391022"></trkpt>
    <trkpt lat="42.075570" lon="2.391022"></trkpt>
    <trkpt lat="42.075643" lon="2.391013"></trkpt>
    <trkpt lat="42.075706" lon="2.391010"></trkpt>
    <trkpt lat="42.075783" lon="2.391032"></trkpt>
    <trkpt lat="42.075908" lon="2.391036"></trkpt>
    <trkpt lat="42.076008" lon="2.391039"></trkpt>
    <trkpt lat="42.076163" lon="2.391017"></trkpt>
    <trkpt lat="42.076197" lon="2.391024"></trkpt>
    <trkpt lat="42.076235" lon="2.391046"></trkpt>
    <trkpt lat="42.076261" lon="2.391102"></trkpt>
    <trkpt lat="42.076281" lon="2.391185"></trkpt>
    <trkpt lat="42.076309" lon="2.391319"></trkpt>
    <trkpt lat="42.076326" lon="2.391416"></trkpt>
    <trkpt lat="42.076398" lon="2.391593"></trkpt>
    <trkpt lat="42.076430" lon="2.391680"></trkpt>
    <trkpt lat="42.076473" lon="2.391749"></trkpt>
    <trkpt lat="42.076529" lon="2.391805"></trkpt>
    <trkpt lat="42.076596" lon="2.391834"></trkpt>
    <trkpt lat="42.076664" lon="2.391836"></trkpt>
    <trkpt lat="42.076787" lon="2.391838"></trkpt>
    <trkpt lat="42.076857" lon="2.391789"></trkpt>
    <trkpt lat="42.076890" lon="2.391751"></trkpt>
    <trkpt lat="42.076953" lon="2.391669"></trkpt>
    <trkpt lat="42.077028" lon="2.391527"></trkpt>
    <trkpt lat="42.077058" lon="2.391437"></trkpt>
    <trkpt lat="42.077116" lon="2.391367"></trkpt>
    <trkpt lat="42.077193" lon="2.391315"></trkpt>
    <trkpt lat="42.077328" lon="2.391230"></trkpt>
    <trkpt lat="42.077552" lon="2.391109"></trkpt>
    <trkpt lat="42.077638" lon="2.391062"></trkpt>
    <trkpt lat="42.077734" lon="2.391008"></trkpt>
    <trkpt lat="42.077818" lon="2.390984"></trkpt>
    <trkpt lat="42.077949" lon="2.390982"></trkpt>
    <trkpt lat="42.078035" lon="2.390996"></trkpt>
    <trkpt lat="42.078128" lon="2.391022"></trkpt>
    <trkpt lat="42.078219" lon="2.391029"></trkpt>
    <trkpt lat="42.078301" lon="2.391020"></trkpt>
    <trkpt lat="42.078406" lon="2.390987"></trkpt>
    <trkpt lat="42.078491" lon="2.390930"></trkpt>
    <trkpt lat="42.078571" lon="2.390914"></trkpt>
    <trkpt lat="42.078660" lon="2.390864"></trkpt>
    <trkpt lat="42.078715" lon="2.390798"></trkpt>
    <trkpt lat="42.078818" lon="2.390741"></trkpt>
    <trkpt lat="42.078913" lon="2.390725"></trkpt>
    <trkpt lat="42.079030" lon="2.390708"></trkpt>
    <trkpt lat="42.079256" lon="2.390713"></trkpt>
    <trkpt lat="42.079370" lon="2.390713"></trkpt>
    <trkpt lat="42.079475" lon="2.390715"></trkpt>
    <trkpt lat="42.079571" lon="2.390751"></trkpt>
    <trkpt lat="42.079721" lon="2.390805"></trkpt>
    <trkpt lat="42.079799" lon="2.390876"></trkpt>
    <trkpt lat="42.079881" lon="2.390947"></trkpt>
    <trkpt lat="42.079967" lon="2.390977"></trkpt>
    <trkpt lat="42.080058" lon="2.391001"></trkpt>
    <trkpt lat="42.080128" lon="2.391020"></trkpt>
    <trkpt lat="42.080224" lon="2.391046"></trkpt>
    <trkpt lat="42.080277" lon="2.391095"></trkpt>
    <trkpt lat="42.080315" lon="2.391161"></trkpt>
    <trkpt lat="42.080333" lon="2.391225"></trkpt>
    <trkpt lat="42.080368" lon="2.391286"></trkpt>
    <trkpt lat="42.080413" lon="2.391298"></trkpt>
    <trkpt lat="42.080469" lon="2.391296"></trkpt>
    <trkpt lat="42.080525" lon="2.391275"></trkpt>
    <trkpt lat="42.080593" lon="2.391277"></trkpt>
    <trkpt lat="42.080669" lon="2.391303"></trkpt>
    <trkpt lat="42.080737" lon="2.391357"></trkpt>
    <trkpt lat="42.080844" lon="2.391459"></trkpt>
    <trkpt lat="42.080928" lon="2.391546"></trkpt>
    <trkpt lat="42.081047" lon="2.391739"></trkpt>
    <trkpt lat="42.081091" lon="2.391857"></trkpt>
    <trkpt lat="42.081141" lon="2.391935"></trkpt>
    <trkpt lat="42.081217" lon="2.392018"></trkpt>
    <trkpt lat="42.081283" lon="2.392084"></trkpt>
    <trkpt lat="42.081339" lon="2.392105"></trkpt>
    <trkpt lat="42.081401" lon="2.392129"></trkpt>
    <trkpt lat="42.081441" lon="2.392166"></trkpt>
    <trkpt lat="42.081506" lon="2.392261"></trkpt>
    <trkpt lat="42.081570" lon="2.392379"></trkpt>
    <trkpt lat="42.081618" lon="2.392475"></trkpt>
    <trkpt lat="42.081637" lon="2.392534"></trkpt>
    <trkpt lat="42.081663" lon="2.392563"></trkpt>
    <trkpt lat="42.081704" lon="2.392607"></trkpt>
    <trkpt lat="42.081753" lon="2.392659"></trkpt>
    <trkpt lat="42.081789" lon="2.392709"></trkpt>
    <trkpt lat="42.081830" lon="2.392777"></trkpt>
    <trkpt lat="42.081852" lon="2.392822"></trkpt>
    <trkpt lat="42.081868" lon="2.392888"></trkpt>
    <trkpt lat="42.081858" lon="2.392971"></trkpt>
    <trkpt lat="42.081826" lon="2.393038"></trkpt>
    <trkpt lat="42.081759" lon="2.393164"></trkpt>
    <trkpt lat="42.081672" lon="2.393291"></trkpt>
    <trkpt lat="42.081610" lon="2.393375"></trkpt>
    <trkpt lat="42.081566" lon="2.393481"></trkpt>
    <trkpt lat="42.081543" lon="2.393558"></trkpt>
    <trkpt lat="42.081536" lon="2.393628"></trkpt>
    <trkpt lat="42.081533" lon="2.393711"></trkpt>
    <trkpt lat="42.081548" lon="2.393858"></trkpt>
    <trkpt lat="42.081538" lon="2.393978"></trkpt>
    <trkpt lat="42.081514" lon="2.394038"></trkpt>
    <trkpt lat="42.081469" lon="2.394105"></trkpt>
    <trkpt lat="42.081392" lon="2.394212"></trkpt>
    <trkpt lat="42.081335" lon="2.394275"></trkpt>
    <trkpt lat="42.081323" lon="2.394385"></trkpt>
    <trkpt lat="42.081325" lon="2.394475"></trkpt>
    <trkpt lat="42.081343" lon="2.394556"></trkpt>
    <trkpt lat="42.081377" lon="2.394619"></trkpt>
    <trkpt lat="42.081442" lon="2.394676"></trkpt>
    <trkpt lat="42.081526" lon="2.394726"></trkpt>
    <trkpt lat="42.081687" lon="2.394856"></trkpt>
    <trkpt lat="42.081806" lon="2.394993"></trkpt>
    <trkpt lat="42.081910" lon="2.395126"></trkpt>
    <trkpt lat="42.081996" lon="2.395276"></trkpt>
    <trkpt lat="42.082071" lon="2.395420"></trkpt>
    <trkpt lat="42.082172" lon="2.395630"></trkpt>
    <trkpt lat="42.082229" lon="2.395730"></trkpt>
    <trkpt lat="42.082286" lon="2.395843"></trkpt>
    <trkpt lat="42.082378" lon="2.395907"></trkpt>
    <trkpt lat="42.082454" lon="2.395950"></trkpt>
    <trkpt lat="42.082541" lon="2.395993"></trkpt>
    <trkpt lat="42.082601" lon="2.396040"></trkpt>
    <trkpt lat="42.082658" lon="2.396137"></trkpt>
    <trkpt lat="42.082690" lon="2.396234"></trkpt>
    <trkpt lat="42.082700" lon="2.396337"></trkpt>
    <trkpt lat="42.082692" lon="2.396414"></trkpt>
    <trkpt lat="42.082670" lon="2.396467"></trkpt>
    <trkpt lat="42.082625" lon="2.396517"></trkpt>
    <trkpt lat="42.082603" lon="2.396584"></trkpt>
    <trkpt lat="42.082618" lon="2.396634"></trkpt>
    <trkpt lat="42.082662" lon="2.396657"></trkpt>
    <trkpt lat="42.082759" lon="2.396694"></trkpt>
    <trkpt lat="42.082906" lon="2.396716"></trkpt>
    <trkpt lat="42.082965" lon="2.396716"></trkpt>
    <trkpt lat="42.083120" lon="2.396747"></trkpt>
    <trkpt lat="42.083607" lon="2.396806"></trkpt>
    <trkpt lat="42.083792" lon="2.396817"></trkpt>
    <trkpt lat="42.083981" lon="2.396811"></trkpt>
    <trkpt lat="42.084107" lon="2.396779"></trkpt>
    <trkpt lat="42.084170" lon="2.396754"></trkpt>
    <trkpt lat="42.084231" lon="2.396741"></trkpt>
    <trkpt lat="42.084342" lon="2.396736"></trkpt>
    <trkpt lat="42.084459" lon="2.396709"></trkpt>
    <trkpt lat="42.084515" lon="2.396704"></trkpt>
    <trkpt lat="42.084566" lon="2.396719"></trkpt>
    <trkpt lat="42.084657" lon="2.396772"></trkpt>
    <trkpt lat="42.084787" lon="2.396857"></trkpt>
    <trkpt lat="42.084857" lon="2.396909"></trkpt>
    <trkpt lat="42.084909" lon="2.396957"></trkpt>
    <trkpt lat="42.084857" lon="2.396909"></trkpt>
    <trkpt lat="42.084787" lon="2.396857"></trkpt>
    <trkpt lat="42.084657" lon="2.396772"></trkpt>
    <trkpt lat="42.084566" lon="2.396719"></trkpt>
    <trkpt lat="42.084515" lon="2.396704"></trkpt>
    <trkpt lat="42.084459" lon="2.396709"></trkpt>
    <trkpt lat="42.084342" lon="2.396736"></trkpt>
    <trkpt lat="42.084231" lon="2.396741"></trkpt>
    <trkpt lat="42.084170" lon="2.396754"></trkpt>
    <trkpt lat="42.084107" lon="2.396779"></trkpt>
    <trkpt lat="42.083981" lon="2.396811"></trkpt>
    <trkpt lat="42.083792" lon="2.396817"></trkpt>
    <trkpt lat="42.083607" lon="2.396806"></trkpt>
    <trkpt lat="42.083120" lon="2.396747"></trkpt>
    <trkpt lat="42.082965" lon="2.396716"></trkpt>
    <trkpt lat="42.082906" lon="2.396716"></trkpt>
    <trkpt lat="42.082759" lon="2.396694"></trkpt>
    <trkpt lat="42.082662" lon="2.396657"></trkpt>
    <trkpt lat="42.082618" lon="2.396634"></trkpt>
    <trkpt lat="42.082603" lon="2.396584"></trkpt>
    <trkpt lat="42.082625" lon="2.396517"></trkpt>
    <trkpt lat="42.082670" lon="2.396467"></trkpt>
    <trkpt lat="42.082692" lon="2.396414"></trkpt>
    <trkpt lat="42.082700" lon="2.396337"></trkpt>
    <trkpt lat="42.082690" lon="2.396234"></trkpt>
    <trkpt lat="42.082658" lon="2.396137"></trkpt>
    <trkpt lat="42.082601" lon="2.396040"></trkpt>
    <trkpt lat="42.082541" lon="2.395993"></trkpt>
    <trkpt lat="42.082454" lon="2.395950"></trkpt>
    <trkpt lat="42.082378" lon="2.395907"></trkpt>
    <trkpt lat="42.082286" lon="2.395843"></trkpt>
    <trkpt lat="42.082229" lon="2.395730"></trkpt>
    <trkpt lat="42.082172" lon="2.395630"></trkpt>
    <trkpt lat="42.082071" lon="2.395420"></trkpt>
    <trkpt lat="42.081996" lon="2.395276"></trkpt>
    <trkpt lat="42.081910" lon="2.395126"></trkpt>
    <trkpt lat="42.081806" lon="2.394993"></trkpt>
    <trkpt lat="42.081747" lon="2.394925"></trkpt>
    <trkpt lat="42.081687" lon="2.394856"></trkpt>
    <trkpt lat="42.081526" lon="2.394726"></trkpt>
    <trkpt lat="42.081442" lon="2.394676"></trkpt>
    <trkpt lat="42.081377" lon="2.394619"></trkpt>
    <trkpt lat="42.081343" lon="2.394556"></trkpt>
    <trkpt lat="42.081325" lon="2.394475"></trkpt>
    <trkpt lat="42.081323" lon="2.394385"></trkpt>
    <trkpt lat="42.081335" lon="2.394275"></trkpt>
    <trkpt lat="42.081392" lon="2.394212"></trkpt>
    <trkpt lat="42.081469" lon="2.394105"></trkpt>
    <trkpt lat="42.081514" lon="2.394038"></trkpt>
    <trkpt lat="42.081538" lon="2.393978"></trkpt>
    <trkpt lat="42.081548" lon="2.393858"></trkpt>
    <trkpt lat="42.081533" lon="2.393711"></trkpt>
    <trkpt lat="42.081536" lon="2.393628"></trkpt>
    <trkpt lat="42.081543" lon="2.393558"></trkpt>
    <trkpt lat="42.081566" lon="2.393481"></trkpt>
    <trkpt lat="42.081610" lon="2.393375"></trkpt>
    <trkpt lat="42.081672" lon="2.393291"></trkpt>
    <trkpt lat="42.081759" lon="2.393164"></trkpt>
    <trkpt lat="42.081826" lon="2.393038"></trkpt>
    <trkpt lat="42.081858" lon="2.392971"></trkpt>
    <trkpt lat="42.081868" lon="2.392888"></trkpt>
    <trkpt lat="42.081852" lon="2.392822"></trkpt>
    <trkpt lat="42.081830" lon="2.392777"></trkpt>
    <trkpt lat="42.081789" lon="2.392709"></trkpt>
    <trkpt lat="42.081753" lon="2.392659"></trkpt>
    <trkpt lat="42.081704" lon="2.392607"></trkpt>
    <trkpt lat="42.081663" lon="2.392563"></trkpt>
    <trkpt lat="42.081637" lon="2.392534"></trkpt>
    <trkpt lat="42.081618" lon="2.392475"></trkpt>
    <trkpt lat="42.081570" lon="2.392379"></trkpt>
    <trkpt lat="42.081506" lon="2.392261"></trkpt>
    <trkpt lat="42.081441" lon="2.392166"></trkpt>
    <trkpt lat="42.081401" lon="2.392129"></trkpt>
    <trkpt lat="42.081339" lon="2.392105"></trkpt>
    <trkpt lat="42.081283" lon="2.392084"></trkpt>
    <trkpt lat="42.081217" lon="2.392018"></trkpt>
    <trkpt lat="42.081141" lon="2.391935"></trkpt>
    <trkpt lat="42.081091" lon="2.391857"></trkpt>
    <trkpt lat="42.081047" lon="2.391739"></trkpt>
    <trkpt lat="42.080928" lon="2.391546"></trkpt>
    <trkpt lat="42.080844" lon="2.391459"></trkpt>
    <trkpt lat="42.080737" lon="2.391357"></trkpt>
    <trkpt lat="42.080669" lon="2.391303"></trkpt>
    <trkpt lat="42.080593" lon="2.391277"></trkpt>
    <trkpt lat="42.080525" lon="2.391275"></trkpt>
    <trkpt lat="42.080469" lon="2.391296"></trkpt>
    <trkpt lat="42.080413" lon="2.391298"></trkpt>
    <trkpt lat="42.080368" lon="2.391286"></trkpt>
    <trkpt lat="42.080333" lon="2.391225"></trkpt>
    <trkpt lat="42.080315" lon="2.391161"></trkpt>
    <trkpt lat="42.080277" lon="2.391095"></trkpt>
    <trkpt lat="42.080224" lon="2.391046"></trkpt>
    <trkpt lat="42.080128" lon="2.391020"></trkpt>
    <trkpt lat="42.080058" lon="2.391001"></trkpt>
    <trkpt lat="42.079967" lon="2.390977"></trkpt>
    <trkpt lat="42.079881" lon="2.390947"></trkpt>
    <trkpt lat="42.079799" lon="2.390876"></trkpt>
    <trkpt lat="42.079721" lon="2.390805"></trkpt>
    <trkpt lat="42.079571" lon="2.390751"></trkpt>
    <trkpt lat="42.079475" lon="2.390715"></trkpt>
    <trkpt lat="42.079370" lon="2.390713"></trkpt>
    <trkpt lat="42.079256" lon="2.390713"></trkpt>
    <trkpt lat="42.079030" lon="2.390708"></trkpt>
    <trkpt lat="42.078913" lon="2.390725"></trkpt>
    <trkpt lat="42.078818" lon="2.390741"></trkpt>
    <trkpt lat="42.078715" lon="2.390798"></trkpt>
    <trkpt lat="42.078660" lon="2.390864"></trkpt>
    <trkpt lat="42.078571" lon="2.390914"></trkpt>
    <trkpt lat="42.078491" lon="2.390930"></trkpt>
    <trkpt lat="42.078406" lon="2.390987"></trkpt>
    <trkpt lat="42.078301" lon="2.391020"></trkpt>
    <trkpt lat="42.078219" lon="2.391029"></trkpt>
    <trkpt lat="42.078128" lon="2.391022"></trkpt>
    <trkpt lat="42.078035" lon="2.390996"></trkpt>
    <trkpt lat="42.077949" lon="2.390982"></trkpt>
    <trkpt lat="42.077818" lon="2.390984"></trkpt>
    <trkpt lat="42.077734" lon="2.391008"></trkpt>
    <trkpt lat="42.077638" lon="2.391062"></trkpt>
    <trkpt lat="42.077552" lon="2.391109"></trkpt>
    <trkpt lat="42.077328" lon="2.391230"></trkpt>
    <trkpt lat="42.077193" lon="2.391315"></trkpt>
    <trkpt lat="42.077116" lon="2.391367"></trkpt>
    <trkpt lat="42.077058" lon="2.391437"></trkpt>
    <trkpt lat="42.077028" lon="2.391527"></trkpt>
    <trkpt lat="42.076953" lon="2.391669"></trkpt>
    <trkpt lat="42.076890" lon="2.391751"></trkpt>
    <trkpt lat="42.076857" lon="2.391789"></trkpt>
    <trkpt lat="42.076787" lon="2.391838"></trkpt>
    <trkpt lat="42.076664" lon="2.391836"></trkpt>
    <trkpt lat="42.076596" lon="2.391834"></trkpt>
    <trkpt lat="42.076529" lon="2.391805"></trkpt>
    <trkpt lat="42.076473" lon="2.391749"></trkpt>
    <trkpt lat="42.076430" lon="2.391680"></trkpt>
    <trkpt lat="42.076398" lon="2.391593"></trkpt>
    <trkpt lat="42.076326" lon="2.391416"></trkpt>
    <trkpt lat="42.076309" lon="2.391319"></trkpt>
    <trkpt lat="42.076281" lon="2.391185"></trkpt>
    <trkpt lat="42.076261" lon="2.391102"></trkpt>
    <trkpt lat="42.076235" lon="2.391046"></trkpt>
    <trkpt lat="42.076197" lon="2.391024"></trkpt>
    <trkpt lat="42.076163" lon="2.391017"></trkpt>
    <trkpt lat="42.076008" lon="2.391039"></trkpt>
    <trkpt lat="42.075908" lon="2.391036"></trkpt>
    <trkpt lat="42.075783" lon="2.391032"></trkpt>
    <trkpt lat="42.075706" lon="2.391010"></trkpt>
    <trkpt lat="42.075643" lon="2.391013"></trkpt>
    <trkpt lat="42.075570" lon="2.391022"></trkpt>
    <trkpt lat="42.075498" lon="2.391022"></trkpt>
    <trkpt lat="42.075381" lon="2.391041"></trkpt>
    <trkpt lat="42.075083" lon="2.391180"></trkpt>
    <trkpt lat="42.074990" lon="2.391225"></trkpt>
    <trkpt lat="42.074915" lon="2.391239"></trkpt>
    <trkpt lat="42.074841" lon="2.391232"></trkpt>
    <trkpt lat="42.074768" lon="2.391187"></trkpt>
    <trkpt lat="42.074659" lon="2.391121"></trkpt>
    <trkpt lat="42.074554" lon="2.391112"></trkpt>
    <trkpt lat="42.074493" lon="2.391116"></trkpt>
    <trkpt lat="42.074432" lon="2.391126"></trkpt>
    <trkpt lat="42.074379" lon="2.391160"></trkpt>
    <trkpt lat="42.074346" lon="2.391203"></trkpt>
    <trkpt lat="42.074320" lon="2.391309"></trkpt>
    <trkpt lat="42.074336" lon="2.391488"></trkpt>
    <trkpt lat="42.074364" lon="2.391736"></trkpt>
    <trkpt lat="42.074389" lon="2.391876"></trkpt>
    <trkpt lat="42.074403" lon="2.391951"></trkpt>
    <trkpt lat="42.074409" lon="2.392177"></trkpt>
    <trkpt lat="42.074378" lon="2.392339"></trkpt>
    <trkpt lat="42.074311" lon="2.392490"></trkpt>
    <trkpt lat="42.074280" lon="2.392633"></trkpt>
    <trkpt lat="42.074274" lon="2.392961"></trkpt>
    <trkpt lat="42.074258" lon="2.393217"></trkpt>
    <trkpt lat="42.074266" lon="2.393375"></trkpt>
    <trkpt lat="42.074339" lon="2.393613"></trkpt>
    <trkpt lat="42.074356" lon="2.393763"></trkpt>
    <trkpt lat="42.074333" lon="2.393918"></trkpt>
    <trkpt lat="42.074258" lon="2.394140"></trkpt>
    <trkpt lat="42.074171" lon="2.394351"></trkpt>
    <trkpt lat="42.074056" lon="2.394505"></trkpt>
    <trkpt lat="42.073897" lon="2.394683"></trkpt>
    <trkpt lat="42.073704" lon="2.394788"></trkpt>
    <trkpt lat="42.073519" lon="2.394826"></trkpt>
    <trkpt lat="42.073371" lon="2.394852"></trkpt>
    <trkpt lat="42.073310" lon="2.394950"></trkpt>
    <trkpt lat="42.073276" lon="2.395072"></trkpt>
    <trkpt lat="42.073195" lon="2.395368"></trkpt>
    <trkpt lat="42.072904" lon="2.396351"></trkpt>
    <trkpt lat="42.072818" lon="2.396510"></trkpt>
    <trkpt lat="42.072658" lon="2.396581"></trkpt>
    <trkpt lat="42.072603" lon="2.396602"></trkpt>
    <trkpt lat="42.072434" lon="2.396664"></trkpt>
    <trkpt lat="42.072258" lon="2.396664"></trkpt>
    <trkpt lat="42.072207" lon="2.396634"></trkpt>
    <trkpt lat="42.072135" lon="2.396593"></trkpt>
    <trkpt lat="42.072021" lon="2.396536"></trkpt>
    <trkpt lat="42.071951" lon="2.396574"></trkpt>
    <trkpt lat="42.071882" lon="2.396626"></trkpt>
    <trkpt lat="42.071741" lon="2.396604"></trkpt>
    <trkpt lat="42.071556" lon="2.396578"></trkpt>
    <trkpt lat="42.071428" lon="2.396551"></trkpt>
    <trkpt lat="42.071307" lon="2.396487"></trkpt>
    <trkpt lat="42.071212" lon="2.396400"></trkpt>
    <trkpt lat="42.070991" lon="2.396156"></trkpt>
    <trkpt lat="42.070804" lon="2.396009"></trkpt>
    <trkpt lat="42.070530" lon="2.395869"></trkpt>
    <trkpt lat="42.070337" lon="2.395820"></trkpt>
    <trkpt lat="42.070264" lon="2.395832"></trkpt>
    <trkpt lat="42.070138" lon="2.395930"></trkpt>
    <trkpt lat="42.069990" lon="2.396125"></trkpt>
    <trkpt lat="42.069856" lon="2.396363"></trkpt>
    <trkpt lat="42.069823" lon="2.396402"></trkpt>
    <trkpt lat="42.069773" lon="2.396446"></trkpt>
    <trkpt lat="42.069682" lon="2.396480"></trkpt>
    <trkpt lat="42.069582" lon="2.396495"></trkpt>
    <trkpt lat="42.069395" lon="2.396544"></trkpt>
    <trkpt lat="42.069260" lon="2.396657"></trkpt>
    <trkpt lat="42.069079" lon="2.396770"></trkpt>
    <trkpt lat="42.068874" lon="2.396762"></trkpt>
    <trkpt lat="42.068676" lon="2.396800"></trkpt>
    <trkpt lat="42.068646" lon="2.396805"></trkpt>
    <trkpt lat="42.068388" lon="2.396853"></trkpt>
    <trkpt lat="42.068066" lon="2.396920"></trkpt>
    <trkpt lat="42.067929" lon="2.396992"></trkpt>
    <trkpt lat="42.067772" lon="2.397079"></trkpt>
    <trkpt lat="42.067442" lon="2.397293"></trkpt>
    <trkpt lat="42.067219" lon="2.397384"></trkpt>
    <trkpt lat="42.066945" lon="2.397414"></trkpt>
    <trkpt lat="42.066836" lon="2.397440"></trkpt>
    <trkpt lat="42.066550" lon="2.397776"></trkpt>
    <trkpt lat="42.066234" lon="2.398122"></trkpt>
    <trkpt lat="42.066052" lon="2.398243"></trkpt>
    <trkpt lat="42.065865" lon="2.398190"></trkpt>
    <trkpt lat="42.065694" lon="2.398152"></trkpt>
    <trkpt lat="42.065549" lon="2.398175"></trkpt>
    <trkpt lat="42.065332" lon="2.398312"></trkpt>
    <trkpt lat="42.065245" lon="2.398365"></trkpt>
    <trkpt lat="42.065130" lon="2.398371"></trkpt>
    <trkpt lat="42.064917" lon="2.398322"></trkpt>
    <trkpt lat="42.064709" lon="2.398335"></trkpt>
    <trkpt lat="42.064458" lon="2.398397"></trkpt>
    <trkpt lat="42.064352" lon="2.398463"></trkpt>
    <trkpt lat="42.064277" lon="2.398578"></trkpt>
    <trkpt lat="42.064236" lon="2.398641"></trkpt>
    <trkpt lat="42.064198" lon="2.398683"></trkpt>
    <trkpt lat="42.064134" lon="2.398712"></trkpt>
    <trkpt lat="42.064061" lon="2.398702"></trkpt>
    <trkpt lat="42.063840" lon="2.398646"></trkpt>
    <trkpt lat="42.063590" lon="2.398565"></trkpt>
    <trkpt lat="42.063505" lon="2.398560"></trkpt>
    <trkpt lat="42.063435" lon="2.398536"></trkpt>
    <trkpt lat="42.063380" lon="2.398495"></trkpt>
    <trkpt lat="42.063210" lon="2.398369"></trkpt>
    <trkpt lat="42.062870" lon="2.398269"></trkpt>
    <trkpt lat="42.062823" lon="2.398215"></trkpt>
    <trkpt lat="42.062738" lon="2.398083"></trkpt>
    <trkpt lat="42.062615" lon="2.397964"></trkpt>
    <trkpt lat="42.062403" lon="2.397866"></trkpt>
    <trkpt lat="42.062233" lon="2.397850"></trkpt>
    <trkpt lat="42.062167" lon="2.397857"></trkpt>
    <trkpt lat="42.062081" lon="2.397866"></trkpt>
    <trkpt lat="42.061890" lon="2.397913"></trkpt>
    <trkpt lat="42.061852" lon="2.397923"></trkpt>
    <trkpt lat="42.061809" lon="2.397935"></trkpt>
    <trkpt lat="42.061414" lon="2.397994"></trkpt>
    <trkpt lat="42.061058" lon="2.398029"></trkpt>
    <trkpt lat="42.060618" lon="2.398028"></trkpt>
    <trkpt lat="42.060302" lon="2.398039"></trkpt>
    <trkpt lat="42.060213" lon="2.398066"></trkpt>
    <trkpt lat="42.060129" lon="2.398126"></trkpt>
    <trkpt lat="42.060024" lon="2.398230"></trkpt>
    <trkpt lat="42.059968" lon="2.398267"></trkpt>
    <trkpt lat="42.059900" lon="2.398272"></trkpt>
    <trkpt lat="42.059726" lon="2.398197"></trkpt>
    <trkpt lat="42.059642" lon="2.398107"></trkpt>
    <trkpt lat="42.059586" lon="2.397907"></trkpt>
    <trkpt lat="42.059569" lon="2.397689"></trkpt>
    <trkpt lat="42.059547" lon="2.397562"></trkpt>
    <trkpt lat="42.059499" lon="2.397452"></trkpt>
    <trkpt lat="42.059450" lon="2.397394"></trkpt>
    <trkpt lat="42.059362" lon="2.397358"></trkpt>
    <trkpt lat="42.059130" lon="2.397301"></trkpt>
    <trkpt lat="42.058982" lon="2.397207"></trkpt>
    <trkpt lat="42.058783" lon="2.396928"></trkpt>
    <trkpt lat="42.058627" lon="2.396758"></trkpt>
    <trkpt lat="42.058512" lon="2.396743"></trkpt>
    <trkpt lat="42.058389" lon="2.396785"></trkpt>
    <trkpt lat="42.058255" lon="2.396807"></trkpt>
    <trkpt lat="42.058171" lon="2.396777"></trkpt>
    <trkpt lat="42.058000" lon="2.396653"></trkpt>
    <trkpt lat="42.057888" lon="2.396498"></trkpt>
    <trkpt lat="42.057801" lon="2.396227"></trkpt>
    <trkpt lat="42.057681" lon="2.396076"></trkpt>
    <trkpt lat="42.057499" lon="2.395877"></trkpt>
    <trkpt lat="42.057382" lon="2.395639"></trkpt>
    <trkpt lat="42.057248" lon="2.395334"></trkpt>
    <trkpt lat="42.057108" lon="2.395052"></trkpt>
    <trkpt lat="42.056951" lon="2.394818"></trkpt>
    <trkpt lat="42.056862" lon="2.394709"></trkpt>
    <trkpt lat="42.056792" lon="2.394543"></trkpt>
    <trkpt lat="42.056697" lon="2.394302"></trkpt>
    <trkpt lat="42.056559" lon="2.394129"></trkpt>
    <trkpt lat="42.056380" lon="2.394057"></trkpt>
    <trkpt lat="42.056159" lon="2.394035"></trkpt>
    <trkpt lat="42.055989" lon="2.393986"></trkpt>
    <trkpt lat="42.055869" lon="2.393869"></trkpt>
    <trkpt lat="42.055759" lon="2.393677"></trkpt>
    <trkpt lat="42.055724" lon="2.393474"></trkpt>
    <trkpt lat="42.055737" lon="2.393391"></trkpt>
    <trkpt lat="42.055799" lon="2.393296"></trkpt>
    <trkpt lat="42.055952" lon="2.393161"></trkpt>
    <trkpt lat="42.056006" lon="2.393112"></trkpt>
    <trkpt lat="42.056025" lon="2.393006"></trkpt>
    <trkpt lat="42.055980" lon="2.392927"></trkpt>
    <trkpt lat="42.055832" lon="2.392886"></trkpt>
    <trkpt lat="42.055586" lon="2.392863"></trkpt>
    <trkpt lat="42.055365" lon="2.392874"></trkpt>
    <trkpt lat="42.055245" lon="2.392927"></trkpt>
    <trkpt lat="42.055136" lon="2.393006"></trkpt>
    <trkpt lat="42.055057" lon="2.393089"></trkpt>
    <trkpt lat="42.055038" lon="2.393187"></trkpt>
    <trkpt lat="42.055046" lon="2.393341"></trkpt>
    <trkpt lat="42.055094" lon="2.393492"></trkpt>
    <trkpt lat="42.055113" lon="2.393665"></trkpt>
    <trkpt lat="42.055060" lon="2.393726"></trkpt>
    <trkpt lat="42.054954" lon="2.393707"></trkpt>
    <trkpt lat="42.054906" lon="2.393639"></trkpt>
    <trkpt lat="42.054822" lon="2.393409"></trkpt>
    <trkpt lat="42.054694" lon="2.393202"></trkpt>
    <trkpt lat="42.054559" lon="2.392908"></trkpt>
    <trkpt lat="42.054490" lon="2.392814"></trkpt>
    <trkpt lat="42.054386" lon="2.392791"></trkpt>
    <trkpt lat="42.054302" lon="2.392874"></trkpt>
    <trkpt lat="42.054252" lon="2.392999"></trkpt>
    <trkpt lat="42.054218" lon="2.393176"></trkpt>
    <trkpt lat="42.054168" lon="2.393285"></trkpt>
    <trkpt lat="42.054081" lon="2.393345"></trkpt>
    <trkpt lat="42.053941" lon="2.393379"></trkpt>
    <trkpt lat="42.053888" lon="2.393420"></trkpt>
    <trkpt lat="42.053810" lon="2.393473"></trkpt>
    <trkpt lat="42.053698" lon="2.393582"></trkpt>
    <trkpt lat="42.053614" lon="2.393714"></trkpt>
    <trkpt lat="42.053482" lon="2.393846"></trkpt>
    <trkpt lat="42.053362" lon="2.393925"></trkpt>
    <trkpt lat="42.053189" lon="2.394050"></trkpt>
    <trkpt lat="42.053068" lon="2.394166"></trkpt>
    <trkpt lat="42.053024" lon="2.394268"></trkpt>
    <trkpt lat="42.052979" lon="2.394374"></trkpt>
    <trkpt lat="42.052906" lon="2.394464"></trkpt>
    <trkpt lat="42.052833" lon="2.394524"></trkpt>
    <trkpt lat="42.052761" lon="2.394551"></trkpt>
    <trkpt lat="42.052680" lon="2.394543"></trkpt>
    <trkpt lat="42.052612" lon="2.394505"></trkpt>
    <trkpt lat="42.052511" lon="2.394390"></trkpt>
    <trkpt lat="42.052385" lon="2.394207"></trkpt>
    <trkpt lat="42.052175" lon="2.393914"></trkpt>
    <trkpt lat="42.051846" lon="2.393383"></trkpt>
    <trkpt lat="42.051571" lon="2.392884"></trkpt>
    <trkpt lat="42.051433" lon="2.392650"></trkpt>
    <trkpt lat="42.051313" lon="2.392495"></trkpt>
    <trkpt lat="42.051014" lon="2.392256"></trkpt>
    <trkpt lat="42.051191" lon="2.391873"></trkpt>
    <trkpt lat="42.051280" lon="2.391676"></trkpt>
    <trkpt lat="42.051317" lon="2.391575"></trkpt>
    <trkpt lat="42.051327" lon="2.391471"></trkpt>
    <trkpt lat="42.051310" lon="2.391356"></trkpt>
    <trkpt lat="42.051294" lon="2.391321"></trkpt>
    <trkpt lat="42.051268" lon="2.391266"></trkpt>
    <trkpt lat="42.051223" lon="2.391197"></trkpt>
    <trkpt lat="42.051146" lon="2.391148"></trkpt>
    <trkpt lat="42.051040" lon="2.391110"></trkpt>
    <trkpt lat="42.047856" lon="2.390923"></trkpt>
    <trkpt lat="42.047811" lon="2.390920"></trkpt>
    <trkpt lat="42.047568" lon="2.390906"></trkpt>
    <trkpt lat="42.047500" lon="2.390902"></trkpt>
    <trkpt lat="42.047311" lon="2.390806"></trkpt>
    <trkpt lat="42.047215" lon="2.390651"></trkpt>
    <trkpt lat="42.047199" lon="2.390378"></trkpt>
    <trkpt lat="42.048220" lon="2.388045"></trkpt>
    <trkpt lat="42.048255" lon="2.387850"></trkpt>
    <trkpt lat="42.048217" lon="2.387586"></trkpt>
    <trkpt lat="42.047821" lon="2.386849"></trkpt>
    <trkpt lat="42.047769" lon="2.386625"></trkpt>
    <trkpt lat="42.047782" lon="2.386419"></trkpt>
    <trkpt lat="42.047861" lon="2.386262"></trkpt>
    <trkpt lat="42.047970" lon="2.386183"></trkpt>
    <trkpt lat="42.048661" lon="2.386028"></trkpt>
    <trkpt lat="42.048784" lon="2.386000"></trkpt>
    <trkpt lat="42.048929" lon="2.385891"></trkpt>
    <trkpt lat="42.048993" lon="2.385764"></trkpt>
    <trkpt lat="42.048999" lon="2.385725"></trkpt>
    <trkpt lat="42.049015" lon="2.385627"></trkpt>
    <trkpt lat="42.048999" lon="2.385461"></trkpt>
    <trkpt lat="42.048412" lon="2.384578"></trkpt>
    <trkpt lat="42.048244" lon="2.384346"></trkpt>
    <trkpt lat="42.048206" lon="2.384112"></trkpt>
    <trkpt lat="42.048220" lon="2.383917"></trkpt>
    <trkpt lat="42.048313" lon="2.383740"></trkpt>
    <trkpt lat="42.048922" lon="2.383275"></trkpt>
    <trkpt lat="42.049082" lon="2.383206"></trkpt>
    <trkpt lat="42.049205" lon="2.383243"></trkpt>
    <trkpt lat="42.049833" lon="2.383667"></trkpt>
    <trkpt lat="42.050037" lon="2.383674"></trkpt>
    <trkpt lat="42.050211" lon="2.383565"></trkpt>
    <trkpt lat="42.050464" lon="2.383182"></trkpt>
    <trkpt lat="42.050506" lon="2.382928"></trkpt>
    <trkpt lat="42.050439" lon="2.382734"></trkpt>
    <trkpt lat="42.050300" lon="2.382598"></trkpt>
    <trkpt lat="42.050068" lon="2.382520"></trkpt>
    <trkpt lat="42.048486" lon="2.381991"></trkpt>
    <trkpt lat="42.048237" lon="2.381808"></trkpt>
    <trkpt lat="42.048156" lon="2.381545"></trkpt>
    <trkpt lat="42.048206" lon="2.381291"></trkpt>
    <trkpt lat="42.048935" lon="2.380386"></trkpt>
    <trkpt lat="42.049043" lon="2.380131"></trkpt>
    <trkpt lat="42.049042" lon="2.379887"></trkpt>
    <trkpt lat="42.048924" lon="2.379654"></trkpt>
    <trkpt lat="42.048698" lon="2.379510"></trkpt>
    <trkpt lat="42.048464" lon="2.379346"></trkpt>
    <trkpt lat="42.047511" lon="2.378057"></trkpt>
    <trkpt lat="42.047329" lon="2.377913"></trkpt>
    <trkpt lat="42.047089" lon="2.377925"></trkpt>
    <trkpt lat="42.046690" lon="2.378153"></trkpt>
    <trkpt lat="42.046598" lon="2.378162"></trkpt>
    <trkpt lat="42.046464" lon="2.378175"></trkpt>
    <trkpt lat="42.045472" lon="2.378031"></trkpt>
    <trkpt lat="42.045248" lon="2.377906"></trkpt>
    <trkpt lat="42.045212" lon="2.377859"></trkpt>
    <trkpt lat="42.045113" lon="2.377732"></trkpt>
    <trkpt lat="42.045068" lon="2.377673"></trkpt>
    <trkpt lat="42.044368" lon="2.376546"></trkpt>
    <trkpt lat="42.044293" lon="2.376195"></trkpt>
    <trkpt lat="42.044371" lon="2.375892"></trkpt>
    <trkpt lat="42.044616" lon="2.375363"></trkpt>
    <trkpt lat="42.044651" lon="2.375089"></trkpt>
    <trkpt lat="42.044353" lon="2.373892"></trkpt>
    <trkpt lat="42.044330" lon="2.373589"></trkpt>
    <trkpt lat="42.044747" lon="2.372648"></trkpt>
    <trkpt lat="42.044928" lon="2.372481"></trkpt>
    <trkpt lat="42.045190" lon="2.372468"></trkpt>
    <trkpt lat="42.045393" lon="2.372417"></trkpt>
    <trkpt lat="42.045522" lon="2.372133"></trkpt>
    <trkpt lat="42.045454" lon="2.371607"></trkpt>
    <trkpt lat="42.045517" lon="2.371235"></trkpt>
    <trkpt lat="42.045850" lon="2.370803"></trkpt>
    <trkpt lat="42.045921" lon="2.370607"></trkpt>
    <trkpt lat="42.045927" lon="2.370275"></trkpt>
    <trkpt lat="42.045853" lon="2.370149"></trkpt>
    <trkpt lat="42.045641" lon="2.370004"></trkpt>
    <trkpt lat="42.044708" lon="2.369486"></trkpt>
    <trkpt lat="42.044511" lon="2.369459"></trkpt>
    <trkpt lat="42.044436" lon="2.369471"></trkpt>
    <trkpt lat="42.043937" lon="2.369553"></trkpt>
    <trkpt lat="42.043529" lon="2.369557"></trkpt>
    <trkpt lat="42.042532" lon="2.369381"></trkpt>
    <trkpt lat="42.042174" lon="2.369111"></trkpt>
    <trkpt lat="42.041837" lon="2.368793"></trkpt>
    <trkpt lat="42.041686" lon="2.368639"></trkpt>
    <trkpt lat="42.041613" lon="2.368506"></trkpt>
    <trkpt lat="42.041570" lon="2.368341"></trkpt>
    <trkpt lat="42.041563" lon="2.368153"></trkpt>
    <trkpt lat="42.041577" lon="2.367963"></trkpt>
    <trkpt lat="42.041625" lon="2.367740"></trkpt>
    <trkpt lat="42.041654" lon="2.367667"></trkpt>
    <trkpt lat="42.041707" lon="2.367535"></trkpt>
    <trkpt lat="42.041944" lon="2.366976"></trkpt>
    <trkpt lat="42.042182" lon="2.366554"></trkpt>
    <trkpt lat="42.042202" lon="2.366281"></trkpt>
    <trkpt lat="42.042113" lon="2.365979"></trkpt>
    <trkpt lat="42.041952" lon="2.365785"></trkpt>
    <trkpt lat="42.040484" lon="2.364863"></trkpt>
    <trkpt lat="42.040346" lon="2.364777"></trkpt>
    <trkpt lat="42.040279" lon="2.364621"></trkpt>
    <trkpt lat="42.040197" lon="2.364232"></trkpt>
    <trkpt lat="42.040151" lon="2.363832"></trkpt>
    <trkpt lat="42.040194" lon="2.363627"></trkpt>
    <trkpt lat="42.040540" lon="2.363038"></trkpt>
    <trkpt lat="42.040640" lon="2.362783"></trkpt>
    <trkpt lat="42.040573" lon="2.362530"></trkpt>
    <trkpt lat="42.040405" lon="2.362385"></trkpt>
    <trkpt lat="42.039531" lon="2.362082"></trkpt>
    <trkpt lat="42.039341" lon="2.362064"></trkpt>
    <trkpt lat="42.039189" lon="2.362104"></trkpt>
    <trkpt lat="42.036986" lon="2.363150"></trkpt>
    <trkpt lat="42.036764" lon="2.363236"></trkpt>
    <trkpt lat="42.036500" lon="2.363290"></trkpt>
    <trkpt lat="42.036205" lon="2.363247"></trkpt>
    <trkpt lat="42.035340" lon="2.362992"></trkpt>
    <trkpt lat="42.034697" lon="2.362803"></trkpt>
    <trkpt lat="42.034464" lon="2.362747"></trkpt>
    <trkpt lat="42.034289" lon="2.362729"></trkpt>
    <trkpt lat="42.034092" lon="2.362795"></trkpt>
    <trkpt lat="42.034078" lon="2.362800"></trkpt>
    <trkpt lat="42.033759" lon="2.362949"></trkpt>
    <trkpt lat="42.033577" lon="2.362931"></trkpt>
    <trkpt lat="42.032688" lon="2.362628"></trkpt>
    <trkpt lat="42.032506" lon="2.362601"></trkpt>
    <trkpt lat="42.032434" lon="2.362607"></trkpt>
    <trkpt lat="42.032034" lon="2.362639"></trkpt>
    <trkpt lat="42.031479" lon="2.362657"></trkpt>
    <trkpt lat="42.031372" lon="2.362664"></trkpt>
    <trkpt lat="42.031262" lon="2.362639"></trkpt>
    <trkpt lat="42.031165" lon="2.362575"></trkpt>
    <trkpt lat="42.031105" lon="2.362511"></trkpt>
    <trkpt lat="42.030961" lon="2.362306"></trkpt>
    <trkpt lat="42.030830" lon="2.362110"></trkpt>
    <trkpt lat="42.030719" lon="2.361976"></trkpt>
    <trkpt lat="42.030618" lon="2.361888"></trkpt>
    <trkpt lat="42.030470" lon="2.361813"></trkpt>
    <trkpt lat="42.030190" lon="2.361665"></trkpt>
    <trkpt lat="42.029701" lon="2.361398"></trkpt>
    <trkpt lat="42.029601" lon="2.361309"></trkpt>
    <trkpt lat="42.029559" lon="2.361242"></trkpt>
    <trkpt lat="42.029521" lon="2.361136"></trkpt>
    <trkpt lat="42.029483" lon="2.360992"></trkpt>
    <trkpt lat="42.029206" lon="2.359556"></trkpt>
    <trkpt lat="42.029144" lon="2.359240"></trkpt>
    <trkpt lat="42.029116" lon="2.359103"></trkpt>
    <trkpt lat="42.029096" lon="2.358975"></trkpt>
    <trkpt lat="42.029089" lon="2.358776"></trkpt>
    <trkpt lat="42.029150" lon="2.358590"></trkpt>
    <trkpt lat="42.029678" lon="2.357779"></trkpt>
    <trkpt lat="42.029736" lon="2.357633"></trkpt>
    <trkpt lat="42.029698" lon="2.357467"></trkpt>
    <trkpt lat="42.029647" lon="2.357383"></trkpt>
    <trkpt lat="42.029603" lon="2.357312"></trkpt>
    <trkpt lat="42.029450" lon="2.357226"></trkpt>
    <trkpt lat="42.029184" lon="2.357103"></trkpt>
    <trkpt lat="42.029014" lon="2.357021"></trkpt>
    <trkpt lat="42.028906" lon="2.356929"></trkpt>
    <trkpt lat="42.028873" lon="2.356890"></trkpt>
    <trkpt lat="42.028824" lon="2.356802"></trkpt>
    <trkpt lat="42.028804" lon="2.356682"></trkpt>
    <trkpt lat="42.028820" lon="2.356506"></trkpt>
    <trkpt lat="42.028958" lon="2.356088"></trkpt>
    <trkpt lat="42.029186" lon="2.355618"></trkpt>
    <trkpt lat="42.029655" lon="2.354921"></trkpt>
    <trkpt lat="42.030175" lon="2.354164"></trkpt>
    <trkpt lat="42.030290" lon="2.353909"></trkpt>
    <trkpt lat="42.030274" lon="2.353695"></trkpt>
    <trkpt lat="42.029561" lon="2.352492"></trkpt>
    <trkpt lat="42.029422" lon="2.352347"></trkpt>
    <trkpt lat="42.029269" lon="2.352261"></trkpt>
    <trkpt lat="42.028581" lon="2.352053"></trkpt>
    <trkpt lat="42.028436" lon="2.351991"></trkpt>
    <trkpt lat="42.028314" lon="2.351880"></trkpt>
    <trkpt lat="42.028246" lon="2.351750"></trkpt>
    <trkpt lat="42.028220" lon="2.351588"></trkpt>
    <trkpt lat="42.028228" lon="2.351451"></trkpt>
    <trkpt lat="42.028260" lon="2.351325"></trkpt>
    <trkpt lat="42.028590" lon="2.350589"></trkpt>
    <trkpt lat="42.028735" lon="2.350422"></trkpt>
    <trkpt lat="42.028874" lon="2.350361"></trkpt>
    <trkpt lat="42.030115" lon="2.350018"></trkpt>
    <trkpt lat="42.030252" lon="2.349909"></trkpt>
    <trkpt lat="42.030286" lon="2.349818"></trkpt>
    <trkpt lat="42.030309" lon="2.349694"></trkpt>
    <trkpt lat="42.030283" lon="2.349594"></trkpt>
    <trkpt lat="42.030250" lon="2.349535"></trkpt>
    <trkpt lat="42.030193" lon="2.349455"></trkpt>
    <trkpt lat="42.029880" lon="2.349405"></trkpt>
    <trkpt lat="42.029223" lon="2.349305"></trkpt>
    <trkpt lat="42.028990" lon="2.349200"></trkpt>
    <trkpt lat="42.028950" lon="2.349176"></trkpt>
    <trkpt lat="42.027858" lon="2.348519"></trkpt>
    <trkpt lat="42.027705" lon="2.348442"></trkpt>
    <trkpt lat="42.027574" lon="2.348434"></trkpt>
    <trkpt lat="42.027407" lon="2.348523"></trkpt>
    <trkpt lat="42.027168" lon="2.348662"></trkpt>
    <trkpt lat="42.026922" lon="2.348762"></trkpt>
    <trkpt lat="42.026465" lon="2.348760"></trkpt>
    <trkpt lat="42.025619" lon="2.348756"></trkpt>
    <trkpt lat="42.025328" lon="2.348662"></trkpt>
    <trkpt lat="42.025042" lon="2.348362"></trkpt>
    <trkpt lat="42.024089" lon="2.347232"></trkpt>
    <trkpt lat="42.023255" lon="2.346244"></trkpt>
    <trkpt lat="42.023119" lon="2.346085"></trkpt>
    <trkpt lat="42.023053" lon="2.346006"></trkpt>
    <trkpt lat="42.023006" lon="2.345924"></trkpt>
    <trkpt lat="42.022976" lon="2.345873"></trkpt>
    <trkpt lat="42.022957" lon="2.345801"></trkpt>
    <trkpt lat="42.022946" lon="2.345691"></trkpt>
    <trkpt lat="42.022963" lon="2.345540"></trkpt>
    <trkpt lat="42.022999" lon="2.345313"></trkpt>
    <trkpt lat="42.023044" lon="2.345055"></trkpt>
    <trkpt lat="42.023327" lon="2.343550"></trkpt>
    <trkpt lat="42.023337" lon="2.343241"></trkpt>
    <trkpt lat="42.023294" lon="2.342838"></trkpt>
    <trkpt lat="42.023121" lon="2.341636"></trkpt>
    <trkpt lat="42.023112" lon="2.341572"></trkpt>
    <trkpt lat="42.023118" lon="2.341318"></trkpt>
    <trkpt lat="42.023148" lon="2.341193"></trkpt>
    <trkpt lat="42.023191" lon="2.341045"></trkpt>
    <trkpt lat="42.023711" lon="2.339485"></trkpt>
    <trkpt lat="42.023768" lon="2.339282"></trkpt>
    <trkpt lat="42.023761" lon="2.339167"></trkpt>
    <trkpt lat="42.023728" lon="2.339056"></trkpt>
    <trkpt lat="42.023654" lon="2.338948"></trkpt>
    <trkpt lat="42.023540" lon="2.338875"></trkpt>
    <trkpt lat="42.022129" lon="2.338534"></trkpt>
    <trkpt lat="42.021657" lon="2.338434"></trkpt>
    <trkpt lat="42.021450" lon="2.338437"></trkpt>
    <trkpt lat="42.019684" lon="2.338700"></trkpt>
    <trkpt lat="42.019583" lon="2.338708"></trkpt>
    <trkpt lat="42.019480" lon="2.338692"></trkpt>
    <trkpt lat="42.019413" lon="2.338657"></trkpt>
    <trkpt lat="42.019358" lon="2.338596"></trkpt>
    <trkpt lat="42.019271" lon="2.338427"></trkpt>
    <trkpt lat="42.018987" lon="2.337724"></trkpt>
    <trkpt lat="42.018921" lon="2.337562"></trkpt>
    <trkpt lat="42.018694" lon="2.337004"></trkpt>
    <trkpt lat="42.018590" lon="2.336719"></trkpt>
    <trkpt lat="42.018334" lon="2.336373"></trkpt>
    <trkpt lat="42.017879" lon="2.335960"></trkpt>
    <trkpt lat="42.017841" lon="2.335932"></trkpt>
    <trkpt lat="42.017484" lon="2.335669"></trkpt>
    <trkpt lat="42.017400" lon="2.335612"></trkpt>
    <trkpt lat="42.015255" lon="2.334006"></trkpt>
    <trkpt lat="42.014764" lon="2.333638"></trkpt>
    <trkpt lat="42.014204" lon="2.333220"></trkpt>
    <trkpt lat="42.014041" lon="2.333109"></trkpt>
    <trkpt lat="42.013888" lon="2.333023"></trkpt>
    <trkpt lat="42.013845" lon="2.333011"></trkpt>
    <trkpt lat="42.013520" lon="2.332922"></trkpt>
    <trkpt lat="42.012337" lon="2.332705"></trkpt>
    <trkpt lat="42.011139" lon="2.332475"></trkpt>
    <trkpt lat="42.010684" lon="2.332388"></trkpt>
    <trkpt lat="42.010563" lon="2.332365"></trkpt>
    <trkpt lat="42.010250" lon="2.332287"></trkpt>
    <trkpt lat="42.010008" lon="2.332157"></trkpt>
    <trkpt lat="42.009399" lon="2.331827"></trkpt>
    <trkpt lat="42.007921" lon="2.330925"></trkpt>
    <trkpt lat="42.007861" lon="2.330888"></trkpt>
    <trkpt lat="42.007673" lon="2.330747"></trkpt>
    <trkpt lat="42.007593" lon="2.330697"></trkpt>
    <trkpt lat="42.007400" lon="2.330562"></trkpt>
    <trkpt lat="42.004715" lon="2.328831"></trkpt>
    <trkpt lat="42.002499" lon="2.328350"></trkpt>
    <trkpt lat="42.002227" lon="2.328156"></trkpt>
    <trkpt lat="42.001899" lon="2.327799"></trkpt>
    <trkpt lat="42.001818" lon="2.327686"></trkpt>
    <trkpt lat="42.001771" lon="2.327620"></trkpt>
    <trkpt lat="42.001592" lon="2.327350"></trkpt>
    <trkpt lat="42.000283" lon="2.325096"></trkpt>
    <trkpt lat="41.998735" lon="2.323565"></trkpt>
    <trkpt lat="41.998090" lon="2.322941"></trkpt>
    <trkpt lat="41.997858" lon="2.322717"></trkpt>
    <trkpt lat="41.995338" lon="2.320282"></trkpt>
    <trkpt lat="41.992779" lon="2.317809"></trkpt>
    <trkpt lat="41.991334" lon="2.316412"></trkpt>
    <trkpt lat="41.991308" lon="2.316386"></trkpt>
    <trkpt lat="41.991254" lon="2.316335"></trkpt>
    <trkpt lat="41.989090" lon="2.314244"></trkpt>
    <trkpt lat="41.988403" lon="2.313580"></trkpt>
    <trkpt lat="41.987777" lon="2.312974"></trkpt>
    <trkpt lat="41.987711" lon="2.312911"></trkpt>
    <trkpt lat="41.987562" lon="2.312767"></trkpt>
    <trkpt lat="41.987416" lon="2.312626"></trkpt>
    <trkpt lat="41.986955" lon="2.312174"></trkpt>
    <trkpt lat="41.986046" lon="2.311283"></trkpt>
    <trkpt lat="41.986056" lon="2.311264"></trkpt>
    <trkpt lat="41.986063" lon="2.311243"></trkpt>
    <trkpt lat="41.986067" lon="2.311221"></trkpt>
    <trkpt lat="41.986069" lon="2.311198"></trkpt>
    <trkpt lat="41.986068" lon="2.311176"></trkpt>
    <trkpt lat="41.986064" lon="2.311153"></trkpt>
    <trkpt lat="41.986058" lon="2.311132"></trkpt>
    <trkpt lat="41.986050" lon="2.311112"></trkpt>
    <trkpt lat="41.986038" lon="2.311092"></trkpt>
    <trkpt lat="41.986024" lon="2.311076"></trkpt>
    <trkpt lat="41.986008" lon="2.311062"></trkpt>
    <trkpt lat="41.985990" lon="2.311053"></trkpt>
    <trkpt lat="41.985971" lon="2.311048"></trkpt>
    <trkpt lat="41.985952" lon="2.311048"></trkpt>
    <trkpt lat="41.985934" lon="2.311052"></trkpt>
    <trkpt lat="41.985916" lon="2.311060"></trkpt>
    <trkpt lat="41.985899" lon="2.311072"></trkpt>
    <trkpt lat="41.985885" lon="2.311088"></trkpt>
    <trkpt lat="41.985872" lon="2.311107"></trkpt>
    <trkpt lat="41.985690" lon="2.310955"></trkpt>
    <trkpt lat="41.985641" lon="2.310908"></trkpt>
    <trkpt lat="41.984669" lon="2.309969"></trkpt>
    <trkpt lat="41.984433" lon="2.309562"></trkpt>
    <trkpt lat="41.984242" lon="2.309235"></trkpt>
    <trkpt lat="41.984206" lon="2.309172"></trkpt>
    <trkpt lat="41.984068" lon="2.308933"></trkpt>
    <trkpt lat="41.984014" lon="2.308838"></trkpt>
    <trkpt lat="41.983735" lon="2.308351"></trkpt>
    <trkpt lat="41.983513" lon="2.308210"></trkpt>
    <trkpt lat="41.983377" lon="2.308184"></trkpt>
    <trkpt lat="41.983271" lon="2.308163"></trkpt>
    <trkpt lat="41.982544" lon="2.308043"></trkpt>
    <trkpt lat="41.982465" lon="2.308030"></trkpt>
    <trkpt lat="41.982411" lon="2.307998"></trkpt>
    <trkpt lat="41.982370" lon="2.307952"></trkpt>
    <trkpt lat="41.981421" lon="2.306522"></trkpt>
    <trkpt lat="41.981398" lon="2.306475"></trkpt>
    <trkpt lat="41.981329" lon="2.306350"></trkpt>
    <trkpt lat="41.981274" lon="2.306315"></trkpt>
    <trkpt lat="41.981192" lon="2.306279"></trkpt>
    <trkpt lat="41.981111" lon="2.306284"></trkpt>
    <trkpt lat="41.980395" lon="2.306455"></trkpt>
    <trkpt lat="41.979879" lon="2.306555"></trkpt>
    <trkpt lat="41.979664" lon="2.306589"></trkpt>
    <trkpt lat="41.979245" lon="2.306637"></trkpt>
    <trkpt lat="41.979090" lon="2.306646"></trkpt>
    <trkpt lat="41.978948" lon="2.306624"></trkpt>
    <trkpt lat="41.978776" lon="2.306543"></trkpt>
    <trkpt lat="41.978678" lon="2.306455"></trkpt>
    <trkpt lat="41.978373" lon="2.306225"></trkpt>
    <trkpt lat="41.977980" lon="2.305829"></trkpt>
    <trkpt lat="41.977651" lon="2.305347"></trkpt>
    <trkpt lat="41.977505" lon="2.305152"></trkpt>
    <trkpt lat="41.977365" lon="2.304965"></trkpt>
    <trkpt lat="41.977004" lon="2.304737"></trkpt>
    <trkpt lat="41.976764" lon="2.304565"></trkpt>
    <trkpt lat="41.976383" lon="2.304291"></trkpt>
    <trkpt lat="41.975977" lon="2.303962"></trkpt>
    <trkpt lat="41.975644" lon="2.303492"></trkpt>
    <trkpt lat="41.975603" lon="2.303434"></trkpt>
    <trkpt lat="41.974240" lon="2.301648"></trkpt>
    <trkpt lat="41.974191" lon="2.301564"></trkpt>
    <trkpt lat="41.974171" lon="2.301507"></trkpt>
    <trkpt lat="41.974150" lon="2.301417"></trkpt>
    <trkpt lat="41.974161" lon="2.301379"></trkpt>
    <trkpt lat="41.974166" lon="2.301339"></trkpt>
    <trkpt lat="41.974165" lon="2.301298"></trkpt>
    <trkpt lat="41.974157" lon="2.301259"></trkpt>
    <trkpt lat="41.974144" lon="2.301222"></trkpt>
    <trkpt lat="41.974126" lon="2.301189"></trkpt>
    <trkpt lat="41.974104" lon="2.301162"></trkpt>
    <trkpt lat="41.974078" lon="2.301141"></trkpt>
    <trkpt lat="41.974049" lon="2.301128"></trkpt>
    <trkpt lat="41.974019" lon="2.301123"></trkpt>
    <trkpt lat="41.973989" lon="2.301126"></trkpt>
    <trkpt lat="41.973923" lon="2.301112"></trkpt>
    <trkpt lat="41.973823" lon="2.301057"></trkpt>
    <trkpt lat="41.973788" lon="2.301030"></trkpt>
    <trkpt lat="41.973662" lon="2.300872"></trkpt>
    <trkpt lat="41.973510" lon="2.300741"></trkpt>
    <trkpt lat="41.973350" lon="2.300640"></trkpt>
    <trkpt lat="41.972718" lon="2.300418"></trkpt>
    <trkpt lat="41.972278" lon="2.300264"></trkpt>
    <trkpt lat="41.972016" lon="2.300121"></trkpt>
    <trkpt lat="41.971784" lon="2.299993"></trkpt>
    <trkpt lat="41.971503" lon="2.299839"></trkpt>
    <trkpt lat="41.971083" lon="2.299609"></trkpt>
    <trkpt lat="41.970593" lon="2.299322"></trkpt>
    <trkpt lat="41.970090" lon="2.298967"></trkpt>
    <trkpt lat="41.970023" lon="2.298921"></trkpt>
    <trkpt lat="41.969844" lon="2.298801"></trkpt>
    <trkpt lat="41.966994" lon="2.296875"></trkpt>
    <trkpt lat="41.966881" lon="2.296763"></trkpt>
    <trkpt lat="41.966793" lon="2.296671"></trkpt>
    <trkpt lat="41.964663" lon="2.294477"></trkpt>
    <trkpt lat="41.963394" lon="2.293169"></trkpt>
    <trkpt lat="41.962772" lon="2.292527"></trkpt>
    <trkpt lat="41.962162" lon="2.291898"></trkpt>
    <trkpt lat="41.962116" lon="2.291853"></trkpt>
    <trkpt lat="41.962056" lon="2.291781"></trkpt>
    <trkpt lat="41.961696" lon="2.291341"></trkpt>
    <trkpt lat="41.961552" lon="2.291156"></trkpt>
    <trkpt lat="41.961177" lon="2.290548"></trkpt>
    <trkpt lat="41.960836" lon="2.289873"></trkpt>
    <trkpt lat="41.960145" lon="2.288541"></trkpt>
    <trkpt lat="41.959933" lon="2.288146"></trkpt>
    <trkpt lat="41.959716" lon="2.287765"></trkpt>
    <trkpt lat="41.959560" lon="2.287522"></trkpt>
    <trkpt lat="41.959403" lon="2.287307"></trkpt>
    <trkpt lat="41.959236" lon="2.287089"></trkpt>
    <trkpt lat="41.959063" lon="2.286897"></trkpt>
    <trkpt lat="41.958861" lon="2.286662"></trkpt>
    <trkpt lat="41.958263" lon="2.285929"></trkpt>
    <trkpt lat="41.958207" lon="2.285862"></trkpt>
    <trkpt lat="41.958170" lon="2.285819"></trkpt>
    <trkpt lat="41.957892" lon="2.285504"></trkpt>
    <trkpt lat="41.957694" lon="2.285265"></trkpt>
    <trkpt lat="41.957377" lon="2.284870"></trkpt>
    <trkpt lat="41.957319" lon="2.284801"></trkpt>
    <trkpt lat="41.957053" lon="2.284462"></trkpt>
    <trkpt lat="41.956840" lon="2.284191"></trkpt>
    <trkpt lat="41.956768" lon="2.284166"></trkpt>
    <trkpt lat="41.956721" lon="2.284150"></trkpt>
    <trkpt lat="41.956676" lon="2.284152"></trkpt>
    <trkpt lat="41.956611" lon="2.284169"></trkpt>
    <trkpt lat="41.956542" lon="2.284205"></trkpt>
    <trkpt lat="41.956501" lon="2.284238"></trkpt>
    <trkpt lat="41.956436" lon="2.284307"></trkpt>
    <trkpt lat="41.956411" lon="2.284504"></trkpt>
    <trkpt lat="41.956387" lon="2.284607"></trkpt>
    <trkpt lat="41.956348" lon="2.284714"></trkpt>
    <trkpt lat="41.956208" lon="2.284963"></trkpt>
    <trkpt lat="41.956170" lon="2.285024"></trkpt>
    <trkpt lat="41.956017" lon="2.285308"></trkpt>
    <trkpt lat="41.955979" lon="2.285428"></trkpt>
    <trkpt lat="41.955955" lon="2.285545"></trkpt>
    <trkpt lat="41.955948" lon="2.285689"></trkpt>
    <trkpt lat="41.955961" lon="2.285856"></trkpt>
    <trkpt lat="41.955981" lon="2.286046"></trkpt>
    <trkpt lat="41.955995" lon="2.286257"></trkpt>
    <trkpt lat="41.955997" lon="2.286374"></trkpt>
    <trkpt lat="41.955986" lon="2.286497"></trkpt>
    <trkpt lat="41.955970" lon="2.286619"></trkpt>
    <trkpt lat="41.955928" lon="2.286755"></trkpt>
    <trkpt lat="41.955885" lon="2.286854"></trkpt>
    <trkpt lat="41.955825" lon="2.286969"></trkpt>
    <trkpt lat="41.955730" lon="2.287090"></trkpt>
    <trkpt lat="41.955625" lon="2.287198"></trkpt>
    <trkpt lat="41.955343" lon="2.287541"></trkpt>
    <trkpt lat="41.955162" lon="2.287694"></trkpt>
    <trkpt lat="41.954860" lon="2.287939"></trkpt>
    <trkpt lat="41.954551" lon="2.288191"></trkpt>
    <trkpt lat="41.953745" lon="2.288713"></trkpt>
    <trkpt lat="41.953168" lon="2.289023"></trkpt>
    <trkpt lat="41.952565" lon="2.289309"></trkpt>
    <trkpt lat="41.952221" lon="2.289452"></trkpt>
    <trkpt lat="41.950811" lon="2.290009"></trkpt>
    <trkpt lat="41.950358" lon="2.290198"></trkpt>
    <trkpt lat="41.949936" lon="2.290407"></trkpt>
    <trkpt lat="41.949514" lon="2.290634"></trkpt>
    <trkpt lat="41.949226" lon="2.290817"></trkpt>
    <trkpt lat="41.948916" lon="2.291032"></trkpt>
    <trkpt lat="41.948744" lon="2.291150"></trkpt>
    <trkpt lat="41.948504" lon="2.291331"></trkpt>
    <trkpt lat="41.948083" lon="2.291665"></trkpt>
    <trkpt lat="41.946677" lon="2.292805"></trkpt>
    <trkpt lat="41.945737" lon="2.293567"></trkpt>
    <trkpt lat="41.944942" lon="2.294147"></trkpt>
    <trkpt lat="41.944525" lon="2.294424"></trkpt>
    <trkpt lat="41.943814" lon="2.294847"></trkpt>
    <trkpt lat="41.943067" lon="2.295207"></trkpt>
    <trkpt lat="41.942186" lon="2.295558"></trkpt>
    <trkpt lat="41.941561" lon="2.295758"></trkpt>
    <trkpt lat="41.940690" lon="2.295955"></trkpt>
    <trkpt lat="41.938723" lon="2.296394"></trkpt>
    <trkpt lat="41.938189" lon="2.296523"></trkpt>
    <trkpt lat="41.937122" lon="2.296781"></trkpt>
    <trkpt lat="41.935545" lon="2.297293"></trkpt>
    <trkpt lat="41.934009" lon="2.297892"></trkpt>
    <trkpt lat="41.933582" lon="2.298047"></trkpt>
    <trkpt lat="41.932829" lon="2.298359"></trkpt>
    <trkpt lat="41.932052" lon="2.298729"></trkpt>
    <trkpt lat="41.931641" lon="2.298980"></trkpt>
    <trkpt lat="41.930668" lon="2.299647"></trkpt>
    <trkpt lat="41.929730" lon="2.300367"></trkpt>
    <trkpt lat="41.928994" lon="2.300849"></trkpt>
    <trkpt lat="41.928106" lon="2.301319"></trkpt>
    <trkpt lat="41.927827" lon="2.301451"></trkpt>
    <trkpt lat="41.926978" lon="2.301790"></trkpt>
    <trkpt lat="41.926505" lon="2.301963"></trkpt>
    <trkpt lat="41.925899" lon="2.302147"></trkpt>
    <trkpt lat="41.925745" lon="2.302177"></trkpt>
    <trkpt lat="41.925499" lon="2.302240"></trkpt>
    <trkpt lat="41.924265" lon="2.302585"></trkpt>
    <trkpt lat="41.923900" lon="2.302684"></trkpt>
    <trkpt lat="41.922413" lon="2.303052"></trkpt>
    <trkpt lat="41.921804" lon="2.303189"></trkpt>
    <trkpt lat="41.921547" lon="2.303255"></trkpt>
    <trkpt lat="41.921419" lon="2.303286"></trkpt>
    <trkpt lat="41.921003" lon="2.303388"></trkpt>
    <trkpt lat="41.920442" lon="2.303566"></trkpt>
    <trkpt lat="41.919552" lon="2.303848"></trkpt>
    <trkpt lat="41.918230" lon="2.304310"></trkpt>
    <trkpt lat="41.917524" lon="2.304603"></trkpt>
    <trkpt lat="41.916730" lon="2.304983"></trkpt>
    <trkpt lat="41.916131" lon="2.305308"></trkpt>
    <trkpt lat="41.915642" lon="2.305618"></trkpt>
    <trkpt lat="41.914697" lon="2.306331"></trkpt>
    <trkpt lat="41.914256" lon="2.306705"></trkpt>
    <trkpt lat="41.913588" lon="2.307405"></trkpt>
    <trkpt lat="41.913326" lon="2.307717"></trkpt>
    <trkpt lat="41.912315" lon="2.309115"></trkpt>
    <trkpt lat="41.911813" lon="2.310013"></trkpt>
    <trkpt lat="41.911265" lon="2.311178"></trkpt>
    <trkpt lat="41.910781" lon="2.312204"></trkpt>
    <trkpt lat="41.909996" lon="2.313966"></trkpt>
    <trkpt lat="41.909111" lon="2.315930"></trkpt>
    <trkpt lat="41.907858" lon="2.318807"></trkpt>
    <trkpt lat="41.907797" lon="2.318981"></trkpt>
    <trkpt lat="41.907551" lon="2.319656"></trkpt>
    <trkpt lat="41.907288" lon="2.320513"></trkpt>
    <trkpt lat="41.906865" lon="2.322113"></trkpt>
    <trkpt lat="41.906733" lon="2.322598"></trkpt>
    <trkpt lat="41.906364" lon="2.324060"></trkpt>
    <trkpt lat="41.905807" lon="2.326193"></trkpt>
    <trkpt lat="41.905507" lon="2.327255"></trkpt>
    <trkpt lat="41.905183" lon="2.328295"></trkpt>
    <trkpt lat="41.904278" lon="2.330960"></trkpt>
    <trkpt lat="41.903926" lon="2.332006"></trkpt>
    <trkpt lat="41.903159" lon="2.334125"></trkpt>
    <trkpt lat="41.902888" lon="2.334835"></trkpt>
    <trkpt lat="41.902254" lon="2.336329"></trkpt>
    <trkpt lat="41.901783" lon="2.337289"></trkpt>
    <trkpt lat="41.901487" lon="2.337821"></trkpt>
    <trkpt lat="41.901349" lon="2.338079"></trkpt>
    <trkpt lat="41.900302" lon="2.340102"></trkpt>
    <trkpt lat="41.899679" lon="2.341295"></trkpt>
    <trkpt lat="41.899089" lon="2.342378"></trkpt>
    <trkpt lat="41.898751" lon="2.342891"></trkpt>
    <trkpt lat="41.898474" lon="2.343234"></trkpt>
    <trkpt lat="41.898089" lon="2.343709"></trkpt>
    <trkpt lat="41.897361" lon="2.344370"></trkpt>
    <trkpt lat="41.896607" lon="2.344909"></trkpt>
    <trkpt lat="41.895776" lon="2.345494"></trkpt>
    <trkpt lat="41.895301" lon="2.345988"></trkpt>
    <trkpt lat="41.894914" lon="2.346496"></trkpt>
    <trkpt lat="41.894618" lon="2.346996"></trkpt>
    <trkpt lat="41.894514" lon="2.347205"></trkpt>
    <trkpt lat="41.894333" lon="2.347606"></trkpt>
    <trkpt lat="41.894095" lon="2.348358"></trkpt>
    <trkpt lat="41.894005" lon="2.348763"></trkpt>
    <trkpt lat="41.893934" lon="2.349162"></trkpt>
    <trkpt lat="41.893801" lon="2.350054"></trkpt>
    <trkpt lat="41.893657" lon="2.350864"></trkpt>
    <trkpt lat="41.893535" lon="2.351385"></trkpt>
    <trkpt lat="41.893394" lon="2.351884"></trkpt>
    <trkpt lat="41.893258" lon="2.352286"></trkpt>
    <trkpt lat="41.893221" lon="2.352385"></trkpt>
    <trkpt lat="41.893116" lon="2.352666"></trkpt>
    <trkpt lat="41.892993" lon="2.352953"></trkpt>
    <trkpt lat="41.892727" lon="2.353520"></trkpt>
    <trkpt lat="41.892151" lon="2.354634"></trkpt>
    <trkpt lat="41.891755" lon="2.355452"></trkpt>
    <trkpt lat="41.891593" lon="2.355872"></trkpt>
    <trkpt lat="41.891479" lon="2.356188"></trkpt>
    <trkpt lat="41.891378" lon="2.356603"></trkpt>
    <trkpt lat="41.891280" lon="2.357068"></trkpt>
    <trkpt lat="41.891229" lon="2.357551"></trkpt>
    <trkpt lat="41.891187" lon="2.358239"></trkpt>
    <trkpt lat="41.891200" lon="2.358709"></trkpt>
    <trkpt lat="41.891232" lon="2.359195"></trkpt>
    <trkpt lat="41.891415" lon="2.360156"></trkpt>
    <trkpt lat="41.891570" lon="2.360763"></trkpt>
    <trkpt lat="41.891753" lon="2.361200"></trkpt>
    <trkpt lat="41.892043" lon="2.361732"></trkpt>
    <trkpt lat="41.892490" lon="2.362382"></trkpt>
    <trkpt lat="41.892847" lon="2.362816"></trkpt>
    <trkpt lat="41.893339" lon="2.363362"></trkpt>
    <trkpt lat="41.893700" lon="2.363802"></trkpt>
    <trkpt lat="41.894018" lon="2.364228"></trkpt>
    <trkpt lat="41.894214" lon="2.364543"></trkpt>
    <trkpt lat="41.894397" lon="2.364866"></trkpt>
    <trkpt lat="41.894564" lon="2.365186"></trkpt>
    <trkpt lat="41.894709" lon="2.365500"></trkpt>
    <trkpt lat="41.894925" lon="2.366057"></trkpt>
    <trkpt lat="41.895091" lon="2.366541"></trkpt>
    <trkpt lat="41.895196" lon="2.366932"></trkpt>
    <trkpt lat="41.895272" lon="2.367310"></trkpt>
    <trkpt lat="41.895323" lon="2.367538"></trkpt>
    <trkpt lat="41.895392" lon="2.367994"></trkpt>
    <trkpt lat="41.895471" lon="2.368807"></trkpt>
    <trkpt lat="41.895475" lon="2.369791"></trkpt>
    <trkpt lat="41.895401" lon="2.370664"></trkpt>
    <trkpt lat="41.895281" lon="2.371511"></trkpt>
    <trkpt lat="41.895195" lon="2.372007"></trkpt>
    <trkpt lat="41.895077" lon="2.372625"></trkpt>
    <trkpt lat="41.894978" lon="2.373116"></trkpt>
    <trkpt lat="41.894868" lon="2.373553"></trkpt>
    <trkpt lat="41.894505" lon="2.374822"></trkpt>
    <trkpt lat="41.894278" lon="2.375493"></trkpt>
    <trkpt lat="41.894035" lon="2.376164"></trkpt>
    <trkpt lat="41.893825" lon="2.376677"></trkpt>
    <trkpt lat="41.893606" lon="2.377185"></trkpt>
    <trkpt lat="41.893165" lon="2.378090"></trkpt>
    <trkpt lat="41.892961" lon="2.378475"></trkpt>
    <trkpt lat="41.892753" lon="2.378811"></trkpt>
    <trkpt lat="41.892576" lon="2.379078"></trkpt>
    <trkpt lat="41.892389" lon="2.379332"></trkpt>
    <trkpt lat="41.891836" lon="2.380031"></trkpt>
    <trkpt lat="41.891577" lon="2.380377"></trkpt>
    <trkpt lat="41.891328" lon="2.380731"></trkpt>
    <trkpt lat="41.891120" lon="2.381070"></trkpt>
    <trkpt lat="41.890931" lon="2.381422"></trkpt>
    <trkpt lat="41.890564" lon="2.382140"></trkpt>
    <trkpt lat="41.890375" lon="2.382475"></trkpt>
    <trkpt lat="41.890188" lon="2.382779"></trkpt>
    <trkpt lat="41.890000" lon="2.383068"></trkpt>
    <trkpt lat="41.889800" lon="2.383336"></trkpt>
    <trkpt lat="41.889601" lon="2.383578"></trkpt>
    <trkpt lat="41.889522" lon="2.383665"></trkpt>
    <trkpt lat="41.889170" lon="2.384085"></trkpt>
    <trkpt lat="41.888523" lon="2.384774"></trkpt>
    <trkpt lat="41.888122" lon="2.385338"></trkpt>
    <trkpt lat="41.887943" lon="2.385638"></trkpt>
    <trkpt lat="41.887780" lon="2.385947"></trkpt>
    <trkpt lat="41.887454" lon="2.386628"></trkpt>
    <trkpt lat="41.887277" lon="2.387038"></trkpt>
    <trkpt lat="41.887148" lon="2.387318"></trkpt>
    <trkpt lat="41.886936" lon="2.387765"></trkpt>
    <trkpt lat="41.886702" lon="2.388181"></trkpt>
    <trkpt lat="41.886524" lon="2.388455"></trkpt>
    <trkpt lat="41.886353" lon="2.388690"></trkpt>
    <trkpt lat="41.886132" lon="2.388970"></trkpt>
    <trkpt lat="41.885841" lon="2.389267"></trkpt>
    <trkpt lat="41.885537" lon="2.389550"></trkpt>
    <trkpt lat="41.885091" lon="2.389858"></trkpt>
    <trkpt lat="41.884352" lon="2.390279"></trkpt>
    <trkpt lat="41.883671" lon="2.390654"></trkpt>
    <trkpt lat="41.883259" lon="2.390934"></trkpt>
    <trkpt lat="41.882899" lon="2.391227"></trkpt>
    <trkpt lat="41.882486" lon="2.391650"></trkpt>
    <trkpt lat="41.882196" lon="2.392039"></trkpt>
    <trkpt lat="41.881965" lon="2.392458"></trkpt>
    <trkpt lat="41.881672" lon="2.393090"></trkpt>
    <trkpt lat="41.881044" lon="2.395016"></trkpt>
    <trkpt lat="41.880938" lon="2.395446"></trkpt>
    <trkpt lat="41.880784" lon="2.395826"></trkpt>
    <trkpt lat="41.880505" lon="2.396441"></trkpt>
    <trkpt lat="41.880190" lon="2.397036"></trkpt>
    <trkpt lat="41.879677" lon="2.397873"></trkpt>
    <trkpt lat="41.879360" lon="2.398322"></trkpt>
    <trkpt lat="41.879048" lon="2.398733"></trkpt>
    <trkpt lat="41.878583" lon="2.399284"></trkpt>
    <trkpt lat="41.878209" lon="2.399677"></trkpt>
    <trkpt lat="41.877823" lon="2.400041"></trkpt>
    <trkpt lat="41.877051" lon="2.400734"></trkpt>
    <trkpt lat="41.876774" lon="2.400984"></trkpt>
    <trkpt lat="41.876505" lon="2.401263"></trkpt>
    <trkpt lat="41.875990" lon="2.401798"></trkpt>
    <trkpt lat="41.875680" lon="2.402149"></trkpt>
    <trkpt lat="41.875396" lon="2.402506"></trkpt>
    <trkpt lat="41.875130" lon="2.402872"></trkpt>
    <trkpt lat="41.874751" lon="2.403430"></trkpt>
    <trkpt lat="41.874278" lon="2.404262"></trkpt>
    <trkpt lat="41.874095" lon="2.404594"></trkpt>
    <trkpt lat="41.873905" lon="2.404965"></trkpt>
    <trkpt lat="41.873695" lon="2.405373"></trkpt>
    <trkpt lat="41.873477" lon="2.405780"></trkpt>
    <trkpt lat="41.873248" lon="2.406122"></trkpt>
    <trkpt lat="41.873006" lon="2.406421"></trkpt>
    <trkpt lat="41.872635" lon="2.406798"></trkpt>
    <trkpt lat="41.872137" lon="2.407179"></trkpt>
    <trkpt lat="41.871819" lon="2.407367"></trkpt>
    <trkpt lat="41.871484" lon="2.407521"></trkpt>
    <trkpt lat="41.871132" lon="2.407646"></trkpt>
    <trkpt lat="41.870721" lon="2.407800"></trkpt>
    <trkpt lat="41.870489" lon="2.407903"></trkpt>
    <trkpt lat="41.870148" lon="2.408095"></trkpt>
    <trkpt lat="41.869945" lon="2.408218"></trkpt>
    <trkpt lat="41.869693" lon="2.408404"></trkpt>
    <trkpt lat="41.869444" lon="2.408622"></trkpt>
    <trkpt lat="41.868976" lon="2.409109"></trkpt>
    <trkpt lat="41.868565" lon="2.409704"></trkpt>
    <trkpt lat="41.868329" lon="2.410134"></trkpt>
    <trkpt lat="41.868083" lon="2.410586"></trkpt>
    <trkpt lat="41.867801" lon="2.411113"></trkpt>
    <trkpt lat="41.867543" lon="2.411615"></trkpt>
    <trkpt lat="41.867383" lon="2.411944"></trkpt>
    <trkpt lat="41.867292" lon="2.412139"></trkpt>
    <trkpt lat="41.867210" lon="2.412328"></trkpt>
    <trkpt lat="41.867136" lon="2.412521"></trkpt>
    <trkpt lat="41.867013" lon="2.412867"></trkpt>
    <trkpt lat="41.866896" lon="2.413281"></trkpt>
    <trkpt lat="41.866817" lon="2.413611"></trkpt>
    <trkpt lat="41.866647" lon="2.414348"></trkpt>
    <trkpt lat="41.866546" lon="2.414770"></trkpt>
    <trkpt lat="41.866466" lon="2.415065"></trkpt>
    <trkpt lat="41.866414" lon="2.415249"></trkpt>
    <trkpt lat="41.866365" lon="2.415403"></trkpt>
    <trkpt lat="41.866010" lon="2.416407"></trkpt>
    <trkpt lat="41.865635" lon="2.417224"></trkpt>
    <trkpt lat="41.865458" lon="2.417574"></trkpt>
    <trkpt lat="41.865335" lon="2.417808"></trkpt>
    <trkpt lat="41.865220" lon="2.417998"></trkpt>
    <trkpt lat="41.865129" lon="2.418147"></trkpt>
    <trkpt lat="41.864974" lon="2.418397"></trkpt>
    <trkpt lat="41.864842" lon="2.418606"></trkpt>
    <trkpt lat="41.864486" lon="2.419101"></trkpt>
    <trkpt lat="41.864177" lon="2.419533"></trkpt>
    <trkpt lat="41.863890" lon="2.419957"></trkpt>
    <trkpt lat="41.863761" lon="2.420107"></trkpt>
    <trkpt lat="41.863111" lon="2.420996"></trkpt>
    <trkpt lat="41.862840" lon="2.421352"></trkpt>
    <trkpt lat="41.862500" lon="2.421819"></trkpt>
    <trkpt lat="41.862292" lon="2.422074"></trkpt>
    <trkpt lat="41.862182" lon="2.422200"></trkpt>
    <trkpt lat="41.862024" lon="2.422363"></trkpt>
    <trkpt lat="41.861873" lon="2.422515"></trkpt>
    <trkpt lat="41.861720" lon="2.422649"></trkpt>
    <trkpt lat="41.861554" lon="2.422776"></trkpt>
    <trkpt lat="41.861377" lon="2.422902"></trkpt>
    <trkpt lat="41.861151" lon="2.423037"></trkpt>
    <trkpt lat="41.860950" lon="2.423143"></trkpt>
    <trkpt lat="41.860600" lon="2.423298"></trkpt>
    <trkpt lat="41.859909" lon="2.423559"></trkpt>
    <trkpt lat="41.859534" lon="2.423696"></trkpt>
    <trkpt lat="41.857790" lon="2.424341"></trkpt>
    <trkpt lat="41.857511" lon="2.424445"></trkpt>
    <trkpt lat="41.857216" lon="2.424584"></trkpt>
    <trkpt lat="41.857045" lon="2.424675"></trkpt>
    <trkpt lat="41.856881" lon="2.424777"></trkpt>
    <trkpt lat="41.856734" lon="2.424877"></trkpt>
    <trkpt lat="41.856651" lon="2.424943"></trkpt>
    <trkpt lat="41.856566" lon="2.425008"></trkpt>
    <trkpt lat="41.856453" lon="2.425104"></trkpt>
    <trkpt lat="41.856347" lon="2.425207"></trkpt>
    <trkpt lat="41.856256" lon="2.425288"></trkpt>
    <trkpt lat="41.856169" lon="2.425375"></trkpt>
    <trkpt lat="41.856020" lon="2.425535"></trkpt>
    <trkpt lat="41.855870" lon="2.425721"></trkpt>
    <trkpt lat="41.855772" lon="2.425854"></trkpt>
    <trkpt lat="41.855620" lon="2.426070"></trkpt>
    <trkpt lat="41.855467" lon="2.426314"></trkpt>
    <trkpt lat="41.855280" lon="2.426676"></trkpt>
    <trkpt lat="41.855200" lon="2.426851"></trkpt>
    <trkpt lat="41.855146" lon="2.426976"></trkpt>
    <trkpt lat="41.855026" lon="2.427282"></trkpt>
    <trkpt lat="41.854924" lon="2.427583"></trkpt>
    <trkpt lat="41.854800" lon="2.428006"></trkpt>
    <trkpt lat="41.854661" lon="2.428537"></trkpt>
    <trkpt lat="41.854621" lon="2.428649"></trkpt>
    <trkpt lat="41.854529" lon="2.429049"></trkpt>
    <trkpt lat="41.854518" lon="2.429095"></trkpt>
    <trkpt lat="41.854507" lon="2.429140"></trkpt>
    <trkpt lat="41.854399" lon="2.429697"></trkpt>
    <trkpt lat="41.854271" lon="2.430246"></trkpt>
    <trkpt lat="41.854027" lon="2.431348"></trkpt>
    <trkpt lat="41.853938" lon="2.431772"></trkpt>
    <trkpt lat="41.853872" lon="2.432128"></trkpt>
    <trkpt lat="41.853773" lon="2.432685"></trkpt>
    <trkpt lat="41.853704" lon="2.433181"></trkpt>
    <trkpt lat="41.853630" lon="2.433738"></trkpt>
    <trkpt lat="41.853576" lon="2.434295"></trkpt>
    <trkpt lat="41.853513" lon="2.435119"></trkpt>
    <trkpt lat="41.853480" lon="2.435970"></trkpt>
    <trkpt lat="41.853439" lon="2.437045"></trkpt>
    <trkpt lat="41.853424" lon="2.437420"></trkpt>
    <trkpt lat="41.853401" lon="2.437928"></trkpt>
    <trkpt lat="41.853356" lon="2.438598"></trkpt>
    <trkpt lat="41.853322" lon="2.439005"></trkpt>
    <trkpt lat="41.853275" lon="2.439401"></trkpt>
    <trkpt lat="41.853231" lon="2.439701"></trkpt>
    <trkpt lat="41.853165" lon="2.440115"></trkpt>
    <trkpt lat="41.853085" lon="2.440528"></trkpt>
    <trkpt lat="41.853016" lon="2.440862"></trkpt>
    <trkpt lat="41.852936" lon="2.441200"></trkpt>
    <trkpt lat="41.852835" lon="2.441583"></trkpt>
    <trkpt lat="41.852609" lon="2.442328"></trkpt>
    <trkpt lat="41.852498" lon="2.442649"></trkpt>
    <trkpt lat="41.852355" lon="2.443031"></trkpt>
    <trkpt lat="41.852215" lon="2.443372"></trkpt>
    <trkpt lat="41.851955" lon="2.444004"></trkpt>
    <trkpt lat="41.851835" lon="2.444291"></trkpt>
    <trkpt lat="41.851696" lon="2.444625"></trkpt>
    <trkpt lat="41.851617" lon="2.444859"></trkpt>
    <trkpt lat="41.851551" lon="2.445093"></trkpt>
    <trkpt lat="41.851487" lon="2.445372"></trkpt>
    <trkpt lat="41.851443" lon="2.445650"></trkpt>
    <trkpt lat="41.851419" lon="2.445903"></trkpt>
    <trkpt lat="41.851407" lon="2.446115"></trkpt>
    <trkpt lat="41.851400" lon="2.446326"></trkpt>
    <trkpt lat="41.851407" lon="2.446546"></trkpt>
    <trkpt lat="41.851423" lon="2.446788"></trkpt>
    <trkpt lat="41.851452" lon="2.447045"></trkpt>
    <trkpt lat="41.851485" lon="2.447279"></trkpt>
    <trkpt lat="41.851531" lon="2.447540"></trkpt>
    <trkpt lat="41.851604" lon="2.447847"></trkpt>
    <trkpt lat="41.851683" lon="2.448175"></trkpt>
    <trkpt lat="41.851851" lon="2.448748"></trkpt>
    <trkpt lat="41.851867" lon="2.448802"></trkpt>
    <trkpt lat="41.852009" lon="2.449276"></trkpt>
    <trkpt lat="41.852161" lon="2.449794"></trkpt>
    <trkpt lat="41.852220" lon="2.450046"></trkpt>
    <trkpt lat="41.852273" lon="2.450327"></trkpt>
    <trkpt lat="41.852323" lon="2.450668"></trkpt>
    <trkpt lat="41.852344" lon="2.451041"></trkpt>
    <trkpt lat="41.852336" lon="2.451302"></trkpt>
    <trkpt lat="41.852290" lon="2.451716"></trkpt>
    <trkpt lat="41.852220" lon="2.452120"></trkpt>
    <trkpt lat="41.852093" lon="2.452547"></trkpt>
    <trkpt lat="41.851831" lon="2.453212"></trkpt>
    <trkpt lat="41.851657" lon="2.453514"></trkpt>
    <trkpt lat="41.851448" lon="2.453766"></trkpt>
    <trkpt lat="41.850956" lon="2.454297"></trkpt>
    <trkpt lat="41.849227" lon="2.455932"></trkpt>
    <trkpt lat="41.848901" lon="2.456382"></trkpt>
    <trkpt lat="41.848418" lon="2.457224"></trkpt>
    <trkpt lat="41.848036" lon="2.457959"></trkpt>
    <trkpt lat="41.847540" lon="2.458682"></trkpt>
    <trkpt lat="41.847238" lon="2.459024"></trkpt>
    <trkpt lat="41.846945" lon="2.459284"></trkpt>
    <trkpt lat="41.846612" lon="2.459534"></trkpt>
    <trkpt lat="41.846085" lon="2.459850"></trkpt>
    <trkpt lat="41.845373" lon="2.460272"></trkpt>
    <trkpt lat="41.845037" lon="2.460527"></trkpt>
    <trkpt lat="41.844782" lon="2.460757"></trkpt>
    <trkpt lat="41.844404" lon="2.461247"></trkpt>
    <trkpt lat="41.843896" lon="2.462189"></trkpt>
    <trkpt lat="41.843546" lon="2.463103"></trkpt>
    <trkpt lat="41.843323" lon="2.463984"></trkpt>
    <trkpt lat="41.843189" lon="2.464794"></trkpt>
    <trkpt lat="41.843155" lon="2.465342"></trkpt>
    <trkpt lat="41.843133" lon="2.465707"></trkpt>
    <trkpt lat="41.843148" lon="2.466097"></trkpt>
    <trkpt lat="41.843185" lon="2.466528"></trkpt>
    <trkpt lat="41.843253" lon="2.466967"></trkpt>
    <trkpt lat="41.843361" lon="2.467490"></trkpt>
    <trkpt lat="41.843542" lon="2.468111"></trkpt>
    <trkpt lat="41.843816" lon="2.468734"></trkpt>
    <trkpt lat="41.843962" lon="2.469024"></trkpt>
    <trkpt lat="41.844121" lon="2.469298"></trkpt>
    <trkpt lat="41.844402" lon="2.469691"></trkpt>
    <trkpt lat="41.848117" lon="2.474437"></trkpt>
    <trkpt lat="41.848459" lon="2.474805"></trkpt>
    <trkpt lat="41.848924" lon="2.475273"></trkpt>
    <trkpt lat="41.848994" lon="2.475344"></trkpt>
    <trkpt lat="41.849640" lon="2.475927"></trkpt>
    <trkpt lat="41.850489" lon="2.476672"></trkpt>
    <trkpt lat="41.851597" lon="2.477661"></trkpt>
    <trkpt lat="41.851984" lon="2.478102"></trkpt>
    <trkpt lat="41.852275" lon="2.478517"></trkpt>
    <trkpt lat="41.852661" lon="2.479279"></trkpt>
    <trkpt lat="41.852999" lon="2.480216"></trkpt>
    <trkpt lat="41.853220" lon="2.481218"></trkpt>
    <trkpt lat="41.853357" lon="2.482197"></trkpt>
    <trkpt lat="41.853412" lon="2.483222"></trkpt>
    <trkpt lat="41.853388" lon="2.484237"></trkpt>
    <trkpt lat="41.853295" lon="2.485364"></trkpt>
    <trkpt lat="41.853184" lon="2.486217"></trkpt>
    <trkpt lat="41.853032" lon="2.487832"></trkpt>
    <trkpt lat="41.852914" lon="2.489165"></trkpt>
    <trkpt lat="41.852806" lon="2.490259"></trkpt>
    <trkpt lat="41.852692" lon="2.491345"></trkpt>
    <trkpt lat="41.852621" lon="2.491830"></trkpt>
    <trkpt lat="41.852498" lon="2.492410"></trkpt>
    <trkpt lat="41.852341" lon="2.492940"></trkpt>
    <trkpt lat="41.852110" lon="2.493595"></trkpt>
    <trkpt lat="41.851969" lon="2.493937"></trkpt>
    <trkpt lat="41.851828" lon="2.494280"></trkpt>
    <trkpt lat="41.851698" lon="2.494628"></trkpt>
    <trkpt lat="41.851576" lon="2.494974"></trkpt>
    <trkpt lat="41.851526" lon="2.495144"></trkpt>
    <trkpt lat="41.851447" lon="2.495480"></trkpt>
    <trkpt lat="41.851390" lon="2.495800"></trkpt>
    <trkpt lat="41.851341" lon="2.496122"></trkpt>
    <trkpt lat="41.851309" lon="2.496455"></trkpt>
    <trkpt lat="41.851287" lon="2.496797"></trkpt>
    <trkpt lat="41.851291" lon="2.496975"></trkpt>
    <trkpt lat="41.851277" lon="2.497135"></trkpt>
    <trkpt lat="41.851285" lon="2.497481"></trkpt>
    <trkpt lat="41.851305" lon="2.497826"></trkpt>
    <trkpt lat="41.851342" lon="2.498177"></trkpt>
    <trkpt lat="41.851393" lon="2.498527"></trkpt>
    <trkpt lat="41.851493" lon="2.499094"></trkpt>
    <trkpt lat="41.851720" lon="2.499767"></trkpt>
    <trkpt lat="41.851937" lon="2.500324"></trkpt>
    <trkpt lat="41.852224" lon="2.500794"></trkpt>
    <trkpt lat="41.852562" lon="2.501295"></trkpt>
    <trkpt lat="41.853069" lon="2.502088"></trkpt>
    <trkpt lat="41.853432" lon="2.502620"></trkpt>
    <trkpt lat="41.853880" lon="2.503220"></trkpt>
    <trkpt lat="41.854178" lon="2.503589"></trkpt>
    <trkpt lat="41.854336" lon="2.503775"></trkpt>
    <trkpt lat="41.854514" lon="2.503957"></trkpt>
    <trkpt lat="41.854740" lon="2.504138"></trkpt>
    <trkpt lat="41.855149" lon="2.504460"></trkpt>
    <trkpt lat="41.855594" lon="2.504742"></trkpt>
    <trkpt lat="41.855906" lon="2.504934"></trkpt>
    <trkpt lat="41.856137" lon="2.505078"></trkpt>
    <trkpt lat="41.856375" lon="2.505227"></trkpt>
    <trkpt lat="41.856522" lon="2.505329"></trkpt>
    <trkpt lat="41.856667" lon="2.505435"></trkpt>
    <trkpt lat="41.856807" lon="2.505534"></trkpt>
    <trkpt lat="41.856887" lon="2.505610"></trkpt>
    <trkpt lat="41.856978" lon="2.505696"></trkpt>
    <trkpt lat="41.857028" lon="2.505742"></trkpt>
    <trkpt lat="41.857304" lon="2.505986"></trkpt>
    <trkpt lat="41.857581" lon="2.506257"></trkpt>
    <trkpt lat="41.857847" lon="2.506595"></trkpt>
    <trkpt lat="41.858086" lon="2.506960"></trkpt>
    <trkpt lat="41.858386" lon="2.507580"></trkpt>
    <trkpt lat="41.858607" lon="2.508286"></trkpt>
    <trkpt lat="41.858628" lon="2.508380"></trkpt>
    <trkpt lat="41.858667" lon="2.508610"></trkpt>
    <trkpt lat="41.858692" lon="2.508814"></trkpt>
    <trkpt lat="41.858712" lon="2.509036"></trkpt>
    <trkpt lat="41.858720" lon="2.509145"></trkpt>
    <trkpt lat="41.858724" lon="2.509287"></trkpt>
    <trkpt lat="41.858726" lon="2.509460"></trkpt>
    <trkpt lat="41.858724" lon="2.509590"></trkpt>
    <trkpt lat="41.858719" lon="2.509739"></trkpt>
    <trkpt lat="41.858702" lon="2.509953"></trkpt>
    <trkpt lat="41.858650" lon="2.510349"></trkpt>
    <trkpt lat="41.858564" lon="2.510703"></trkpt>
    <trkpt lat="41.858434" lon="2.511131"></trkpt>
    <trkpt lat="41.858327" lon="2.511394"></trkpt>
    <trkpt lat="41.858189" lon="2.511664"></trkpt>
    <trkpt lat="41.858025" lon="2.511976"></trkpt>
    <trkpt lat="41.857895" lon="2.512173"></trkpt>
    <trkpt lat="41.857785" lon="2.512310"></trkpt>
    <trkpt lat="41.857624" lon="2.512511"></trkpt>
    <trkpt lat="41.857336" lon="2.512811"></trkpt>
    <trkpt lat="41.857101" lon="2.512988"></trkpt>
    <trkpt lat="41.856841" lon="2.513144"></trkpt>
    <trkpt lat="41.856283" lon="2.513342"></trkpt>
    <trkpt lat="41.855711" lon="2.513441"></trkpt>
    <trkpt lat="41.855096" lon="2.513564"></trkpt>
    <trkpt lat="41.854523" lon="2.513679"></trkpt>
    <trkpt lat="41.854138" lon="2.513782"></trkpt>
    <trkpt lat="41.853752" lon="2.513975"></trkpt>
    <trkpt lat="41.853136" lon="2.514397"></trkpt>
    <trkpt lat="41.852855" lon="2.514656"></trkpt>
    <trkpt lat="41.852444" lon="2.515099"></trkpt>
    <trkpt lat="41.852178" lon="2.515448"></trkpt>
    <trkpt lat="41.851503" lon="2.516444"></trkpt>
    <trkpt lat="41.851132" lon="2.517081"></trkpt>
    <trkpt lat="41.850846" lon="2.517703"></trkpt>
    <trkpt lat="41.850647" lon="2.518098"></trkpt>
    <trkpt lat="41.850501" lon="2.518450"></trkpt>
    <trkpt lat="41.850218" lon="2.519176"></trkpt>
    <trkpt lat="41.850052" lon="2.519684"></trkpt>
    <trkpt lat="41.849910" lon="2.520202"></trkpt>
    <trkpt lat="41.849785" lon="2.520797"></trkpt>
    <trkpt lat="41.849703" lon="2.521297"></trkpt>
    <trkpt lat="41.849572" lon="2.522195"></trkpt>
    <trkpt lat="41.849472" lon="2.522835"></trkpt>
    <trkpt lat="41.849352" lon="2.524670"></trkpt>
    <trkpt lat="41.849281" lon="2.525804"></trkpt>
    <trkpt lat="41.849189" lon="2.526818"></trkpt>
    <trkpt lat="41.848984" lon="2.528397"></trkpt>
    <trkpt lat="41.848630" lon="2.529993"></trkpt>
    <trkpt lat="41.848352" lon="2.531109"></trkpt>
    <trkpt lat="41.848139" lon="2.531832"></trkpt>
    <trkpt lat="41.847978" lon="2.532397"></trkpt>
    <trkpt lat="41.847686" lon="2.533735"></trkpt>
    <trkpt lat="41.847618" lon="2.534127"></trkpt>
    <trkpt lat="41.847550" lon="2.534800"></trkpt>
    <trkpt lat="41.847492" lon="2.535744"></trkpt>
    <trkpt lat="41.847510" lon="2.536637"></trkpt>
    <trkpt lat="41.847550" lon="2.537261"></trkpt>
    <trkpt lat="41.847618" lon="2.537812"></trkpt>
    <trkpt lat="41.847689" lon="2.538336"></trkpt>
    <trkpt lat="41.847763" lon="2.538738"></trkpt>
    <trkpt lat="41.848008" lon="2.539798"></trkpt>
    <trkpt lat="41.848116" lon="2.540353"></trkpt>
    <trkpt lat="41.848145" lon="2.540564"></trkpt>
    <trkpt lat="41.848194" lon="2.541087"></trkpt>
    <trkpt lat="41.848216" lon="2.541542"></trkpt>
    <trkpt lat="41.848238" lon="2.542291"></trkpt>
    <trkpt lat="41.848243" lon="2.543373"></trkpt>
    <trkpt lat="41.848212" lon="2.544739"></trkpt>
    <trkpt lat="41.848234" lon="2.545613"></trkpt>
    <trkpt lat="41.848269" lon="2.546136"></trkpt>
    <trkpt lat="41.848340" lon="2.546933"></trkpt>
    <trkpt lat="41.848417" lon="2.547427"></trkpt>
    <trkpt lat="41.848475" lon="2.547792"></trkpt>
    <trkpt lat="41.848579" lon="2.548289"></trkpt>
    <trkpt lat="41.848732" lon="2.548904"></trkpt>
    <trkpt lat="41.848857" lon="2.549359"></trkpt>
    <trkpt lat="41.849126" lon="2.550364"></trkpt>
    <trkpt lat="41.849266" lon="2.551034"></trkpt>
    <trkpt lat="41.849388" lon="2.552030"></trkpt>
    <trkpt lat="41.849523" lon="2.553068"></trkpt>
    <trkpt lat="41.849628" lon="2.553546"></trkpt>
    <trkpt lat="41.849766" lon="2.554034"></trkpt>
    <trkpt lat="41.849914" lon="2.554498"></trkpt>
    <trkpt lat="41.850065" lon="2.554915"></trkpt>
    <trkpt lat="41.850205" lon="2.555340"></trkpt>
    <trkpt lat="41.850319" lon="2.555758"></trkpt>
    <trkpt lat="41.850406" lon="2.556143"></trkpt>
    <trkpt lat="41.850463" lon="2.556596"></trkpt>
    <trkpt lat="41.850562" lon="2.557194"></trkpt>
    <trkpt lat="41.850645" lon="2.557674"></trkpt>
    <trkpt lat="41.850758" lon="2.558153"></trkpt>
    <trkpt lat="41.850902" lon="2.558638"></trkpt>
    <trkpt lat="41.851071" lon="2.559078"></trkpt>
    <trkpt lat="41.851267" lon="2.559529"></trkpt>
    <trkpt lat="41.851456" lon="2.559869"></trkpt>
    <trkpt lat="41.851659" lon="2.560202"></trkpt>
    <trkpt lat="41.851906" lon="2.560549"></trkpt>
    <trkpt lat="41.852299" lon="2.561016"></trkpt>
    <trkpt lat="41.852864" lon="2.561625"></trkpt>
    <trkpt lat="41.853023" lon="2.561809"></trkpt>
    <trkpt lat="41.853377" lon="2.562225"></trkpt>
    <trkpt lat="41.853586" lon="2.562516"></trkpt>
    <trkpt lat="41.853768" lon="2.562778"></trkpt>
    <trkpt lat="41.853894" lon="2.563008"></trkpt>
    <trkpt lat="41.854032" lon="2.563271"></trkpt>
    <trkpt lat="41.854158" lon="2.563552"></trkpt>
    <trkpt lat="41.854292" lon="2.563877"></trkpt>
    <trkpt lat="41.854400" lon="2.564196"></trkpt>
    <trkpt lat="41.854515" lon="2.564671"></trkpt>
    <trkpt lat="41.854615" lon="2.565164"></trkpt>
    <trkpt lat="41.854694" lon="2.565692"></trkpt>
    <trkpt lat="41.854824" lon="2.567331"></trkpt>
    <trkpt lat="41.854907" lon="2.567888"></trkpt>
    <trkpt lat="41.854988" lon="2.568273"></trkpt>
    <trkpt lat="41.855111" lon="2.568676"></trkpt>
    <trkpt lat="41.855289" lon="2.569145"></trkpt>
    <trkpt lat="41.855509" lon="2.569551"></trkpt>
    <trkpt lat="41.855780" lon="2.569961"></trkpt>
    <trkpt lat="41.856094" lon="2.570333"></trkpt>
    <trkpt lat="41.856456" lon="2.570701"></trkpt>
    <trkpt lat="41.856818" lon="2.571035"></trkpt>
    <trkpt lat="41.857357" lon="2.571425"></trkpt>
    <trkpt lat="41.857892" lon="2.571761"></trkpt>
    <trkpt lat="41.858450" lon="2.572113"></trkpt>
    <trkpt lat="41.858860" lon="2.572445"></trkpt>
    <trkpt lat="41.859237" lon="2.572830"></trkpt>
    <trkpt lat="41.859626" lon="2.573349"></trkpt>
    <trkpt lat="41.859740" lon="2.573528"></trkpt>
    <trkpt lat="41.859895" lon="2.573779"></trkpt>
    <trkpt lat="41.860050" lon="2.574078"></trkpt>
    <trkpt lat="41.860170" lon="2.574352"></trkpt>
    <trkpt lat="41.860339" lon="2.574825"></trkpt>
    <trkpt lat="41.860641" lon="2.575931"></trkpt>
    <trkpt lat="41.860819" lon="2.576700"></trkpt>
    <trkpt lat="41.861080" lon="2.577572"></trkpt>
    <trkpt lat="41.861276" lon="2.578129"></trkpt>
    <trkpt lat="41.861501" lon="2.578645"></trkpt>
    <trkpt lat="41.861775" lon="2.579257"></trkpt>
    <trkpt lat="41.862216" lon="2.580106"></trkpt>
    <trkpt lat="41.862485" lon="2.580560"></trkpt>
    <trkpt lat="41.863101" lon="2.581468"></trkpt>
    <trkpt lat="41.863574" lon="2.582106"></trkpt>
    <trkpt lat="41.863862" lon="2.582541"></trkpt>
    <trkpt lat="41.864050" lon="2.582877"></trkpt>
    <trkpt lat="41.864182" lon="2.583150"></trkpt>
    <trkpt lat="41.864287" lon="2.583401"></trkpt>
    <trkpt lat="41.864364" lon="2.583580"></trkpt>
    <trkpt lat="41.864417" lon="2.583747"></trkpt>
    <trkpt lat="41.864486" lon="2.583974"></trkpt>
    <trkpt lat="41.864596" lon="2.584366"></trkpt>
    <trkpt lat="41.864671" lon="2.584727"></trkpt>
    <trkpt lat="41.864717" lon="2.584964"></trkpt>
    <trkpt lat="41.864739" lon="2.585123"></trkpt>
    <trkpt lat="41.864773" lon="2.585388"></trkpt>
    <trkpt lat="41.864801" lon="2.585748"></trkpt>
    <trkpt lat="41.864826" lon="2.586231"></trkpt>
    <trkpt lat="41.864856" lon="2.586729"></trkpt>
    <trkpt lat="41.864884" lon="2.587192"></trkpt>
    <trkpt lat="41.864919" lon="2.587857"></trkpt>
    <trkpt lat="41.864988" lon="2.588441"></trkpt>
    <trkpt lat="41.865078" lon="2.588931"></trkpt>
    <trkpt lat="41.865188" lon="2.589408"></trkpt>
    <trkpt lat="41.865338" lon="2.589832"></trkpt>
    <trkpt lat="41.865576" lon="2.590431"></trkpt>
    <trkpt lat="41.865762" lon="2.590775"></trkpt>
    <trkpt lat="41.865953" lon="2.591071"></trkpt>
    <trkpt lat="41.866270" lon="2.591513"></trkpt>
    <trkpt lat="41.866622" lon="2.591937"></trkpt>
    <trkpt lat="41.866874" lon="2.592175"></trkpt>
    <trkpt lat="41.867069" lon="2.592341"></trkpt>
    <trkpt lat="41.867238" lon="2.592480"></trkpt>
    <trkpt lat="41.867422" lon="2.592606"></trkpt>
    <trkpt lat="41.867855" lon="2.592856"></trkpt>
    <trkpt lat="41.868078" lon="2.592967"></trkpt>
    <trkpt lat="41.868324" lon="2.593076"></trkpt>
    <trkpt lat="41.868658" lon="2.593187"></trkpt>
    <trkpt lat="41.868987" lon="2.593270"></trkpt>
    <trkpt lat="41.869297" lon="2.593325"></trkpt>
    <trkpt lat="41.869762" lon="2.593394"></trkpt>
    <trkpt lat="41.870274" lon="2.593521"></trkpt>
    <trkpt lat="41.870642" lon="2.593675"></trkpt>
    <trkpt lat="41.870753" lon="2.593738"></trkpt>
    <trkpt lat="41.870797" lon="2.593759"></trkpt>
    <trkpt lat="41.870942" lon="2.593837"></trkpt>
    <trkpt lat="41.871130" lon="2.593948"></trkpt>
    <trkpt lat="41.871340" lon="2.594109"></trkpt>
    <trkpt lat="41.871560" lon="2.594294"></trkpt>
    <trkpt lat="41.871831" lon="2.594556"></trkpt>
    <trkpt lat="41.872071" lon="2.594824"></trkpt>
    <trkpt lat="41.872291" lon="2.595133"></trkpt>
    <trkpt lat="41.872468" lon="2.595382"></trkpt>
    <trkpt lat="41.872690" lon="2.595772"></trkpt>
    <trkpt lat="41.872863" lon="2.596145"></trkpt>
    <trkpt lat="41.873006" lon="2.596519"></trkpt>
    <trkpt lat="41.873125" lon="2.596903"></trkpt>
    <trkpt lat="41.873218" lon="2.597244"></trkpt>
    <trkpt lat="41.873293" lon="2.597636"></trkpt>
    <trkpt lat="41.873345" lon="2.597978"></trkpt>
    <trkpt lat="41.873451" lon="2.598996"></trkpt>
    <trkpt lat="41.873552" lon="2.599990"></trkpt>
    <trkpt lat="41.873853" lon="2.602902"></trkpt>
    <trkpt lat="41.874148" lon="2.605760"></trkpt>
    <trkpt lat="41.874216" lon="2.606501"></trkpt>
    <trkpt lat="41.874651" lon="2.610754"></trkpt>
    <trkpt lat="41.874707" lon="2.611349"></trkpt>
    <trkpt lat="41.874724" lon="2.611700"></trkpt>
    <trkpt lat="41.874724" lon="2.612021"></trkpt>
    <trkpt lat="41.874688" lon="2.612366"></trkpt>
    <trkpt lat="41.874640" lon="2.612696"></trkpt>
    <trkpt lat="41.874582" lon="2.613013"></trkpt>
    <trkpt lat="41.874459" lon="2.613450"></trkpt>
    <trkpt lat="41.874364" lon="2.613741"></trkpt>
    <trkpt lat="41.874156" lon="2.614223"></trkpt>
    <trkpt lat="41.873963" lon="2.614653"></trkpt>
    <trkpt lat="41.873722" lon="2.615223"></trkpt>
    <trkpt lat="41.873555" lon="2.615667"></trkpt>
    <trkpt lat="41.873469" lon="2.615954"></trkpt>
    <trkpt lat="41.873397" lon="2.616267"></trkpt>
    <trkpt lat="41.873327" lon="2.616646"></trkpt>
    <trkpt lat="41.873269" lon="2.617111"></trkpt>
    <trkpt lat="41.873246" lon="2.617651"></trkpt>
    <trkpt lat="41.873282" lon="2.618293"></trkpt>
    <trkpt lat="41.873319" lon="2.618621"></trkpt>
    <trkpt lat="41.873375" lon="2.618892"></trkpt>
    <trkpt lat="41.873441" lon="2.619186"></trkpt>
    <trkpt lat="41.873517" lon="2.619468"></trkpt>
    <trkpt lat="41.873936" lon="2.621026"></trkpt>
    <trkpt lat="41.874051" lon="2.621558"></trkpt>
    <trkpt lat="41.874152" lon="2.622080"></trkpt>
    <trkpt lat="41.874246" lon="2.622691"></trkpt>
    <trkpt lat="41.874314" lon="2.623277"></trkpt>
    <trkpt lat="41.874349" lon="2.623767"></trkpt>
    <trkpt lat="41.874380" lon="2.624325"></trkpt>
    <trkpt lat="41.874387" lon="2.624872"></trkpt>
    <trkpt lat="41.874384" lon="2.625487"></trkpt>
    <trkpt lat="41.874387" lon="2.626288"></trkpt>
    <trkpt lat="41.874387" lon="2.626651"></trkpt>
    <trkpt lat="41.874380" lon="2.627059"></trkpt>
    <trkpt lat="41.874408" lon="2.627505"></trkpt>
    <trkpt lat="41.874457" lon="2.627994"></trkpt>
    <trkpt lat="41.874545" lon="2.628557"></trkpt>
    <trkpt lat="41.874648" lon="2.629035"></trkpt>
    <trkpt lat="41.874733" lon="2.629394"></trkpt>
    <trkpt lat="41.874876" lon="2.629921"></trkpt>
    <trkpt lat="41.875157" lon="2.630688"></trkpt>
    <trkpt lat="41.875393" lon="2.631346"></trkpt>
    <trkpt lat="41.875633" lon="2.632031"></trkpt>
    <trkpt lat="41.875848" lon="2.632823"></trkpt>
    <trkpt lat="41.875929" lon="2.633198"></trkpt>
    <trkpt lat="41.876000" lon="2.633596"></trkpt>
    <trkpt lat="41.876122" lon="2.634635"></trkpt>
    <trkpt lat="41.876250" lon="2.635781"></trkpt>
    <trkpt lat="41.876320" lon="2.636141"></trkpt>
    <trkpt lat="41.876429" lon="2.636647"></trkpt>
    <trkpt lat="41.876574" lon="2.637116"></trkpt>
    <trkpt lat="41.876706" lon="2.637490"></trkpt>
    <trkpt lat="41.876810" lon="2.637759"></trkpt>
    <trkpt lat="41.876873" lon="2.637910"></trkpt>
    <trkpt lat="41.877025" lon="2.638221"></trkpt>
    <trkpt lat="41.877263" lon="2.638658"></trkpt>
    <trkpt lat="41.877502" lon="2.639013"></trkpt>
    <trkpt lat="41.877680" lon="2.639237"></trkpt>
    <trkpt lat="41.877948" lon="2.639557"></trkpt>
    <trkpt lat="41.878250" lon="2.639879"></trkpt>
    <trkpt lat="41.878536" lon="2.640134"></trkpt>
    <trkpt lat="41.878656" lon="2.640242"></trkpt>
    <trkpt lat="41.879019" lon="2.640529"></trkpt>
    <trkpt lat="41.879430" lon="2.640891"></trkpt>
    <trkpt lat="41.879644" lon="2.641119"></trkpt>
    <trkpt lat="41.879829" lon="2.641335"></trkpt>
    <trkpt lat="41.880060" lon="2.641686"></trkpt>
    <trkpt lat="41.880105" lon="2.641769"></trkpt>
    <trkpt lat="41.880242" lon="2.641982"></trkpt>
    <trkpt lat="41.880438" lon="2.642334"></trkpt>
    <trkpt lat="41.880653" lon="2.642772"></trkpt>
    <trkpt lat="41.880781" lon="2.643093"></trkpt>
    <trkpt lat="41.880913" lon="2.643502"></trkpt>
    <trkpt lat="41.881043" lon="2.643981"></trkpt>
    <trkpt lat="41.881123" lon="2.644306"></trkpt>
    <trkpt lat="41.881214" lon="2.644733"></trkpt>
    <trkpt lat="41.881346" lon="2.645383"></trkpt>
    <trkpt lat="41.881527" lon="2.646135"></trkpt>
    <trkpt lat="41.881631" lon="2.646500"></trkpt>
    <trkpt lat="41.881773" lon="2.646867"></trkpt>
    <trkpt lat="41.881923" lon="2.647232"></trkpt>
    <trkpt lat="41.882022" lon="2.647472"></trkpt>
    <trkpt lat="41.882212" lon="2.647842"></trkpt>
    <trkpt lat="41.882380" lon="2.648149"></trkpt>
    <trkpt lat="41.882564" lon="2.648448"></trkpt>
    <trkpt lat="41.882729" lon="2.648685"></trkpt>
    <trkpt lat="41.882883" lon="2.648917"></trkpt>
    <trkpt lat="41.882946" lon="2.648998"></trkpt>
    <trkpt lat="41.884436" lon="2.651047"></trkpt>
    <trkpt lat="41.884519" lon="2.651165"></trkpt>
    <trkpt lat="41.884750" lon="2.651488"></trkpt>
    <trkpt lat="41.885081" lon="2.651906"></trkpt>
    <trkpt lat="41.885278" lon="2.652141"></trkpt>
    <trkpt lat="41.885449" lon="2.652318"></trkpt>
    <trkpt lat="41.885566" lon="2.652445"></trkpt>
    <trkpt lat="41.885675" lon="2.652557"></trkpt>
    <trkpt lat="41.885836" lon="2.652689"></trkpt>
    <trkpt lat="41.886022" lon="2.652843"></trkpt>
    <trkpt lat="41.886248" lon="2.653006"></trkpt>
    <trkpt lat="41.886748" lon="2.653333"></trkpt>
    <trkpt lat="41.887108" lon="2.653524"></trkpt>
    <trkpt lat="41.887520" lon="2.653707"></trkpt>
    <trkpt lat="41.888245" lon="2.654070"></trkpt>
    <trkpt lat="41.888573" lon="2.654283"></trkpt>
    <trkpt lat="41.888736" lon="2.654403"></trkpt>
    <trkpt lat="41.888899" lon="2.654539"></trkpt>
    <trkpt lat="41.889193" lon="2.654821"></trkpt>
    <trkpt lat="41.889332" lon="2.654965"></trkpt>
    <trkpt lat="41.889459" lon="2.655114"></trkpt>
    <trkpt lat="41.889640" lon="2.655303"></trkpt>
    <trkpt lat="41.889725" lon="2.655445"></trkpt>
    <trkpt lat="41.889886" lon="2.655699"></trkpt>
    <trkpt lat="41.890036" lon="2.655964"></trkpt>
    <trkpt lat="41.890116" lon="2.656148"></trkpt>
    <trkpt lat="41.890246" lon="2.656480"></trkpt>
    <trkpt lat="41.890366" lon="2.656774"></trkpt>
    <trkpt lat="41.890452" lon="2.657014"></trkpt>
    <trkpt lat="41.890500" lon="2.657187"></trkpt>
    <trkpt lat="41.890615" lon="2.657600"></trkpt>
    <trkpt lat="41.890757" lon="2.658169"></trkpt>
    <trkpt lat="41.890919" lon="2.658881"></trkpt>
    <trkpt lat="41.891042" lon="2.659461"></trkpt>
    <trkpt lat="41.891098" lon="2.659772"></trkpt>
    <trkpt lat="41.891151" lon="2.660059"></trkpt>
    <trkpt lat="41.891217" lon="2.660496"></trkpt>
    <trkpt lat="41.891272" lon="2.660922"></trkpt>
    <trkpt lat="41.891352" lon="2.661448"></trkpt>
    <trkpt lat="41.891358" lon="2.661591"></trkpt>
    <trkpt lat="41.891396" lon="2.662577"></trkpt>
    <trkpt lat="41.891397" lon="2.663037"></trkpt>
    <trkpt lat="41.891373" lon="2.663453"></trkpt>
    <trkpt lat="41.891344" lon="2.663855"></trkpt>
    <trkpt lat="41.891314" lon="2.664219"></trkpt>
    <trkpt lat="41.891259" lon="2.664640"></trkpt>
    <trkpt lat="41.891149" lon="2.665241"></trkpt>
    <trkpt lat="41.890924" lon="2.666145"></trkpt>
    <trkpt lat="41.890863" lon="2.666343"></trkpt>
    <trkpt lat="41.890811" lon="2.666503"></trkpt>
    <trkpt lat="41.890738" lon="2.666739"></trkpt>
    <trkpt lat="41.890680" lon="2.666909"></trkpt>
    <trkpt lat="41.890280" lon="2.667835"></trkpt>
    <trkpt lat="41.889676" lon="2.669187"></trkpt>
    <trkpt lat="41.888928" lon="2.670844"></trkpt>
    <trkpt lat="41.888109" lon="2.672702"></trkpt>
    <trkpt lat="41.887922" lon="2.673092"></trkpt>
    <trkpt lat="41.887736" lon="2.673508"></trkpt>
    <trkpt lat="41.887451" lon="2.674061"></trkpt>
    <trkpt lat="41.887141" lon="2.674589"></trkpt>
    <trkpt lat="41.886693" lon="2.675288"></trkpt>
    <trkpt lat="41.886240" lon="2.676016"></trkpt>
    <trkpt lat="41.884940" lon="2.678111"></trkpt>
    <trkpt lat="41.884611" lon="2.678633"></trkpt>
    <trkpt lat="41.884342" lon="2.679179"></trkpt>
    <trkpt lat="41.884214" lon="2.679450"></trkpt>
    <trkpt lat="41.884099" lon="2.679703"></trkpt>
    <trkpt lat="41.883982" lon="2.679970"></trkpt>
    <trkpt lat="41.883869" lon="2.680280"></trkpt>
    <trkpt lat="41.883737" lon="2.680638"></trkpt>
    <trkpt lat="41.883590" lon="2.681115"></trkpt>
    <trkpt lat="41.883133" lon="2.682783"></trkpt>
    <trkpt lat="41.882831" lon="2.683902"></trkpt>
    <trkpt lat="41.882596" lon="2.684714"></trkpt>
    <trkpt lat="41.882389" lon="2.685352"></trkpt>
    <trkpt lat="41.882246" lon="2.685736"></trkpt>
    <trkpt lat="41.882109" lon="2.686064"></trkpt>
    <trkpt lat="41.881940" lon="2.686437"></trkpt>
    <trkpt lat="41.881758" lon="2.686823"></trkpt>
    <trkpt lat="41.881539" lon="2.687260"></trkpt>
    <trkpt lat="41.881390" lon="2.687484"></trkpt>
    <trkpt lat="41.881275" lon="2.687670"></trkpt>
    <trkpt lat="41.881109" lon="2.687935"></trkpt>
    <trkpt lat="41.880977" lon="2.688131"></trkpt>
    <trkpt lat="41.880323" lon="2.689118"></trkpt>
    <trkpt lat="41.880113" lon="2.689482"></trkpt>
    <trkpt lat="41.879862" lon="2.689936"></trkpt>
    <trkpt lat="41.879718" lon="2.690226"></trkpt>
    <trkpt lat="41.879596" lon="2.690461"></trkpt>
    <trkpt lat="41.879501" lon="2.690663"></trkpt>
    <trkpt lat="41.879391" lon="2.690916"></trkpt>
    <trkpt lat="41.879281" lon="2.691180"></trkpt>
    <trkpt lat="41.879140" lon="2.691601"></trkpt>
    <trkpt lat="41.878980" lon="2.692086"></trkpt>
    <trkpt lat="41.878874" lon="2.692453"></trkpt>
    <trkpt lat="41.878779" lon="2.692831"></trkpt>
    <trkpt lat="41.878612" lon="2.693587"></trkpt>
    <trkpt lat="41.878481" lon="2.694263"></trkpt>
    <trkpt lat="41.878341" lon="2.695553"></trkpt>
    <trkpt lat="41.878318" lon="2.696018"></trkpt>
    <trkpt lat="41.878299" lon="2.696698"></trkpt>
    <trkpt lat="41.878325" lon="2.697622"></trkpt>
    <trkpt lat="41.878396" lon="2.698383"></trkpt>
    <trkpt lat="41.878512" lon="2.699245"></trkpt>
    <trkpt lat="41.878656" lon="2.700065"></trkpt>
    <trkpt lat="41.878881" lon="2.700989"></trkpt>
    <trkpt lat="41.879214" lon="2.702338"></trkpt>
    <trkpt lat="41.879370" lon="2.703220"></trkpt>
    <trkpt lat="41.879418" lon="2.703598"></trkpt>
    <trkpt lat="41.879490" lon="2.704382"></trkpt>
    <trkpt lat="41.879795" lon="2.708299"></trkpt>
    <trkpt lat="41.879863" lon="2.709193"></trkpt>
    <trkpt lat="41.879939" lon="2.710159"></trkpt>
    <trkpt lat="41.880088" lon="2.712084"></trkpt>
    <trkpt lat="41.880683" lon="2.719814"></trkpt>
    <trkpt lat="41.880729" lon="2.720480"></trkpt>
    <trkpt lat="41.880761" lon="2.721000"></trkpt>
    <trkpt lat="41.880788" lon="2.721808"></trkpt>
    <trkpt lat="41.880791" lon="2.722543"></trkpt>
    <trkpt lat="41.880783" lon="2.722920"></trkpt>
    <trkpt lat="41.880766" lon="2.723301"></trkpt>
    <trkpt lat="41.880736" lon="2.723862"></trkpt>
    <trkpt lat="41.880714" lon="2.724210"></trkpt>
    <trkpt lat="41.880665" lon="2.724735"></trkpt>
    <trkpt lat="41.880591" lon="2.725397"></trkpt>
    <trkpt lat="41.880526" lon="2.725881"></trkpt>
    <trkpt lat="41.880448" lon="2.726363"></trkpt>
    <trkpt lat="41.880017" lon="2.728778"></trkpt>
    <trkpt lat="41.879722" lon="2.730404"></trkpt>
    <trkpt lat="41.879558" lon="2.731324"></trkpt>
    <trkpt lat="41.879421" lon="2.732025"></trkpt>
    <trkpt lat="41.879295" lon="2.732601"></trkpt>
    <trkpt lat="41.878926" lon="2.734155"></trkpt>
    <trkpt lat="41.878700" lon="2.734974"></trkpt>
    <trkpt lat="41.878504" lon="2.735630"></trkpt>
    <trkpt lat="41.878231" lon="2.736474"></trkpt>
    <trkpt lat="41.877692" lon="2.738128"></trkpt>
    <trkpt lat="41.877436" lon="2.738982"></trkpt>
    <trkpt lat="41.877191" lon="2.739828"></trkpt>
    <trkpt lat="41.876979" lon="2.740588"></trkpt>
    <trkpt lat="41.876781" lon="2.741337"></trkpt>
    <trkpt lat="41.876583" lon="2.742140"></trkpt>
    <trkpt lat="41.876407" lon="2.742886"></trkpt>
    <trkpt lat="41.876315" lon="2.743298"></trkpt>
    <trkpt lat="41.876252" lon="2.743599"></trkpt>
    <trkpt lat="41.876100" lon="2.744378"></trkpt>
    <trkpt lat="41.875971" lon="2.745128"></trkpt>
    <trkpt lat="41.875873" lon="2.745751"></trkpt>
    <trkpt lat="41.875805" lon="2.746230"></trkpt>
    <trkpt lat="41.875717" lon="2.746946"></trkpt>
    <trkpt lat="41.875632" lon="2.747752"></trkpt>
    <trkpt lat="41.875576" lon="2.748338"></trkpt>
    <trkpt lat="41.875529" lon="2.749011"></trkpt>
    <trkpt lat="41.875494" lon="2.749538"></trkpt>
    <trkpt lat="41.875465" lon="2.750085"></trkpt>
    <trkpt lat="41.875443" lon="2.750559"></trkpt>
    <trkpt lat="41.875402" lon="2.751398"></trkpt>
    <trkpt lat="41.875347" lon="2.752788"></trkpt>
    <trkpt lat="41.875320" lon="2.753222"></trkpt>
    <trkpt lat="41.875274" lon="2.753913"></trkpt>
    <trkpt lat="41.875226" lon="2.754442"></trkpt>
    <trkpt lat="41.875174" lon="2.754933"></trkpt>
    <trkpt lat="41.875138" lon="2.755259"></trkpt>
    <trkpt lat="41.875085" lon="2.755585"></trkpt>
    <trkpt lat="41.874983" lon="2.756293"></trkpt>
    <trkpt lat="41.874908" lon="2.756704"></trkpt>
    <trkpt lat="41.874808" lon="2.757192"></trkpt>
    <trkpt lat="41.874719" lon="2.757618"></trkpt>
    <trkpt lat="41.874617" lon="2.757999"></trkpt>
    <trkpt lat="41.874500" lon="2.758394"></trkpt>
    <trkpt lat="41.874250" lon="2.759071"></trkpt>
    <trkpt lat="41.874132" lon="2.759363"></trkpt>
    <trkpt lat="41.874011" lon="2.759661"></trkpt>
    <trkpt lat="41.873873" lon="2.759949"></trkpt>
    <trkpt lat="41.873715" lon="2.760256"></trkpt>
    <trkpt lat="41.873607" lon="2.760450"></trkpt>
    <trkpt lat="41.873445" lon="2.760727"></trkpt>
    <trkpt lat="41.873221" lon="2.761096"></trkpt>
    <trkpt lat="41.872727" lon="2.761796"></trkpt>
    <trkpt lat="41.872047" lon="2.762737"></trkpt>
    <trkpt lat="41.871439" lon="2.763604"></trkpt>
    <trkpt lat="41.871065" lon="2.764265"></trkpt>
    <trkpt lat="41.870606" lon="2.765101"></trkpt>
    <trkpt lat="41.870474" lon="2.765387"></trkpt>
    <trkpt lat="41.870356" lon="2.765639"></trkpt>
    <trkpt lat="41.869902" lon="2.766650"></trkpt>
    <trkpt lat="41.869661" lon="2.767337"></trkpt>
    <trkpt lat="41.869376" lon="2.768146"></trkpt>
    <trkpt lat="41.869200" lon="2.768714"></trkpt>
    <trkpt lat="41.869057" lon="2.769231"></trkpt>
    <trkpt lat="41.868904" lon="2.769851"></trkpt>
    <trkpt lat="41.868811" lon="2.770278"></trkpt>
    <trkpt lat="41.868710" lon="2.770758"></trkpt>
    <trkpt lat="41.868658" lon="2.771040"></trkpt>
    <trkpt lat="41.868478" lon="2.772169"></trkpt>
    <trkpt lat="41.868375" lon="2.773025"></trkpt>
    <trkpt lat="41.868364" lon="2.773231"></trkpt>
    <trkpt lat="41.868210" lon="2.774739"></trkpt>
    <trkpt lat="41.868108" lon="2.775941"></trkpt>
    <trkpt lat="41.868063" lon="2.776536"></trkpt>
    <trkpt lat="41.868036" lon="2.776958"></trkpt>
    <trkpt lat="41.867970" lon="2.777796"></trkpt>
    <trkpt lat="41.867936" lon="2.778296"></trkpt>
    <trkpt lat="41.867937" lon="2.778512"></trkpt>
    <trkpt lat="41.867952" lon="2.778701"></trkpt>
    <trkpt lat="41.867983" lon="2.778794"></trkpt>
    <trkpt lat="41.868028" lon="2.778899"></trkpt>
    <trkpt lat="41.868085" lon="2.779001"></trkpt>
    <trkpt lat="41.868141" lon="2.779074"></trkpt>
    <trkpt lat="41.868207" lon="2.779149"></trkpt>
    <trkpt lat="41.868298" lon="2.779219"></trkpt>
    <trkpt lat="41.868424" lon="2.779269"></trkpt>
    <trkpt lat="41.868582" lon="2.779285"></trkpt>
    <trkpt lat="41.868721" lon="2.779249"></trkpt>
    <trkpt lat="41.868855" lon="2.779200"></trkpt>
    <trkpt lat="41.868953" lon="2.779127"></trkpt>
    <trkpt lat="41.869074" lon="2.779013"></trkpt>
    <trkpt lat="41.869345" lon="2.778682"></trkpt>
    <trkpt lat="41.869452" lon="2.778546"></trkpt>
    <trkpt lat="41.869567" lon="2.778427"></trkpt>
    <trkpt lat="41.869699" lon="2.778326"></trkpt>
    <trkpt lat="41.869833" lon="2.778249"></trkpt>
    <trkpt lat="41.870018" lon="2.778178"></trkpt>
    <trkpt lat="41.870157" lon="2.778146"></trkpt>
    <trkpt lat="41.870316" lon="2.778137"></trkpt>
    <trkpt lat="41.870452" lon="2.778154"></trkpt>
    <trkpt lat="41.870688" lon="2.778206"></trkpt>
    <trkpt lat="41.870880" lon="2.778253"></trkpt>
    <trkpt lat="41.871214" lon="2.778281"></trkpt>
    <trkpt lat="41.871491" lon="2.778371"></trkpt>
    <trkpt lat="41.872599" lon="2.778651"></trkpt>
    <trkpt lat="41.872892" lon="2.778730"></trkpt>
    <trkpt lat="41.874306" lon="2.779111"></trkpt>
    <trkpt lat="41.875412" lon="2.779404"></trkpt>
    <trkpt lat="41.876677" lon="2.779730"></trkpt>
    <trkpt lat="41.877518" lon="2.779958"></trkpt>
    <trkpt lat="41.877996" lon="2.780079"></trkpt>
    <trkpt lat="41.878342" lon="2.780177"></trkpt>
    <trkpt lat="41.879834" lon="2.780570"></trkpt>
    <trkpt lat="41.880322" lon="2.780698"></trkpt>
    <trkpt lat="41.881674" lon="2.781054"></trkpt>
    <trkpt lat="41.882592" lon="2.781300"></trkpt>
    <trkpt lat="41.882780" lon="2.781353"></trkpt>
    <trkpt lat="41.883203" lon="2.781470"></trkpt>
    <trkpt lat="41.884120" lon="2.781712"></trkpt>
    <trkpt lat="41.884375" lon="2.781779"></trkpt>
    <trkpt lat="41.884463" lon="2.781802"></trkpt>
    <trkpt lat="41.884616" lon="2.781842"></trkpt>
    <trkpt lat="41.885123" lon="2.781974"></trkpt>
    <trkpt lat="41.885889" lon="2.782177"></trkpt>
    <trkpt lat="41.886459" lon="2.782335"></trkpt>
    <trkpt lat="41.887062" lon="2.782489"></trkpt>
    <trkpt lat="41.887910" lon="2.782719"></trkpt>
    <trkpt lat="41.888566" lon="2.782892"></trkpt>
    <trkpt lat="41.889477" lon="2.783132"></trkpt>
    <trkpt lat="41.889751" lon="2.783214"></trkpt>
    <trkpt lat="41.890140" lon="2.783311"></trkpt>
    <trkpt lat="41.890336" lon="2.783360"></trkpt>
    <trkpt lat="41.890568" lon="2.783424"></trkpt>
    <trkpt lat="41.890986" lon="2.783541"></trkpt>
    <trkpt lat="41.891184" lon="2.783594"></trkpt>
    <trkpt lat="41.892272" lon="2.783875"></trkpt>
    <trkpt lat="41.892535" lon="2.783947"></trkpt>
    <trkpt lat="41.893152" lon="2.784121"></trkpt>
    <trkpt lat="41.893416" lon="2.784201"></trkpt>
    <trkpt lat="41.894467" lon="2.784530"></trkpt>
    <trkpt lat="41.895063" lon="2.784731"></trkpt>
    <trkpt lat="41.895371" lon="2.784837"></trkpt>
    <trkpt lat="41.895643" lon="2.784938"></trkpt>
    <trkpt lat="41.896439" lon="2.785244"></trkpt>
    <trkpt lat="41.897258" lon="2.785581"></trkpt>
    <trkpt lat="41.897760" lon="2.785777"></trkpt>
    <trkpt lat="41.898181" lon="2.785940"></trkpt>
    <trkpt lat="41.898953" lon="2.786238"></trkpt>
    <trkpt lat="41.899837" lon="2.786535"></trkpt>
    <trkpt lat="41.900233" lon="2.786668"></trkpt>
    <trkpt lat="41.901108" lon="2.786948"></trkpt>
    <trkpt lat="41.901478" lon="2.787089"></trkpt>
    <trkpt lat="41.902377" lon="2.787415"></trkpt>
    <trkpt lat="41.903428" lon="2.787831"></trkpt>
    <trkpt lat="41.904682" lon="2.788328"></trkpt>
    <trkpt lat="41.905312" lon="2.788581"></trkpt>
    <trkpt lat="41.906455" lon="2.788994"></trkpt>
    <trkpt lat="41.906852" lon="2.789130"></trkpt>
    <trkpt lat="41.907350" lon="2.789296"></trkpt>
    <trkpt lat="41.907806" lon="2.789449"></trkpt>
    <trkpt lat="41.908962" lon="2.789788"></trkpt>
    <trkpt lat="41.909384" lon="2.789900"></trkpt>
    <trkpt lat="41.910284" lon="2.790120"></trkpt>
    <trkpt lat="41.911775" lon="2.790451"></trkpt>
    <trkpt lat="41.912565" lon="2.790640"></trkpt>
    <trkpt lat="41.913470" lon="2.790882"></trkpt>
    <trkpt lat="41.914254" lon="2.791110"></trkpt>
    <trkpt lat="41.914980" lon="2.791344"></trkpt>
    <trkpt lat="41.915792" lon="2.791575"></trkpt>
    <trkpt lat="41.916303" lon="2.791715"></trkpt>
    <trkpt lat="41.918181" lon="2.792166"></trkpt>
    <trkpt lat="41.919531" lon="2.792458"></trkpt>
    <trkpt lat="41.921471" lon="2.792822"></trkpt>
    <trkpt lat="41.921657" lon="2.792852"></trkpt>
    <trkpt lat="41.922248" lon="2.792956"></trkpt>
    <trkpt lat="41.923219" lon="2.793118"></trkpt>
    <trkpt lat="41.923931" lon="2.793246"></trkpt>
    <trkpt lat="41.924097" lon="2.793268"></trkpt>
    <trkpt lat="41.924482" lon="2.793309"></trkpt>
    <trkpt lat="41.924785" lon="2.793318"></trkpt>
    <trkpt lat="41.924889" lon="2.793310"></trkpt>
    <trkpt lat="41.925067" lon="2.793297"></trkpt>
    <trkpt lat="41.925457" lon="2.793234"></trkpt>
    <trkpt lat="41.925646" lon="2.793177"></trkpt>
    <trkpt lat="41.925885" lon="2.793093"></trkpt>
    <trkpt lat="41.926151" lon="2.792952"></trkpt>
    <trkpt lat="41.926285" lon="2.792882"></trkpt>
    <trkpt lat="41.926629" lon="2.792647"></trkpt>
    <trkpt lat="41.926713" lon="2.792578"></trkpt>
    <trkpt lat="41.927429" lon="2.791889"></trkpt>
    <trkpt lat="41.927557" lon="2.791756"></trkpt>
    <trkpt lat="41.927840" lon="2.791466"></trkpt>
    <trkpt lat="41.928512" lon="2.790784"></trkpt>
    <trkpt lat="41.928959" lon="2.790323"></trkpt>
    <trkpt lat="41.929202" lon="2.790043"></trkpt>
    <trkpt lat="41.929579" lon="2.789612"></trkpt>
    <trkpt lat="41.930349" lon="2.788723"></trkpt>
    <trkpt lat="41.930769" lon="2.788261"></trkpt>
    <trkpt lat="41.931094" lon="2.787993"></trkpt>
    <trkpt lat="41.931425" lon="2.787773"></trkpt>
    <trkpt lat="41.931783" lon="2.787579"></trkpt>
    <trkpt lat="41.932211" lon="2.787430"></trkpt>
    <trkpt lat="41.932444" lon="2.787365"></trkpt>
    <trkpt lat="41.932645" lon="2.787328"></trkpt>
    <trkpt lat="41.932726" lon="2.787313"></trkpt>
    <trkpt lat="41.933198" lon="2.787303"></trkpt>
    <trkpt lat="41.933598" lon="2.787332"></trkpt>
    <trkpt lat="41.934146" lon="2.787444"></trkpt>
    <trkpt lat="41.934624" lon="2.787590"></trkpt>
    <trkpt lat="41.936129" lon="2.788004"></trkpt>
    <trkpt lat="41.936914" lon="2.788230"></trkpt>
    <trkpt lat="41.937901" lon="2.788500"></trkpt>
    <trkpt lat="41.938361" lon="2.788599"></trkpt>
    <trkpt lat="41.938534" lon="2.788530"></trkpt>
    <trkpt lat="41.940541" lon="2.788841"></trkpt>
    <trkpt lat="41.940941" lon="2.788887"></trkpt>
    <trkpt lat="41.941360" lon="2.788915"></trkpt>
    <trkpt lat="41.941784" lon="2.788940"></trkpt>
    <trkpt lat="41.942402" lon="2.788953"></trkpt>
    <trkpt lat="41.943030" lon="2.788962"></trkpt>
    <trkpt lat="41.943674" lon="2.788942"></trkpt>
    <trkpt lat="41.944081" lon="2.788927"></trkpt>
    <trkpt lat="41.944552" lon="2.788897"></trkpt>
    <trkpt lat="41.944994" lon="2.788864"></trkpt>
    <trkpt lat="41.945457" lon="2.788826"></trkpt>
    <trkpt lat="41.946080" lon="2.788759"></trkpt>
    <trkpt lat="41.946667" lon="2.788674"></trkpt>
    <trkpt lat="41.947150" lon="2.788600"></trkpt>
    <trkpt lat="41.947572" lon="2.788531"></trkpt>
    <trkpt lat="41.948297" lon="2.788386"></trkpt>
    <trkpt lat="41.948705" lon="2.788299"></trkpt>
    <trkpt lat="41.949153" lon="2.788191"></trkpt>
    <trkpt lat="41.949541" lon="2.788096"></trkpt>
    <trkpt lat="41.949954" lon="2.787985"></trkpt>
    <trkpt lat="41.950692" lon="2.787768"></trkpt>
    <trkpt lat="41.951399" lon="2.787545"></trkpt>
    <trkpt lat="41.951794" lon="2.787416"></trkpt>
    <trkpt lat="41.952156" lon="2.787282"></trkpt>
    <trkpt lat="41.952670" lon="2.787092"></trkpt>
    <trkpt lat="41.952932" lon="2.786997"></trkpt>
    <trkpt lat="41.953182" lon="2.786896"></trkpt>
    <trkpt lat="41.953590" lon="2.786721"></trkpt>
    <trkpt lat="41.954112" lon="2.786496"></trkpt>
    <trkpt lat="41.954574" lon="2.786288"></trkpt>
    <trkpt lat="41.954992" lon="2.786091"></trkpt>
    <trkpt lat="41.955249" lon="2.785963"></trkpt>
    <trkpt lat="41.955499" lon="2.785842"></trkpt>
    <trkpt lat="41.955827" lon="2.785671"></trkpt>
    <trkpt lat="41.956196" lon="2.785480"></trkpt>
    <trkpt lat="41.956432" lon="2.785353"></trkpt>
    <trkpt lat="41.956896" lon="2.785205"></trkpt>
    <trkpt lat="41.957188" lon="2.785052"></trkpt>
    <trkpt lat="41.957477" lon="2.784904"></trkpt>
    <trkpt lat="41.957903" lon="2.784719"></trkpt>
    <trkpt lat="41.958068" lon="2.784652"></trkpt>
    <trkpt lat="41.958244" lon="2.784587"></trkpt>
    <trkpt lat="41.958383" lon="2.784542"></trkpt>
    <trkpt lat="41.958513" lon="2.784512"></trkpt>
    <trkpt lat="41.958639" lon="2.784478"></trkpt>
    <trkpt lat="41.958753" lon="2.784465"></trkpt>
    <trkpt lat="41.958857" lon="2.784452"></trkpt>
    <trkpt lat="41.958962" lon="2.784454"></trkpt>
    <trkpt lat="41.959069" lon="2.784468"></trkpt>
    <trkpt lat="41.959233" lon="2.784519"></trkpt>
    <trkpt lat="41.959419" lon="2.784621"></trkpt>
    <trkpt lat="41.959624" lon="2.784780"></trkpt>
    <trkpt lat="41.959822" lon="2.784988"></trkpt>
    <trkpt lat="41.960029" lon="2.785273"></trkpt>
    <trkpt lat="41.960221" lon="2.785589"></trkpt>
    <trkpt lat="41.960525" lon="2.786209"></trkpt>
    <trkpt lat="41.960808" lon="2.786854"></trkpt>
    <trkpt lat="41.961419" lon="2.788534"></trkpt>
    <trkpt lat="41.961819" lon="2.789604"></trkpt>
    <trkpt lat="41.961938" lon="2.789918"></trkpt>
    <trkpt lat="41.961972" lon="2.790004"></trkpt>
    <trkpt lat="41.961997" lon="2.790112"></trkpt>
    <trkpt lat="41.962011" lon="2.790213"></trkpt>
    <trkpt lat="41.962020" lon="2.790269"></trkpt>
    <trkpt lat="41.961992" lon="2.790310"></trkpt>
    <trkpt lat="41.961970" lon="2.790357"></trkpt>
    <trkpt lat="41.961953" lon="2.790409"></trkpt>
    <trkpt lat="41.961943" lon="2.790463"></trkpt>
    <trkpt lat="41.961941" lon="2.790519"></trkpt>
    <trkpt lat="41.961945" lon="2.790575"></trkpt>
    <trkpt lat="41.961956" lon="2.790629"></trkpt>
    <trkpt lat="41.961973" lon="2.790679"></trkpt>
    <trkpt lat="41.961997" lon="2.790726"></trkpt>
    <trkpt lat="41.962026" lon="2.790766"></trkpt>
    <trkpt lat="41.962060" lon="2.790799"></trkpt>
    <trkpt lat="41.962097" lon="2.790824"></trkpt>
    <trkpt lat="41.962137" lon="2.790840"></trkpt>
    <trkpt lat="41.962178" lon="2.790847"></trkpt>
    <trkpt lat="41.962287" lon="2.790951"></trkpt>
    <trkpt lat="41.962335" lon="2.791051"></trkpt>
    <trkpt lat="41.962407" lon="2.791331"></trkpt>
    <trkpt lat="41.962572" lon="2.791878"></trkpt>
    <trkpt lat="41.962754" lon="2.792476"></trkpt>
    <trkpt lat="41.962909" lon="2.793097"></trkpt>
    <trkpt lat="41.963028" lon="2.793606"></trkpt>
    <trkpt lat="41.963102" lon="2.794029"></trkpt>
    <trkpt lat="41.963159" lon="2.794411"></trkpt>
    <trkpt lat="41.963205" lon="2.794896"></trkpt>
    <trkpt lat="41.963233" lon="2.795285"></trkpt>
    <trkpt lat="41.963253" lon="2.795663"></trkpt>
    <trkpt lat="41.963252" lon="2.796206"></trkpt>
    <trkpt lat="41.963232" lon="2.796602"></trkpt>
    <trkpt lat="41.963192" lon="2.796985"></trkpt>
    <trkpt lat="41.963105" lon="2.797520"></trkpt>
    <trkpt lat="41.963026" lon="2.797888"></trkpt>
    <trkpt lat="41.962970" lon="2.798101"></trkpt>
    <trkpt lat="41.962913" lon="2.798292"></trkpt>
    <trkpt lat="41.962820" lon="2.798576"></trkpt>
    <trkpt lat="41.962716" lon="2.798858"></trkpt>
    <trkpt lat="41.962604" lon="2.799111"></trkpt>
    <trkpt lat="41.962475" lon="2.799378"></trkpt>
    <trkpt lat="41.962314" lon="2.799671"></trkpt>
    <trkpt lat="41.962201" lon="2.799859"></trkpt>
    <trkpt lat="41.962109" lon="2.799997"></trkpt>
    <trkpt lat="41.961959" lon="2.800197"></trkpt>
    <trkpt lat="41.961776" lon="2.800418"></trkpt>
    <trkpt lat="41.961612" lon="2.800618"></trkpt>
    <trkpt lat="41.961401" lon="2.800840"></trkpt>
    <trkpt lat="41.961259" lon="2.800893"></trkpt>
    <trkpt lat="41.961199" lon="2.800934"></trkpt>
    <trkpt lat="41.960975" lon="2.801137"></trkpt>
    <trkpt lat="41.960723" lon="2.801342"></trkpt>
    <trkpt lat="41.960416" lon="2.801646"></trkpt>
    <trkpt lat="41.960229" lon="2.801834"></trkpt>
    <trkpt lat="41.960050" lon="2.802013"></trkpt>
    <trkpt lat="41.959929" lon="2.802131"></trkpt>
    <trkpt lat="41.959895" lon="2.802161"></trkpt>
    <trkpt lat="41.959745" lon="2.802295"></trkpt>
    <trkpt lat="41.959704" lon="2.802309"></trkpt>
    <trkpt lat="41.959691" lon="2.802318"></trkpt>
    <trkpt lat="41.959665" lon="2.802331"></trkpt>
    <trkpt lat="41.959629" lon="2.802360"></trkpt>
    <trkpt lat="41.959597" lon="2.802396"></trkpt>
    <trkpt lat="41.959547" lon="2.802478"></trkpt>
    <trkpt lat="41.959545" lon="2.802486"></trkpt>
    <trkpt lat="41.959527" lon="2.802538"></trkpt>
    <trkpt lat="41.959521" lon="2.802561"></trkpt>
    <trkpt lat="41.959514" lon="2.802593"></trkpt>
    <trkpt lat="41.959508" lon="2.802647"></trkpt>
    <trkpt lat="41.959508" lon="2.802702"></trkpt>
    <trkpt lat="41.959513" lon="2.802756"></trkpt>
    <trkpt lat="41.959525" lon="2.802808"></trkpt>
    <trkpt lat="41.959541" lon="2.802858"></trkpt>
    <trkpt lat="41.959562" lon="2.802903"></trkpt>
    <trkpt lat="41.959588" lon="2.802946"></trkpt>
    <trkpt lat="41.959617" lon="2.802983"></trkpt>
    <trkpt lat="41.959649" lon="2.803014"></trkpt>
    <trkpt lat="41.959684" lon="2.803038"></trkpt>
    <trkpt lat="41.959721" lon="2.803057"></trkpt>
    <trkpt lat="41.959759" lon="2.803069"></trkpt>
    <trkpt lat="41.959814" lon="2.803073"></trkpt>
    <trkpt lat="41.959847" lon="2.803063"></trkpt>
    <trkpt lat="41.959894" lon="2.803043"></trkpt>
    <trkpt lat="41.959939" lon="2.803014"></trkpt>
    <trkpt lat="41.959949" lon="2.803005"></trkpt>
    <trkpt lat="41.960024" lon="2.802993"></trkpt>
    <trkpt lat="41.960085" lon="2.802995"></trkpt>
    <trkpt lat="41.960175" lon="2.803025"></trkpt>
    <trkpt lat="41.960233" lon="2.803083"></trkpt>
    <trkpt lat="41.960288" lon="2.803137"></trkpt>
    <trkpt lat="41.960435" lon="2.803286"></trkpt>
    <trkpt lat="41.961002" lon="2.803861"></trkpt>
    <trkpt lat="41.961244" lon="2.804099"></trkpt>
    <trkpt lat="41.962275" lon="2.805136"></trkpt>
    <trkpt lat="41.962888" lon="2.805751"></trkpt>
    <trkpt lat="41.963080" lon="2.805944"></trkpt>
    <trkpt lat="41.963259" lon="2.806124"></trkpt>
    <trkpt lat="41.963518" lon="2.806385"></trkpt>
    <trkpt lat="41.964041" lon="2.806907"></trkpt>
    <trkpt lat="41.964352" lon="2.807224"></trkpt>
    <trkpt lat="41.964457" lon="2.807329"></trkpt>
    <trkpt lat="41.964586" lon="2.807421"></trkpt>
    <trkpt lat="41.964630" lon="2.807452"></trkpt>
    <trkpt lat="41.964767" lon="2.807549"></trkpt>
    <trkpt lat="41.964868" lon="2.807604"></trkpt>
    <trkpt lat="41.965120" lon="2.807726"></trkpt>
    <trkpt lat="41.965112" lon="2.807760"></trkpt>
    <trkpt lat="41.965108" lon="2.807822"></trkpt>
    <trkpt lat="41.965112" lon="2.807887"></trkpt>
    <trkpt lat="41.965122" lon="2.807950"></trkpt>
    <trkpt lat="41.965139" lon="2.808012"></trkpt>
    <trkpt lat="41.965162" lon="2.808066"></trkpt>
    <trkpt lat="41.965200" lon="2.808129"></trkpt>
    <trkpt lat="41.965236" lon="2.808173"></trkpt>
    <trkpt lat="41.965279" lon="2.808210"></trkpt>
    <trkpt lat="41.965328" lon="2.808239"></trkpt>
    <trkpt lat="41.965379" lon="2.808256"></trkpt>
    <trkpt lat="41.965432" lon="2.808262"></trkpt>
    <trkpt lat="41.965485" lon="2.808257"></trkpt>
    <trkpt lat="41.965534" lon="2.808241"></trkpt>
    <trkpt lat="41.965579" lon="2.808217"></trkpt>
    <trkpt lat="41.965683" lon="2.808421"></trkpt>
    <trkpt lat="41.965792" lon="2.808615"></trkpt>
    <trkpt lat="41.965925" lon="2.808816"></trkpt>
    <trkpt lat="41.966091" lon="2.809010"></trkpt>
    <trkpt lat="41.966243" lon="2.809164"></trkpt>
    <trkpt lat="41.966415" lon="2.809324"></trkpt>
    <trkpt lat="41.966576" lon="2.809480"></trkpt>
    <trkpt lat="41.966927" lon="2.809838"></trkpt>
    <trkpt lat="41.967001" lon="2.809910"></trkpt>
    <trkpt lat="41.967061" lon="2.809969"></trkpt>
    <trkpt lat="41.967119" lon="2.810025"></trkpt>
    <trkpt lat="41.967481" lon="2.810396"></trkpt>
    <trkpt lat="41.967598" lon="2.810531"></trkpt>
    <trkpt lat="41.967857" lon="2.810782"></trkpt>
    <trkpt lat="41.967973" lon="2.810900"></trkpt>
    <trkpt lat="41.968317" lon="2.811261"></trkpt>
    <trkpt lat="41.968435" lon="2.811395"></trkpt>
    <trkpt lat="41.968807" lon="2.811779"></trkpt>
    <trkpt lat="41.968955" lon="2.811954"></trkpt>
    <trkpt lat="41.969068" lon="2.812046"></trkpt>
    <trkpt lat="41.969109" lon="2.812080"></trkpt>
    <trkpt lat="41.969446" lon="2.812459"></trkpt>
    <trkpt lat="41.969533" lon="2.812553"></trkpt>
    <trkpt lat="41.969614" lon="2.812618"></trkpt>
    <trkpt lat="41.969690" lon="2.812668"></trkpt>
    <trkpt lat="41.969762" lon="2.812705"></trkpt>
    <trkpt lat="41.970118" lon="2.812839"></trkpt>
    <trkpt lat="41.970173" lon="2.812860"></trkpt>
    <trkpt lat="41.970294" lon="2.812906"></trkpt>
    <trkpt lat="41.970345" lon="2.812925"></trkpt>
    <trkpt lat="41.970424" lon="2.812955"></trkpt>
    <trkpt lat="41.970598" lon="2.813020"></trkpt>
    <trkpt lat="41.970788" lon="2.813090"></trkpt>
    <trkpt lat="41.970831" lon="2.813107"></trkpt>
    <trkpt lat="41.970936" lon="2.813148"></trkpt>
    <trkpt lat="41.971037" lon="2.813187"></trkpt>
    <trkpt lat="41.971446" lon="2.813340"></trkpt>
    <trkpt lat="41.972158" lon="2.813614"></trkpt>
    <trkpt lat="41.972267" lon="2.813652"></trkpt>
    <trkpt lat="41.972246" lon="2.813748"></trkpt>
    <trkpt lat="41.972176" lon="2.814071"></trkpt>
    <trkpt lat="41.972139" lon="2.814217"></trkpt>
    <trkpt lat="41.972109" lon="2.814347"></trkpt>
    <trkpt lat="41.971976" lon="2.814947"></trkpt>
    <trkpt lat="41.971918" lon="2.815139"></trkpt>
    <trkpt lat="41.972057" lon="2.815193"></trkpt>
    <trkpt lat="41.972238" lon="2.815266"></trkpt>
    <trkpt lat="41.972329" lon="2.815305"></trkpt>
    <trkpt lat="41.972423" lon="2.815344"></trkpt>
    <trkpt lat="41.972825" lon="2.815503"></trkpt>
    <trkpt lat="41.972879" lon="2.815525"></trkpt>
    <trkpt lat="41.973360" lon="2.815718"></trkpt>
    <trkpt lat="41.973488" lon="2.815769"></trkpt>
    <trkpt lat="41.973661" lon="2.815838"></trkpt>
    <trkpt lat="41.973793" lon="2.815890"></trkpt>
    <trkpt lat="41.974033" lon="2.815991"></trkpt>
    <trkpt lat="41.974621" lon="2.816227"></trkpt>
    <trkpt lat="41.974680" lon="2.816251"></trkpt>
    <trkpt lat="41.975419" lon="2.816552"></trkpt>
    <trkpt lat="41.975497" lon="2.816583"></trkpt>
    <trkpt lat="41.975534" lon="2.816598"></trkpt>
    <trkpt lat="41.975587" lon="2.816624"></trkpt>
    <trkpt lat="41.975659" lon="2.816657"></trkpt>
    <trkpt lat="41.975728" lon="2.816685"></trkpt>
    <trkpt lat="41.976416" lon="2.816957"></trkpt>
    <trkpt lat="41.976487" lon="2.816985"></trkpt>
    <trkpt lat="41.976587" lon="2.817025"></trkpt>
    <trkpt lat="41.976617" lon="2.817038"></trkpt>
    <trkpt lat="41.976705" lon="2.817079"></trkpt>
    <trkpt lat="41.976851" lon="2.817138"></trkpt>
    <trkpt lat="41.977264" lon="2.817305"></trkpt>
    <trkpt lat="41.977402" lon="2.817361"></trkpt>
    <trkpt lat="41.977426" lon="2.817370"></trkpt>
    <trkpt lat="41.978017" lon="2.817610"></trkpt>
    <trkpt lat="41.978093" lon="2.817641"></trkpt>
    <trkpt lat="41.978048" lon="2.817868"></trkpt>
    <trkpt lat="41.977961" lon="2.818296"></trkpt>
    <trkpt lat="41.977905" lon="2.818573"></trkpt>
    <trkpt lat="41.977883" lon="2.818683"></trkpt>
    <trkpt lat="41.977860" lon="2.818790"></trkpt>
    <trkpt lat="41.977841" lon="2.818894"></trkpt>
    <trkpt lat="41.977816" lon="2.819015"></trkpt>
    <trkpt lat="41.977710" lon="2.819543"></trkpt>
    <trkpt lat="41.977694" lon="2.819619"></trkpt>
    <trkpt lat="41.977629" lon="2.819943"></trkpt>
    <trkpt lat="41.977623" lon="2.819974"></trkpt>
    <trkpt lat="41.977858" lon="2.820088"></trkpt>
    <trkpt lat="41.978211" lon="2.820256"></trkpt>
    <trkpt lat="41.978401" lon="2.820344"></trkpt>
    <trkpt lat="41.978498" lon="2.820406"></trkpt>
    <trkpt lat="41.978580" lon="2.820458"></trkpt>
    <trkpt lat="41.978672" lon="2.820536"></trkpt>
    <trkpt lat="41.979125" lon="2.820950"></trkpt>
    <trkpt lat="41.979145" lon="2.820968"></trkpt>
    <trkpt lat="41.979315" lon="2.821123"></trkpt>
    <trkpt lat="41.979330" lon="2.821137"></trkpt>
    <trkpt lat="41.979358" lon="2.821163"></trkpt>
    <trkpt lat="41.979408" lon="2.821213"></trkpt>
    <trkpt lat="41.979370" lon="2.821299"></trkpt>
    <trkpt lat="41.979345" lon="2.821350"></trkpt>
    </trkseg>
  </trk>
</gpx>