<?xml version="1.0" encoding="UTF-8"?>
<gpx version="1.1" creator="loops.ie"
  xmlns="http://www.topografix.com/GPX/1/1"
  xmlns:xsi="http://www.w3.org/2001/XMLSchema-instance"
  xsi:schemaLocation="http://www.topografix.com/GPX/1/1 http://www.topografix.com/GPX/1/1/gpx.xsd">
  <metadata>
    <name>Costa Brava via Sant Grau</name>
    <desc>Classic Girona loop to the Costa Brava coastline through Sant Grau. Features a 6.3km climb to Sant Grau monastery, stunning coastal roads past crystal clear bays near Tossa de Mar, returning via quiet country lanes.</desc>
    <author><name>loops.ie</name></author>
    <time>2026-03-20T13:58:46.877Z</time>
  </metadata>
  <trk>
    <name>Costa Brava via Sant Grau</name>
    <type>road</type>
    <trkseg>
    <trkpt lat="41.979345" lon="2.821350"></trkpt>
    <trkpt lat="41.979190" lon="2.821659"></trkpt>
    <trkpt lat="41.978878" lon="2.822282"></trkpt>
    <trkpt lat="41.978852" lon="2.822328"></trkpt>
    <trkpt lat="41.978777" lon="2.822384"></trkpt>
    <trkpt lat="41.978741" lon="2.822304"></trkpt>
    <trkpt lat="41.978735" lon="2.822271"></trkpt>
    <trkpt lat="41.978644" lon="2.822065"></trkpt>
    <trkpt lat="41.978541" lon="2.821888"></trkpt>
    <trkpt lat="41.978350" lon="2.821748"></trkpt>
    <trkpt lat="41.978294" lon="2.821711"></trkpt>
    <trkpt lat="41.978234" lon="2.821673"></trkpt>
    <trkpt lat="41.978264" lon="2.821534"></trkpt>
    <trkpt lat="41.978476" lon="2.820510"></trkpt>
    <trkpt lat="41.978498" lon="2.820406"></trkpt>
    <trkpt lat="41.978527" lon="2.820250"></trkpt>
    <trkpt lat="41.978622" lon="2.819780"></trkpt>
    <trkpt lat="41.978642" lon="2.819737"></trkpt>
    <trkpt lat="41.978733" lon="2.819290"></trkpt>
    <trkpt lat="41.978764" lon="2.819152"></trkpt>
    <trkpt lat="41.978796" lon="2.819009"></trkpt>
    <trkpt lat="41.978975" lon="2.818180"></trkpt>
    <trkpt lat="41.979011" lon="2.818010"></trkpt>
    <trkpt lat="41.978819" lon="2.817933"></trkpt>
    <trkpt lat="41.978252" lon="2.817705"></trkpt>
    <trkpt lat="41.978093" lon="2.817641"></trkpt>
    <trkpt lat="41.978017" lon="2.817610"></trkpt>
    <trkpt lat="41.977426" lon="2.817370"></trkpt>
    <trkpt lat="41.977402" lon="2.817361"></trkpt>
    <trkpt lat="41.977264" lon="2.817305"></trkpt>
    <trkpt lat="41.976851" lon="2.817138"></trkpt>
    <trkpt lat="41.976705" lon="2.817079"></trkpt>
    <trkpt lat="41.976617" lon="2.817038"></trkpt>
    <trkpt lat="41.976587" lon="2.817025"></trkpt>
    <trkpt lat="41.976487" lon="2.816985"></trkpt>
    <trkpt lat="41.976416" lon="2.816957"></trkpt>
    <trkpt lat="41.975728" lon="2.816685"></trkpt>
    <trkpt lat="41.975659" lon="2.816657"></trkpt>
    <trkpt lat="41.975587" lon="2.816624"></trkpt>
    <trkpt lat="41.975534" lon="2.816598"></trkpt>
    <trkpt lat="41.975497" lon="2.816583"></trkpt>
    <trkpt lat="41.975419" lon="2.816552"></trkpt>
    <trkpt lat="41.974680" lon="2.816251"></trkpt>
    <trkpt lat="41.974621" lon="2.816227"></trkpt>
    <trkpt lat="41.974033" lon="2.815991"></trkpt>
    <trkpt lat="41.973793" lon="2.815890"></trkpt>
    <trkpt lat="41.973661" lon="2.815838"></trkpt>
    <trkpt lat="41.973488" lon="2.815769"></trkpt>
    <trkpt lat="41.973360" lon="2.815718"></trkpt>
    <trkpt lat="41.972879" lon="2.815525"></trkpt>
    <trkpt lat="41.972825" lon="2.815503"></trkpt>
    <trkpt lat="41.972423" lon="2.815344"></trkpt>
    <trkpt lat="41.972329" lon="2.815305"></trkpt>
    <trkpt lat="41.972238" lon="2.815266"></trkpt>
    <trkpt lat="41.972057" lon="2.815193"></trkpt>
    <trkpt lat="41.971918" lon="2.815139"></trkpt>
    <trkpt lat="41.971814" lon="2.815102"></trkpt>
    <trkpt lat="41.971649" lon="2.815035"></trkpt>
    <trkpt lat="41.971569" lon="2.815003"></trkpt>
    <trkpt lat="41.971463" lon="2.814960"></trkpt>
    <trkpt lat="41.971400" lon="2.814935"></trkpt>
    <trkpt lat="41.971322" lon="2.814903"></trkpt>
    <trkpt lat="41.970715" lon="2.814657"></trkpt>
    <trkpt lat="41.970393" lon="2.814525"></trkpt>
    <trkpt lat="41.970321" lon="2.814494"></trkpt>
    <trkpt lat="41.970203" lon="2.814443"></trkpt>
    <trkpt lat="41.970118" lon="2.814377"></trkpt>
    <trkpt lat="41.969968" lon="2.814315"></trkpt>
    <trkpt lat="41.969817" lon="2.814249"></trkpt>
    <trkpt lat="41.969739" lon="2.814230"></trkpt>
    <trkpt lat="41.969205" lon="2.814037"></trkpt>
    <trkpt lat="41.968904" lon="2.813918"></trkpt>
    <trkpt lat="41.968709" lon="2.813839"></trkpt>
    <trkpt lat="41.968626" lon="2.813806"></trkpt>
    <trkpt lat="41.968045" lon="2.813572"></trkpt>
    <trkpt lat="41.967626" lon="2.813402"></trkpt>
    <trkpt lat="41.967537" lon="2.813366"></trkpt>
    <trkpt lat="41.967258" lon="2.813253"></trkpt>
    <trkpt lat="41.966765" lon="2.813053"></trkpt>
    <trkpt lat="41.966269" lon="2.812852"></trkpt>
    <trkpt lat="41.966240" lon="2.812840"></trkpt>
    <trkpt lat="41.966170" lon="2.812812"></trkpt>
    <trkpt lat="41.965112" lon="2.812386"></trkpt>
    <trkpt lat="41.965056" lon="2.812364"></trkpt>
    <trkpt lat="41.964216" lon="2.812028"></trkpt>
    <trkpt lat="41.964150" lon="2.812002"></trkpt>
    <trkpt lat="41.964099" lon="2.811982"></trkpt>
    <trkpt lat="41.964029" lon="2.811954"></trkpt>
    <trkpt lat="41.963872" lon="2.811890"></trkpt>
    <trkpt lat="41.963766" lon="2.811847"></trkpt>
    <trkpt lat="41.963190" lon="2.811614"></trkpt>
    <trkpt lat="41.963008" lon="2.811541"></trkpt>
    <trkpt lat="41.962968" lon="2.811523"></trkpt>
    <trkpt lat="41.962904" lon="2.811496"></trkpt>
    <trkpt lat="41.962844" lon="2.811471"></trkpt>
    <trkpt lat="41.962831" lon="2.811466"></trkpt>
    <trkpt lat="41.962617" lon="2.811379"></trkpt>
    <trkpt lat="41.962498" lon="2.811330"></trkpt>
    <trkpt lat="41.962292" lon="2.811245"></trkpt>
    <trkpt lat="41.962062" lon="2.811152"></trkpt>
    <trkpt lat="41.961719" lon="2.811010"></trkpt>
    <trkpt lat="41.961687" lon="2.810997"></trkpt>
    <trkpt lat="41.961638" lon="2.810942"></trkpt>
    <trkpt lat="41.961579" lon="2.810876"></trkpt>
    <trkpt lat="41.961500" lon="2.810789"></trkpt>
    <trkpt lat="41.961447" lon="2.810715"></trkpt>
    <trkpt lat="41.961412" lon="2.810650"></trkpt>
    <trkpt lat="41.961315" lon="2.810536"></trkpt>
    <trkpt lat="41.961219" lon="2.810426"></trkpt>
    <trkpt lat="41.961128" lon="2.810354"></trkpt>
    <trkpt lat="41.961033" lon="2.810298"></trkpt>
    <trkpt lat="41.960942" lon="2.810262"></trkpt>
    <trkpt lat="41.960846" lon="2.810244"></trkpt>
    <trkpt lat="41.960742" lon="2.810242"></trkpt>
    <trkpt lat="41.960674" lon="2.810253"></trkpt>
    <trkpt lat="41.960526" lon="2.810274"></trkpt>
    <trkpt lat="41.960416" lon="2.810314"></trkpt>
    <trkpt lat="41.960329" lon="2.810338"></trkpt>
    <trkpt lat="41.960233" lon="2.810347"></trkpt>
    <trkpt lat="41.960090" lon="2.810351"></trkpt>
    <trkpt lat="41.959513" lon="2.810123"></trkpt>
    <trkpt lat="41.959013" lon="2.809910"></trkpt>
    <trkpt lat="41.958970" lon="2.809896"></trkpt>
    <trkpt lat="41.958737" lon="2.809820"></trkpt>
    <trkpt lat="41.958598" lon="2.809785"></trkpt>
    <trkpt lat="41.958433" lon="2.809758"></trkpt>
    <trkpt lat="41.958301" lon="2.809747"></trkpt>
    <trkpt lat="41.958160" lon="2.809746"></trkpt>
    <trkpt lat="41.958020" lon="2.809759"></trkpt>
    <trkpt lat="41.957867" lon="2.809780"></trkpt>
    <trkpt lat="41.957605" lon="2.809849"></trkpt>
    <trkpt lat="41.957528" lon="2.809875"></trkpt>
    <trkpt lat="41.957338" lon="2.809961"></trkpt>
    <trkpt lat="41.957068" lon="2.810095"></trkpt>
    <trkpt lat="41.956931" lon="2.810094"></trkpt>
    <trkpt lat="41.956899" lon="2.810094"></trkpt>
    <trkpt lat="41.956867" lon="2.810083"></trkpt>
    <trkpt lat="41.956800" lon="2.810067"></trkpt>
    <trkpt lat="41.956797" lon="2.810044"></trkpt>
    <trkpt lat="41.956792" lon="2.810019"></trkpt>
    <trkpt lat="41.956789" lon="2.809998"></trkpt>
    <trkpt lat="41.956780" lon="2.809966"></trkpt>
    <trkpt lat="41.956768" lon="2.809926"></trkpt>
    <trkpt lat="41.956747" lon="2.809876"></trkpt>
    <trkpt lat="41.956722" lon="2.809829"></trkpt>
    <trkpt lat="41.956693" lon="2.809787"></trkpt>
    <trkpt lat="41.956688" lon="2.809782"></trkpt>
    <trkpt lat="41.956660" lon="2.809749"></trkpt>
    <trkpt lat="41.956653" lon="2.809744"></trkpt>
    <trkpt lat="41.956624" lon="2.809718"></trkpt>
    <trkpt lat="41.956618" lon="2.809713"></trkpt>
    <trkpt lat="41.956595" lon="2.809698"></trkpt>
    <trkpt lat="41.956566" lon="2.809682"></trkpt>
    <trkpt lat="41.956524" lon="2.809666"></trkpt>
    <trkpt lat="41.956482" lon="2.809657"></trkpt>
    <trkpt lat="41.956449" lon="2.809654"></trkpt>
    <trkpt lat="41.956417" lon="2.809656"></trkpt>
    <trkpt lat="41.956375" lon="2.809664"></trkpt>
    <trkpt lat="41.956333" lon="2.809679"></trkpt>
    <trkpt lat="41.956293" lon="2.809701"></trkpt>
    <trkpt lat="41.956268" lon="2.809719"></trkpt>
    <trkpt lat="41.956247" lon="2.809737"></trkpt>
    <trkpt lat="41.956223" lon="2.809761"></trkpt>
    <trkpt lat="41.956194" lon="2.809796"></trkpt>
    <trkpt lat="41.956173" lon="2.809828"></trkpt>
    <trkpt lat="41.956156" lon="2.809858"></trkpt>
    <trkpt lat="41.956135" lon="2.809903"></trkpt>
    <trkpt lat="41.956122" lon="2.809938"></trkpt>
    <trkpt lat="41.956110" lon="2.809978"></trkpt>
    <trkpt lat="41.956099" lon="2.810034"></trkpt>
    <trkpt lat="41.956094" lon="2.810077"></trkpt>
    <trkpt lat="41.956092" lon="2.810120"></trkpt>
    <trkpt lat="41.956094" lon="2.810177"></trkpt>
    <trkpt lat="41.956028" lon="2.810336"></trkpt>
    <trkpt lat="41.955912" lon="2.810526"></trkpt>
    <trkpt lat="41.955664" lon="2.810912"></trkpt>
    <trkpt lat="41.955621" lon="2.810980"></trkpt>
    <trkpt lat="41.955269" lon="2.811487"></trkpt>
    <trkpt lat="41.955080" lon="2.811693"></trkpt>
    <trkpt lat="41.954870" lon="2.811870"></trkpt>
    <trkpt lat="41.954726" lon="2.812004"></trkpt>
    <trkpt lat="41.954561" lon="2.812118"></trkpt>
    <trkpt lat="41.954335" lon="2.812267"></trkpt>
    <trkpt lat="41.954112" lon="2.812407"></trkpt>
    <trkpt lat="41.953915" lon="2.812531"></trkpt>
    <trkpt lat="41.953665" lon="2.812615"></trkpt>
    <trkpt lat="41.953412" lon="2.812676"></trkpt>
    <trkpt lat="41.953120" lon="2.812739"></trkpt>
    <trkpt lat="41.952821" lon="2.812785"></trkpt>
    <trkpt lat="41.952416" lon="2.812822"></trkpt>
    <trkpt lat="41.952004" lon="2.812839"></trkpt>
    <trkpt lat="41.951649" lon="2.812829"></trkpt>
    <trkpt lat="41.951057" lon="2.812800"></trkpt>
    <trkpt lat="41.950767" lon="2.812802"></trkpt>
    <trkpt lat="41.950588" lon="2.812810"></trkpt>
    <trkpt lat="41.950409" lon="2.812825"></trkpt>
    <trkpt lat="41.950140" lon="2.812868"></trkpt>
    <trkpt lat="41.949878" lon="2.812925"></trkpt>
    <trkpt lat="41.949634" lon="2.812984"></trkpt>
    <trkpt lat="41.949626" lon="2.812986"></trkpt>
    <trkpt lat="41.949440" lon="2.813051"></trkpt>
    <trkpt lat="41.949227" lon="2.813135"></trkpt>
    <trkpt lat="41.949013" lon="2.813237"></trkpt>
    <trkpt lat="41.948902" lon="2.813290"></trkpt>
    <trkpt lat="41.948854" lon="2.813314"></trkpt>
    <trkpt lat="41.948373" lon="2.813595"></trkpt>
    <trkpt lat="41.948291" lon="2.813641"></trkpt>
    <trkpt lat="41.948036" lon="2.813799"></trkpt>
    <trkpt lat="41.947612" lon="2.814055"></trkpt>
    <trkpt lat="41.947377" lon="2.814178"></trkpt>
    <trkpt lat="41.947175" lon="2.814279"></trkpt>
    <trkpt lat="41.946970" lon="2.814367"></trkpt>
    <trkpt lat="41.946791" lon="2.814437"></trkpt>
    <trkpt lat="41.946556" lon="2.814523"></trkpt>
    <trkpt lat="41.946037" lon="2.814708"></trkpt>
    <trkpt lat="41.945511" lon="2.814899"></trkpt>
    <trkpt lat="41.945174" lon="2.815030"></trkpt>
    <trkpt lat="41.944942" lon="2.815135"></trkpt>
    <trkpt lat="41.944516" lon="2.815342"></trkpt>
    <trkpt lat="41.944113" lon="2.815571"></trkpt>
    <trkpt lat="41.943742" lon="2.815810"></trkpt>
    <trkpt lat="41.943520" lon="2.815967"></trkpt>
    <trkpt lat="41.943324" lon="2.816118"></trkpt>
    <trkpt lat="41.943065" lon="2.816325"></trkpt>
    <trkpt lat="41.942839" lon="2.816522"></trkpt>
    <trkpt lat="41.942683" lon="2.816633"></trkpt>
    <trkpt lat="41.942585" lon="2.816724"></trkpt>
    <trkpt lat="41.942502" lon="2.816800"></trkpt>
    <trkpt lat="41.942137" lon="2.817172"></trkpt>
    <trkpt lat="41.941986" lon="2.817339"></trkpt>
    <trkpt lat="41.941733" lon="2.817619"></trkpt>
    <trkpt lat="41.941574" lon="2.817799"></trkpt>
    <trkpt lat="41.941488" lon="2.817904"></trkpt>
    <trkpt lat="41.941361" lon="2.818059"></trkpt>
    <trkpt lat="41.941029" lon="2.818471"></trkpt>
    <trkpt lat="41.940834" lon="2.818735"></trkpt>
    <trkpt lat="41.940671" lon="2.818963"></trkpt>
    <trkpt lat="41.940592" lon="2.819079"></trkpt>
    <trkpt lat="41.940376" lon="2.819430"></trkpt>
    <trkpt lat="41.940272" lon="2.819591"></trkpt>
    <trkpt lat="41.940231" lon="2.819656"></trkpt>
    <trkpt lat="41.940095" lon="2.819859"></trkpt>
    <trkpt lat="41.939907" lon="2.820148"></trkpt>
    <trkpt lat="41.939739" lon="2.820415"></trkpt>
    <trkpt lat="41.939494" lon="2.820820"></trkpt>
    <trkpt lat="41.939315" lon="2.821128"></trkpt>
    <trkpt lat="41.939153" lon="2.821408"></trkpt>
    <trkpt lat="41.938991" lon="2.821699"></trkpt>
    <trkpt lat="41.938773" lon="2.822121"></trkpt>
    <trkpt lat="41.938461" lon="2.822755"></trkpt>
    <trkpt lat="41.938175" lon="2.823380"></trkpt>
    <trkpt lat="41.937973" lon="2.823850"></trkpt>
    <trkpt lat="41.937808" lon="2.824288"></trkpt>
    <trkpt lat="41.937640" lon="2.824780"></trkpt>
    <trkpt lat="41.937526" lon="2.825147"></trkpt>
    <trkpt lat="41.937387" lon="2.825638"></trkpt>
    <trkpt lat="41.937310" lon="2.825961"></trkpt>
    <trkpt lat="41.937235" lon="2.826318"></trkpt>
    <trkpt lat="41.937206" lon="2.826459"></trkpt>
    <trkpt lat="41.937187" lon="2.826572"></trkpt>
    <trkpt lat="41.937114" lon="2.827011"></trkpt>
    <trkpt lat="41.937026" lon="2.827764"></trkpt>
    <trkpt lat="41.936992" lon="2.828541"></trkpt>
    <trkpt lat="41.936992" lon="2.829317"></trkpt>
    <trkpt lat="41.936988" lon="2.829934"></trkpt>
    <trkpt lat="41.936958" lon="2.830866"></trkpt>
    <trkpt lat="41.936919" lon="2.831721"></trkpt>
    <trkpt lat="41.936860" lon="2.832473"></trkpt>
    <trkpt lat="41.936748" lon="2.833521"></trkpt>
    <trkpt lat="41.936638" lon="2.834391"></trkpt>
    <trkpt lat="41.936504" lon="2.835262"></trkpt>
    <trkpt lat="41.936463" lon="2.835471"></trkpt>
    <trkpt lat="41.936381" lon="2.835895"></trkpt>
    <trkpt lat="41.936275" lon="2.836446"></trkpt>
    <trkpt lat="41.936120" lon="2.837124"></trkpt>
    <trkpt lat="41.935984" lon="2.837682"></trkpt>
    <trkpt lat="41.935910" lon="2.837936"></trkpt>
    <trkpt lat="41.935792" lon="2.838322"></trkpt>
    <trkpt lat="41.935657" lon="2.838697"></trkpt>
    <trkpt lat="41.935519" lon="2.839038"></trkpt>
    <trkpt lat="41.935431" lon="2.839231"></trkpt>
    <trkpt lat="41.935350" lon="2.839409"></trkpt>
    <trkpt lat="41.935249" lon="2.839606"></trkpt>
    <trkpt lat="41.934954" lon="2.840120"></trkpt>
    <trkpt lat="41.934642" lon="2.840607"></trkpt>
    <trkpt lat="41.934300" lon="2.841095"></trkpt>
    <trkpt lat="41.934030" lon="2.841500"></trkpt>
    <trkpt lat="41.933883" lon="2.841778"></trkpt>
    <trkpt lat="41.933760" lon="2.842045"></trkpt>
    <trkpt lat="41.933570" lon="2.842495"></trkpt>
    <trkpt lat="41.933425" lon="2.842886"></trkpt>
    <trkpt lat="41.933307" lon="2.843215"></trkpt>
    <trkpt lat="41.933129" lon="2.843720"></trkpt>
    <trkpt lat="41.933038" lon="2.843985"></trkpt>
    <trkpt lat="41.932912" lon="2.844333"></trkpt>
    <trkpt lat="41.932849" lon="2.844491"></trkpt>
    <trkpt lat="41.932796" lon="2.844612"></trkpt>
    <trkpt lat="41.932730" lon="2.844766"></trkpt>
    <trkpt lat="41.932678" lon="2.844874"></trkpt>
    <trkpt lat="41.932569" lon="2.845091"></trkpt>
    <trkpt lat="41.932378" lon="2.845401"></trkpt>
    <trkpt lat="41.932229" lon="2.845616"></trkpt>
    <trkpt lat="41.931841" lon="2.846111"></trkpt>
    <trkpt lat="41.931435" lon="2.846596"></trkpt>
    <trkpt lat="41.931366" lon="2.846681"></trkpt>
    <trkpt lat="41.931188" lon="2.846897"></trkpt>
    <trkpt lat="41.931019" lon="2.847101"></trkpt>
    <trkpt lat="41.930750" lon="2.847412"></trkpt>
    <trkpt lat="41.930528" lon="2.847655"></trkpt>
    <trkpt lat="41.930484" lon="2.847702"></trkpt>
    <trkpt lat="41.930434" lon="2.847751"></trkpt>
    <trkpt lat="41.930374" lon="2.847813"></trkpt>
    <trkpt lat="41.929950" lon="2.848163"></trkpt>
    <trkpt lat="41.929756" lon="2.848326"></trkpt>
    <trkpt lat="41.929525" lon="2.848491"></trkpt>
    <trkpt lat="41.929312" lon="2.848647"></trkpt>
    <trkpt lat="41.929005" lon="2.848872"></trkpt>
    <trkpt lat="41.928407" lon="2.849286"></trkpt>
    <trkpt lat="41.927894" lon="2.849645"></trkpt>
    <trkpt lat="41.927851" lon="2.849675"></trkpt>
    <trkpt lat="41.927311" lon="2.850052"></trkpt>
    <trkpt lat="41.926966" lon="2.850203"></trkpt>
    <trkpt lat="41.926823" lon="2.850244"></trkpt>
    <trkpt lat="41.926482" lon="2.850343"></trkpt>
    <trkpt lat="41.926231" lon="2.850371"></trkpt>
    <trkpt lat="41.926152" lon="2.850380"></trkpt>
    <trkpt lat="41.925513" lon="2.850418"></trkpt>
    <trkpt lat="41.924977" lon="2.850437"></trkpt>
    <trkpt lat="41.924392" lon="2.850457"></trkpt>
    <trkpt lat="41.923878" lon="2.850475"></trkpt>
    <trkpt lat="41.923640" lon="2.850483"></trkpt>
    <trkpt lat="41.923202" lon="2.850493"></trkpt>
    <trkpt lat="41.922785" lon="2.850503"></trkpt>
    <trkpt lat="41.922329" lon="2.850524"></trkpt>
    <trkpt lat="41.922083" lon="2.850534"></trkpt>
    <trkpt lat="41.921945" lon="2.850540"></trkpt>
    <trkpt lat="41.920978" lon="2.850573"></trkpt>
    <trkpt lat="41.920219" lon="2.850598"></trkpt>
    <trkpt lat="41.917396" lon="2.850687"></trkpt>
    <trkpt lat="41.916068" lon="2.850761"></trkpt>
    <trkpt lat="41.915909" lon="2.850749"></trkpt>
    <trkpt lat="41.915816" lon="2.850726"></trkpt>
    <trkpt lat="41.915710" lon="2.850631"></trkpt>
    <trkpt lat="41.915657" lon="2.850578"></trkpt>
    <trkpt lat="41.915593" lon="2.850553"></trkpt>
    <trkpt lat="41.915527" lon="2.850558"></trkpt>
    <trkpt lat="41.915466" lon="2.850593"></trkpt>
    <trkpt lat="41.915417" lon="2.850654"></trkpt>
    <trkpt lat="41.915337" lon="2.850755"></trkpt>
    <trkpt lat="41.915241" lon="2.850830"></trkpt>
    <trkpt lat="41.915140" lon="2.850882"></trkpt>
    <trkpt lat="41.914436" lon="2.851043"></trkpt>
    <trkpt lat="41.914289" lon="2.851087"></trkpt>
    <trkpt lat="41.913626" lon="2.851287"></trkpt>
    <trkpt lat="41.913119" lon="2.851432"></trkpt>
    <trkpt lat="41.912412" lon="2.851660"></trkpt>
    <trkpt lat="41.911678" lon="2.851884"></trkpt>
    <trkpt lat="41.910657" lon="2.852195"></trkpt>
    <trkpt lat="41.909839" lon="2.852445"></trkpt>
    <trkpt lat="41.908682" lon="2.852797"></trkpt>
    <trkpt lat="41.908415" lon="2.852879"></trkpt>
    <trkpt lat="41.907977" lon="2.853013"></trkpt>
    <trkpt lat="41.907345" lon="2.853227"></trkpt>
    <trkpt lat="41.907204" lon="2.853269"></trkpt>
    <trkpt lat="41.907175" lon="2.853282"></trkpt>
    <trkpt lat="41.907149" lon="2.853288"></trkpt>
    <trkpt lat="41.907032" lon="2.853324"></trkpt>
    <trkpt lat="41.906734" lon="2.853418"></trkpt>
    <trkpt lat="41.906110" lon="2.853602"></trkpt>
    <trkpt lat="41.906009" lon="2.853633"></trkpt>
    <trkpt lat="41.905970" lon="2.853645"></trkpt>
    <trkpt lat="41.905857" lon="2.853661"></trkpt>
    <trkpt lat="41.905677" lon="2.853723"></trkpt>
    <trkpt lat="41.905536" lon="2.853780"></trkpt>
    <trkpt lat="41.905367" lon="2.853861"></trkpt>
    <trkpt lat="41.905248" lon="2.853928"></trkpt>
    <trkpt lat="41.905099" lon="2.854024"></trkpt>
    <trkpt lat="41.904995" lon="2.854103"></trkpt>
    <trkpt lat="41.904865" lon="2.854221"></trkpt>
    <trkpt lat="41.904742" lon="2.854350"></trkpt>
    <trkpt lat="41.904685" lon="2.854414"></trkpt>
    <trkpt lat="41.904615" lon="2.854498"></trkpt>
    <trkpt lat="41.904542" lon="2.854606"></trkpt>
    <trkpt lat="41.904501" lon="2.854669"></trkpt>
    <trkpt lat="41.904424" lon="2.854788"></trkpt>
    <trkpt lat="41.904318" lon="2.854964"></trkpt>
    <trkpt lat="41.904104" lon="2.855330"></trkpt>
    <trkpt lat="41.903924" lon="2.855646"></trkpt>
    <trkpt lat="41.903803" lon="2.855901"></trkpt>
    <trkpt lat="41.903589" lon="2.856263"></trkpt>
    <trkpt lat="41.903448" lon="2.856507"></trkpt>
    <trkpt lat="41.903350" lon="2.856677"></trkpt>
    <trkpt lat="41.903241" lon="2.856845"></trkpt>
    <trkpt lat="41.903164" lon="2.856944"></trkpt>
    <trkpt lat="41.903037" lon="2.857089"></trkpt>
    <trkpt lat="41.902950" lon="2.857188"></trkpt>
    <trkpt lat="41.902821" lon="2.857310"></trkpt>
    <trkpt lat="41.902686" lon="2.857427"></trkpt>
    <trkpt lat="41.902370" lon="2.857671"></trkpt>
    <trkpt lat="41.902259" lon="2.857756"></trkpt>
    <trkpt lat="41.901742" lon="2.858156"></trkpt>
    <trkpt lat="41.901188" lon="2.858581"></trkpt>
    <trkpt lat="41.901012" lon="2.858714"></trkpt>
    <trkpt lat="41.900882" lon="2.858812"></trkpt>
    <trkpt lat="41.900435" lon="2.859149"></trkpt>
    <trkpt lat="41.899952" lon="2.859435"></trkpt>
    <trkpt lat="41.899462" lon="2.859644"></trkpt>
    <trkpt lat="41.899237" lon="2.859699"></trkpt>
    <trkpt lat="41.898974" lon="2.859757"></trkpt>
    <trkpt lat="41.898601" lon="2.859793"></trkpt>
    <trkpt lat="41.898228" lon="2.859786"></trkpt>
    <trkpt lat="41.897765" lon="2.859717"></trkpt>
    <trkpt lat="41.897445" lon="2.859654"></trkpt>
    <trkpt lat="41.897207" lon="2.859616"></trkpt>
    <trkpt lat="41.896355" lon="2.859448"></trkpt>
    <trkpt lat="41.896080" lon="2.859403"></trkpt>
    <trkpt lat="41.895908" lon="2.859374"></trkpt>
    <trkpt lat="41.895478" lon="2.859345"></trkpt>
    <trkpt lat="41.895071" lon="2.859348"></trkpt>
    <trkpt lat="41.894651" lon="2.859401"></trkpt>
    <trkpt lat="41.894110" lon="2.859485"></trkpt>
    <trkpt lat="41.893805" lon="2.859488"></trkpt>
    <trkpt lat="41.893735" lon="2.859479"></trkpt>
    <trkpt lat="41.893676" lon="2.859445"></trkpt>
    <trkpt lat="41.893658" lon="2.859408"></trkpt>
    <trkpt lat="41.893638" lon="2.859374"></trkpt>
    <trkpt lat="41.893614" lon="2.859343"></trkpt>
    <trkpt lat="41.893575" lon="2.859307"></trkpt>
    <trkpt lat="41.893538" lon="2.859280"></trkpt>
    <trkpt lat="41.893483" lon="2.859259"></trkpt>
    <trkpt lat="41.893426" lon="2.859253"></trkpt>
    <trkpt lat="41.893369" lon="2.859264"></trkpt>
    <trkpt lat="41.893329" lon="2.859281"></trkpt>
    <trkpt lat="41.893283" lon="2.859315"></trkpt>
    <trkpt lat="41.893254" lon="2.859346"></trkpt>
    <trkpt lat="41.893228" lon="2.859381"></trkpt>
    <trkpt lat="41.893205" lon="2.859421"></trkpt>
    <trkpt lat="41.893187" lon="2.859465"></trkpt>
    <trkpt lat="41.893174" lon="2.859511"></trkpt>
    <trkpt lat="41.893071" lon="2.859614"></trkpt>
    <trkpt lat="41.893024" lon="2.859662"></trkpt>
    <trkpt lat="41.892870" lon="2.859765"></trkpt>
    <trkpt lat="41.892352" lon="2.859891"></trkpt>
    <trkpt lat="41.891815" lon="2.860071"></trkpt>
    <trkpt lat="41.890850" lon="2.860416"></trkpt>
    <trkpt lat="41.889888" lon="2.860779"></trkpt>
    <trkpt lat="41.889021" lon="2.861141"></trkpt>
    <trkpt lat="41.888705" lon="2.861282"></trkpt>
    <trkpt lat="41.888546" lon="2.861378"></trkpt>
    <trkpt lat="41.888109" lon="2.861630"></trkpt>
    <trkpt lat="41.886965" lon="2.862472"></trkpt>
    <trkpt lat="41.886119" lon="2.863071"></trkpt>
    <trkpt lat="41.885604" lon="2.863424"></trkpt>
    <trkpt lat="41.884980" lon="2.863840"></trkpt>
    <trkpt lat="41.884326" lon="2.864260"></trkpt>
    <trkpt lat="41.883863" lon="2.864540"></trkpt>
    <trkpt lat="41.883215" lon="2.864914"></trkpt>
    <trkpt lat="41.881802" lon="2.865732"></trkpt>
    <trkpt lat="41.881470" lon="2.865961"></trkpt>
    <trkpt lat="41.881194" lon="2.866170"></trkpt>
    <trkpt lat="41.880792" lon="2.866547"></trkpt>
    <trkpt lat="41.880679" lon="2.866659"></trkpt>
    <trkpt lat="41.880614" lon="2.866729"></trkpt>
    <trkpt lat="41.880394" lon="2.866971"></trkpt>
    <trkpt lat="41.880087" lon="2.867354"></trkpt>
    <trkpt lat="41.879966" lon="2.867528"></trkpt>
    <trkpt lat="41.879800" lon="2.867773"></trkpt>
    <trkpt lat="41.879497" lon="2.868256"></trkpt>
    <trkpt lat="41.879254" lon="2.868726"></trkpt>
    <trkpt lat="41.879027" lon="2.869222"></trkpt>
    <trkpt lat="41.878613" lon="2.870406"></trkpt>
    <trkpt lat="41.878337" lon="2.871211"></trkpt>
    <trkpt lat="41.878208" lon="2.871522"></trkpt>
    <trkpt lat="41.878030" lon="2.871932"></trkpt>
    <trkpt lat="41.877837" lon="2.872322"></trkpt>
    <trkpt lat="41.877668" lon="2.872623"></trkpt>
    <trkpt lat="41.877254" lon="2.873279"></trkpt>
    <trkpt lat="41.876991" lon="2.873685"></trkpt>
    <trkpt lat="41.876065" lon="2.875138"></trkpt>
    <trkpt lat="41.875834" lon="2.875569"></trkpt>
    <trkpt lat="41.875586" lon="2.876046"></trkpt>
    <trkpt lat="41.875267" lon="2.876908"></trkpt>
    <trkpt lat="41.874982" lon="2.877836"></trkpt>
    <trkpt lat="41.874664" lon="2.878915"></trkpt>
    <trkpt lat="41.874532" lon="2.879326"></trkpt>
    <trkpt lat="41.874399" lon="2.879664"></trkpt>
    <trkpt lat="41.874212" lon="2.880059"></trkpt>
    <trkpt lat="41.874006" lon="2.880463"></trkpt>
    <trkpt lat="41.873822" lon="2.880771"></trkpt>
    <trkpt lat="41.873579" lon="2.881144"></trkpt>
    <trkpt lat="41.873535" lon="2.881212"></trkpt>
    <trkpt lat="41.873277" lon="2.881533"></trkpt>
    <trkpt lat="41.873238" lon="2.881581"></trkpt>
    <trkpt lat="41.872909" lon="2.881940"></trkpt>
    <trkpt lat="41.872724" lon="2.882117"></trkpt>
    <trkpt lat="41.872570" lon="2.882245"></trkpt>
    <trkpt lat="41.872502" lon="2.882276"></trkpt>
    <trkpt lat="41.872446" lon="2.882293"></trkpt>
    <trkpt lat="41.872387" lon="2.882297"></trkpt>
    <trkpt lat="41.872354" lon="2.882272"></trkpt>
    <trkpt lat="41.872318" lon="2.882258"></trkpt>
    <trkpt lat="41.872286" lon="2.882252"></trkpt>
    <trkpt lat="41.872232" lon="2.882260"></trkpt>
    <trkpt lat="41.872173" lon="2.882286"></trkpt>
    <trkpt lat="41.872131" lon="2.882340"></trkpt>
    <trkpt lat="41.872097" lon="2.882410"></trkpt>
    <trkpt lat="41.872081" lon="2.882505"></trkpt>
    <trkpt lat="41.872043" lon="2.882572"></trkpt>
    <trkpt lat="41.871995" lon="2.882648"></trkpt>
    <trkpt lat="41.871906" lon="2.882745"></trkpt>
    <trkpt lat="41.871763" lon="2.882864"></trkpt>
    <trkpt lat="41.871690" lon="2.882905"></trkpt>
    <trkpt lat="41.871501" lon="2.883006"></trkpt>
    <trkpt lat="41.871201" lon="2.883142"></trkpt>
    <trkpt lat="41.871047" lon="2.883198"></trkpt>
    <trkpt lat="41.870883" lon="2.883258"></trkpt>
    <trkpt lat="41.870651" lon="2.883324"></trkpt>
    <trkpt lat="41.870119" lon="2.883446"></trkpt>
    <trkpt lat="41.869520" lon="2.883575"></trkpt>
    <trkpt lat="41.868581" lon="2.883773"></trkpt>
    <trkpt lat="41.867798" lon="2.883961"></trkpt>
    <trkpt lat="41.867283" lon="2.884061"></trkpt>
    <trkpt lat="41.866217" lon="2.884269"></trkpt>
    <trkpt lat="41.865920" lon="2.884326"></trkpt>
    <trkpt lat="41.863460" lon="2.884845"></trkpt>
    <trkpt lat="41.862662" lon="2.885014"></trkpt>
    <trkpt lat="41.862549" lon="2.885038"></trkpt>
    <trkpt lat="41.862212" lon="2.885109"></trkpt>
    <trkpt lat="41.860991" lon="2.885366"></trkpt>
    <trkpt lat="41.859551" lon="2.885658"></trkpt>
    <trkpt lat="41.859289" lon="2.885716"></trkpt>
    <trkpt lat="41.858616" lon="2.885857"></trkpt>
    <trkpt lat="41.858574" lon="2.885865"></trkpt>
    <trkpt lat="41.854966" lon="2.886622"></trkpt>
    <trkpt lat="41.853076" lon="2.887018"></trkpt>
    <trkpt lat="41.852452" lon="2.887150"></trkpt>
    <trkpt lat="41.851369" lon="2.887379"></trkpt>
    <trkpt lat="41.851072" lon="2.887442"></trkpt>
    <trkpt lat="41.850932" lon="2.887471"></trkpt>
    <trkpt lat="41.850755" lon="2.887509"></trkpt>
    <trkpt lat="41.848104" lon="2.888069"></trkpt>
    <trkpt lat="41.847592" lon="2.888177"></trkpt>
    <trkpt lat="41.847275" lon="2.888244"></trkpt>
    <trkpt lat="41.847065" lon="2.888301"></trkpt>
    <trkpt lat="41.846834" lon="2.888370"></trkpt>
    <trkpt lat="41.846679" lon="2.888428"></trkpt>
    <trkpt lat="41.846544" lon="2.888488"></trkpt>
    <trkpt lat="41.846294" lon="2.888575"></trkpt>
    <trkpt lat="41.845993" lon="2.888742"></trkpt>
    <trkpt lat="41.845774" lon="2.888882"></trkpt>
    <trkpt lat="41.845481" lon="2.889069"></trkpt>
    <trkpt lat="41.845297" lon="2.889170"></trkpt>
    <trkpt lat="41.845106" lon="2.889255"></trkpt>
    <trkpt lat="41.844923" lon="2.889323"></trkpt>
    <trkpt lat="41.844682" lon="2.889398"></trkpt>
    <trkpt lat="41.844529" lon="2.889426"></trkpt>
    <trkpt lat="41.844415" lon="2.889426"></trkpt>
    <trkpt lat="41.844377" lon="2.889426"></trkpt>
    <trkpt lat="41.844338" lon="2.889391"></trkpt>
    <trkpt lat="41.844293" lon="2.889373"></trkpt>
    <trkpt lat="41.844245" lon="2.889371"></trkpt>
    <trkpt lat="41.844186" lon="2.889397"></trkpt>
    <trkpt lat="41.843977" lon="2.889363"></trkpt>
    <trkpt lat="41.843855" lon="2.889281"></trkpt>
    <trkpt lat="41.843765" lon="2.889233"></trkpt>
    <trkpt lat="41.843635" lon="2.889180"></trkpt>
    <trkpt lat="41.843531" lon="2.889153"></trkpt>
    <trkpt lat="41.843380" lon="2.889128"></trkpt>
    <trkpt lat="41.843286" lon="2.889118"></trkpt>
    <trkpt lat="41.843169" lon="2.889121"></trkpt>
    <trkpt lat="41.843029" lon="2.889140"></trkpt>
    <trkpt lat="41.842643" lon="2.889221"></trkpt>
    <trkpt lat="41.841445" lon="2.889472"></trkpt>
    <trkpt lat="41.838208" lon="2.890152"></trkpt>
    <trkpt lat="41.837633" lon="2.890271"></trkpt>
    <trkpt lat="41.836155" lon="2.890593"></trkpt>
    <trkpt lat="41.836036" lon="2.890619"></trkpt>
    <trkpt lat="41.835840" lon="2.890661"></trkpt>
    <trkpt lat="41.834860" lon="2.890872"></trkpt>
    <trkpt lat="41.834523" lon="2.890944"></trkpt>
    <trkpt lat="41.832495" lon="2.891359"></trkpt>
    <trkpt lat="41.832413" lon="2.891376"></trkpt>
    <trkpt lat="41.832015" lon="2.891457"></trkpt>
    <trkpt lat="41.831798" lon="2.891502"></trkpt>
    <trkpt lat="41.831418" lon="2.891581"></trkpt>
    <trkpt lat="41.831191" lon="2.891606"></trkpt>
    <trkpt lat="41.831092" lon="2.891624"></trkpt>
    <trkpt lat="41.830881" lon="2.891692"></trkpt>
    <trkpt lat="41.830824" lon="2.891715"></trkpt>
    <trkpt lat="41.830761" lon="2.891739"></trkpt>
    <trkpt lat="41.830656" lon="2.891783"></trkpt>
    <trkpt lat="41.830553" lon="2.891782"></trkpt>
    <trkpt lat="41.830455" lon="2.891763"></trkpt>
    <trkpt lat="41.830383" lon="2.891714"></trkpt>
    <trkpt lat="41.830305" lon="2.891626"></trkpt>
    <trkpt lat="41.830244" lon="2.891562"></trkpt>
    <trkpt lat="41.830115" lon="2.891383"></trkpt>
    <trkpt lat="41.830050" lon="2.891234"></trkpt>
    <trkpt lat="41.829975" lon="2.891076"></trkpt>
    <trkpt lat="41.829790" lon="2.890688"></trkpt>
    <trkpt lat="41.829695" lon="2.890485"></trkpt>
    <trkpt lat="41.829595" lon="2.890265"></trkpt>
    <trkpt lat="41.829522" lon="2.890114"></trkpt>
    <trkpt lat="41.829499" lon="2.890039"></trkpt>
    <trkpt lat="41.829441" lon="2.889912"></trkpt>
    <trkpt lat="41.829411" lon="2.889757"></trkpt>
    <trkpt lat="41.829412" lon="2.889719"></trkpt>
    <trkpt lat="41.829408" lon="2.889681"></trkpt>
    <trkpt lat="41.829399" lon="2.889645"></trkpt>
    <trkpt lat="41.829385" lon="2.889612"></trkpt>
    <trkpt lat="41.829367" lon="2.889584"></trkpt>
    <trkpt lat="41.829347" lon="2.889561"></trkpt>
    <trkpt lat="41.829323" lon="2.889543"></trkpt>
    <trkpt lat="41.829297" lon="2.889531"></trkpt>
    <trkpt lat="41.829271" lon="2.889526"></trkpt>
    <trkpt lat="41.829244" lon="2.889527"></trkpt>
    <trkpt lat="41.829220" lon="2.889533"></trkpt>
    <trkpt lat="41.829198" lon="2.889544"></trkpt>
    <trkpt lat="41.829177" lon="2.889560"></trkpt>
    <trkpt lat="41.829159" lon="2.889580"></trkpt>
    <trkpt lat="41.829139" lon="2.889610"></trkpt>
    <trkpt lat="41.829124" lon="2.889644"></trkpt>
    <trkpt lat="41.829115" lon="2.889682"></trkpt>
    <trkpt lat="41.829111" lon="2.889721"></trkpt>
    <trkpt lat="41.829111" lon="2.889740"></trkpt>
    <trkpt lat="41.829113" lon="2.889759"></trkpt>
    <trkpt lat="41.829116" lon="2.889778"></trkpt>
    <trkpt lat="41.829120" lon="2.889796"></trkpt>
    <trkpt lat="41.829068" lon="2.889947"></trkpt>
    <trkpt lat="41.828998" lon="2.890025"></trkpt>
    <trkpt lat="41.828575" lon="2.890475"></trkpt>
    <trkpt lat="41.828231" lon="2.890877"></trkpt>
    <trkpt lat="41.828186" lon="2.890940"></trkpt>
    <trkpt lat="41.828048" lon="2.891136"></trkpt>
    <trkpt lat="41.827880" lon="2.891374"></trkpt>
    <trkpt lat="41.827753" lon="2.891588"></trkpt>
    <trkpt lat="41.827715" lon="2.891863"></trkpt>
    <trkpt lat="41.827700" lon="2.891967"></trkpt>
    <trkpt lat="41.827679" lon="2.892119"></trkpt>
    <trkpt lat="41.827679" lon="2.892162"></trkpt>
    <trkpt lat="41.827683" lon="2.892202"></trkpt>
    <trkpt lat="41.827720" lon="2.892174"></trkpt>
    <trkpt lat="41.827755" lon="2.892170"></trkpt>
    <trkpt lat="41.827889" lon="2.892151"></trkpt>
    <trkpt lat="41.827973" lon="2.892138"></trkpt>
    <trkpt lat="41.828037" lon="2.892130"></trkpt>
    <trkpt lat="41.828090" lon="2.892363"></trkpt>
    <trkpt lat="41.828163" lon="2.892681"></trkpt>
    <trkpt lat="41.828271" lon="2.892900"></trkpt>
    <trkpt lat="41.828489" lon="2.893187"></trkpt>
    <trkpt lat="41.828626" lon="2.892938"></trkpt>
    <trkpt lat="41.828562" lon="2.892852"></trkpt>
    <trkpt lat="41.828553" lon="2.892840"></trkpt>
    <trkpt lat="41.828449" lon="2.892621"></trkpt>
    <trkpt lat="41.828445" lon="2.892411"></trkpt>
    <trkpt lat="41.828445" lon="2.892397"></trkpt>
    <trkpt lat="41.828408" lon="2.892150"></trkpt>
    <trkpt lat="41.828340" lon="2.892152"></trkpt>
    <trkpt lat="41.828317" lon="2.892153"></trkpt>
    <trkpt lat="41.828303" lon="2.892152"></trkpt>
    <trkpt lat="41.828088" lon="2.892135"></trkpt>
    <trkpt lat="41.828037" lon="2.892130"></trkpt>
    <trkpt lat="41.827973" lon="2.892138"></trkpt>
    <trkpt lat="41.827889" lon="2.892151"></trkpt>
    <trkpt lat="41.827755" lon="2.892170"></trkpt>
    <trkpt lat="41.827720" lon="2.892174"></trkpt>
    <trkpt lat="41.827683" lon="2.892202"></trkpt>
    <trkpt lat="41.827679" lon="2.892162"></trkpt>
    <trkpt lat="41.827679" lon="2.892119"></trkpt>
    <trkpt lat="41.827700" lon="2.891967"></trkpt>
    <trkpt lat="41.827715" lon="2.891863"></trkpt>
    <trkpt lat="41.827753" lon="2.891588"></trkpt>
    <trkpt lat="41.827683" lon="2.891536"></trkpt>
    <trkpt lat="41.827620" lon="2.891489"></trkpt>
    <trkpt lat="41.827548" lon="2.891410"></trkpt>
    <trkpt lat="41.827383" lon="2.891226"></trkpt>
    <trkpt lat="41.827305" lon="2.891142"></trkpt>
    <trkpt lat="41.827241" lon="2.891090"></trkpt>
    <trkpt lat="41.827187" lon="2.891047"></trkpt>
    <trkpt lat="41.826860" lon="2.890818"></trkpt>
    <trkpt lat="41.826591" lon="2.890626"></trkpt>
    <trkpt lat="41.826554" lon="2.890590"></trkpt>
    <trkpt lat="41.826588" lon="2.890478"></trkpt>
    <trkpt lat="41.826598" lon="2.890338"></trkpt>
    <trkpt lat="41.826622" lon="2.889821"></trkpt>
    <trkpt lat="41.826638" lon="2.889404"></trkpt>
    <trkpt lat="41.825821" lon="2.889271"></trkpt>
    <trkpt lat="41.825358" lon="2.889197"></trkpt>
    <trkpt lat="41.825062" lon="2.888932"></trkpt>
    <trkpt lat="41.824896" lon="2.888783"></trkpt>
    <trkpt lat="41.824653" lon="2.888565"></trkpt>
    <trkpt lat="41.824188" lon="2.888149"></trkpt>
    <trkpt lat="41.823680" lon="2.887693"></trkpt>
    <trkpt lat="41.823451" lon="2.887489"></trkpt>
    <trkpt lat="41.821717" lon="2.885935"></trkpt>
    <trkpt lat="41.821193" lon="2.885466"></trkpt>
    <trkpt lat="41.820432" lon="2.884784"></trkpt>
    <trkpt lat="41.818213" lon="2.882797"></trkpt>
    <trkpt lat="41.816631" lon="2.881466"></trkpt>
    <trkpt lat="41.816536" lon="2.881387"></trkpt>
    <trkpt lat="41.816122" lon="2.881038"></trkpt>
    <trkpt lat="41.812257" lon="2.877524"></trkpt>
    <trkpt lat="41.811785" lon="2.877095"></trkpt>
    <trkpt lat="41.810414" lon="2.875800"></trkpt>
    <trkpt lat="41.810012" lon="2.875421"></trkpt>
    <trkpt lat="41.809447" lon="2.874920"></trkpt>
    <trkpt lat="41.809409" lon="2.874858"></trkpt>
    <trkpt lat="41.809343" lon="2.874770"></trkpt>
    <trkpt lat="41.809306" lon="2.874720"></trkpt>
    <trkpt lat="41.809310" lon="2.874707"></trkpt>
    <trkpt lat="41.809312" lon="2.874693"></trkpt>
    <trkpt lat="41.809313" lon="2.874678"></trkpt>
    <trkpt lat="41.809313" lon="2.874660"></trkpt>
    <trkpt lat="41.809312" lon="2.874642"></trkpt>
    <trkpt lat="41.809309" lon="2.874625"></trkpt>
    <trkpt lat="41.809305" lon="2.874608"></trkpt>
    <trkpt lat="41.809299" lon="2.874591"></trkpt>
    <trkpt lat="41.809292" lon="2.874576"></trkpt>
    <trkpt lat="41.809282" lon="2.874560"></trkpt>
    <trkpt lat="41.809271" lon="2.874546"></trkpt>
    <trkpt lat="41.809258" lon="2.874534"></trkpt>
    <trkpt lat="41.809245" lon="2.874524"></trkpt>
    <trkpt lat="41.809230" lon="2.874517"></trkpt>
    <trkpt lat="41.809215" lon="2.874512"></trkpt>
    <trkpt lat="41.809200" lon="2.874510"></trkpt>
    <trkpt lat="41.809185" lon="2.874511"></trkpt>
    <trkpt lat="41.809169" lon="2.874515"></trkpt>
    <trkpt lat="41.809154" lon="2.874521"></trkpt>
    <trkpt lat="41.809059" lon="2.874479"></trkpt>
    <trkpt lat="41.808942" lon="2.874442"></trkpt>
    <trkpt lat="41.808850" lon="2.874365"></trkpt>
    <trkpt lat="41.808589" lon="2.874117"></trkpt>
    <trkpt lat="41.808457" lon="2.873993"></trkpt>
    <trkpt lat="41.808347" lon="2.873796"></trkpt>
    <trkpt lat="41.808349" lon="2.873775"></trkpt>
    <trkpt lat="41.808349" lon="2.873753"></trkpt>
    <trkpt lat="41.808347" lon="2.873732"></trkpt>
    <trkpt lat="41.808342" lon="2.873712"></trkpt>
    <trkpt lat="41.808336" lon="2.873692"></trkpt>
    <trkpt lat="41.808327" lon="2.873674"></trkpt>
    <trkpt lat="41.808317" lon="2.873658"></trkpt>
    <trkpt lat="41.808305" lon="2.873643"></trkpt>
    <trkpt lat="41.808291" lon="2.873631"></trkpt>
    <trkpt lat="41.808276" lon="2.873622"></trkpt>
    <trkpt lat="41.808260" lon="2.873616"></trkpt>
    <trkpt lat="41.808243" lon="2.873613"></trkpt>
    <trkpt lat="41.808227" lon="2.873613"></trkpt>
    <trkpt lat="41.808210" lon="2.873617"></trkpt>
    <trkpt lat="41.808194" lon="2.873623"></trkpt>
    <trkpt lat="41.807922" lon="2.873490"></trkpt>
    <trkpt lat="41.807177" lon="2.872788"></trkpt>
    <trkpt lat="41.805443" lon="2.871167"></trkpt>
    <trkpt lat="41.805412" lon="2.871137"></trkpt>
    <trkpt lat="41.802717" lon="2.868618"></trkpt>
    <trkpt lat="41.802576" lon="2.868486"></trkpt>
    <trkpt lat="41.802192" lon="2.868056"></trkpt>
    <trkpt lat="41.799224" lon="2.863589"></trkpt>
    <trkpt lat="41.799127" lon="2.863387"></trkpt>
    <trkpt lat="41.799052" lon="2.863121"></trkpt>
    <trkpt lat="41.799003" lon="2.862872"></trkpt>
    <trkpt lat="41.798967" lon="2.862449"></trkpt>
    <trkpt lat="41.798916" lon="2.862019"></trkpt>
    <trkpt lat="41.798872" lon="2.861815"></trkpt>
    <trkpt lat="41.798807" lon="2.861614"></trkpt>
    <trkpt lat="41.798426" lon="2.860686"></trkpt>
    <trkpt lat="41.798367" lon="2.860579"></trkpt>
    <trkpt lat="41.798298" lon="2.860473"></trkpt>
    <trkpt lat="41.798185" lon="2.860362"></trkpt>
    <trkpt lat="41.798020" lon="2.860265"></trkpt>
    <trkpt lat="41.797928" lon="2.860230"></trkpt>
    <trkpt lat="41.797774" lon="2.860224"></trkpt>
    <trkpt lat="41.797665" lon="2.860242"></trkpt>
    <trkpt lat="41.797531" lon="2.860293"></trkpt>
    <trkpt lat="41.797289" lon="2.860451"></trkpt>
    <trkpt lat="41.796720" lon="2.860838"></trkpt>
    <trkpt lat="41.796566" lon="2.860952"></trkpt>
    <trkpt lat="41.796396" lon="2.861039"></trkpt>
    <trkpt lat="41.796260" lon="2.861087"></trkpt>
    <trkpt lat="41.796158" lon="2.861091"></trkpt>
    <trkpt lat="41.796056" lon="2.861087"></trkpt>
    <trkpt lat="41.795919" lon="2.861037"></trkpt>
    <trkpt lat="41.795812" lon="2.860975"></trkpt>
    <trkpt lat="41.795554" lon="2.860785"></trkpt>
    <trkpt lat="41.794895" lon="2.860271"></trkpt>
    <trkpt lat="41.794572" lon="2.860014"></trkpt>
    <trkpt lat="41.794394" lon="2.859880"></trkpt>
    <trkpt lat="41.794283" lon="2.859835"></trkpt>
    <trkpt lat="41.794190" lon="2.859819"></trkpt>
    <trkpt lat="41.794101" lon="2.859833"></trkpt>
    <trkpt lat="41.794007" lon="2.859868"></trkpt>
    <trkpt lat="41.793909" lon="2.859951"></trkpt>
    <trkpt lat="41.793771" lon="2.860097"></trkpt>
    <trkpt lat="41.793656" lon="2.860253"></trkpt>
    <trkpt lat="41.793552" lon="2.860372"></trkpt>
    <trkpt lat="41.793469" lon="2.860435"></trkpt>
    <trkpt lat="41.793353" lon="2.860500"></trkpt>
    <trkpt lat="41.793223" lon="2.860530"></trkpt>
    <trkpt lat="41.793024" lon="2.860534"></trkpt>
    <trkpt lat="41.791608" lon="2.860520"></trkpt>
    <trkpt lat="41.791448" lon="2.860492"></trkpt>
    <trkpt lat="41.791345" lon="2.860439"></trkpt>
    <trkpt lat="41.791252" lon="2.860370"></trkpt>
    <trkpt lat="41.791164" lon="2.860279"></trkpt>
    <trkpt lat="41.791022" lon="2.860020"></trkpt>
    <trkpt lat="41.790836" lon="2.859631"></trkpt>
    <trkpt lat="41.790767" lon="2.859527"></trkpt>
    <trkpt lat="41.790680" lon="2.859422"></trkpt>
    <trkpt lat="41.790534" lon="2.859311"></trkpt>
    <trkpt lat="41.790338" lon="2.859248"></trkpt>
    <trkpt lat="41.790136" lon="2.859250"></trkpt>
    <trkpt lat="41.790015" lon="2.859304"></trkpt>
    <trkpt lat="41.789871" lon="2.859400"></trkpt>
    <trkpt lat="41.789752" lon="2.859525"></trkpt>
    <trkpt lat="41.789643" lon="2.859669"></trkpt>
    <trkpt lat="41.789501" lon="2.859935"></trkpt>
    <trkpt lat="41.789430" lon="2.860044"></trkpt>
    <trkpt lat="41.789344" lon="2.860123"></trkpt>
    <trkpt lat="41.789281" lon="2.860151"></trkpt>
    <trkpt lat="41.789213" lon="2.860180"></trkpt>
    <trkpt lat="41.789128" lon="2.860168"></trkpt>
    <trkpt lat="41.789030" lon="2.860117"></trkpt>
    <trkpt lat="41.788950" lon="2.860030"></trkpt>
    <trkpt lat="41.788841" lon="2.859870"></trkpt>
    <trkpt lat="41.788759" lon="2.859750"></trkpt>
    <trkpt lat="41.788667" lon="2.859655"></trkpt>
    <trkpt lat="41.788605" lon="2.859625"></trkpt>
    <trkpt lat="41.788543" lon="2.859619"></trkpt>
    <trkpt lat="41.788474" lon="2.859623"></trkpt>
    <trkpt lat="41.788404" lon="2.859655"></trkpt>
    <trkpt lat="41.788349" lon="2.859706"></trkpt>
    <trkpt lat="41.788302" lon="2.859762"></trkpt>
    <trkpt lat="41.788259" lon="2.859858"></trkpt>
    <trkpt lat="41.788238" lon="2.860024"></trkpt>
    <trkpt lat="41.788247" lon="2.860334"></trkpt>
    <trkpt lat="41.788237" lon="2.860482"></trkpt>
    <trkpt lat="41.788196" lon="2.860629"></trkpt>
    <trkpt lat="41.788139" lon="2.860721"></trkpt>
    <trkpt lat="41.788055" lon="2.860800"></trkpt>
    <trkpt lat="41.787980" lon="2.860832"></trkpt>
    <trkpt lat="41.787906" lon="2.860838"></trkpt>
    <trkpt lat="41.787776" lon="2.860792"></trkpt>
    <trkpt lat="41.787560" lon="2.860621"></trkpt>
    <trkpt lat="41.787407" lon="2.860528"></trkpt>
    <trkpt lat="41.787318" lon="2.860506"></trkpt>
    <trkpt lat="41.787208" lon="2.860532"></trkpt>
    <trkpt lat="41.787105" lon="2.860595"></trkpt>
    <trkpt lat="41.787033" lon="2.860702"></trkpt>
    <trkpt lat="41.786865" lon="2.861087"></trkpt>
    <trkpt lat="41.786711" lon="2.861432"></trkpt>
    <trkpt lat="41.786629" lon="2.861565"></trkpt>
    <trkpt lat="41.786565" lon="2.861619"></trkpt>
    <trkpt lat="41.786478" lon="2.861677"></trkpt>
    <trkpt lat="41.786379" lon="2.861711"></trkpt>
    <trkpt lat="41.786122" lon="2.861746"></trkpt>
    <trkpt lat="41.785957" lon="2.861778"></trkpt>
    <trkpt lat="41.785874" lon="2.861816"></trkpt>
    <trkpt lat="41.785806" lon="2.861839"></trkpt>
    <trkpt lat="41.785737" lon="2.861896"></trkpt>
    <trkpt lat="41.785654" lon="2.861989"></trkpt>
    <trkpt lat="41.785590" lon="2.862086"></trkpt>
    <trkpt lat="41.785541" lon="2.862194"></trkpt>
    <trkpt lat="41.785456" lon="2.862431"></trkpt>
    <trkpt lat="41.785379" lon="2.862666"></trkpt>
    <trkpt lat="41.785327" lon="2.862765"></trkpt>
    <trkpt lat="41.785259" lon="2.862844"></trkpt>
    <trkpt lat="41.785206" lon="2.862886"></trkpt>
    <trkpt lat="41.785151" lon="2.862915"></trkpt>
    <trkpt lat="41.785095" lon="2.862927"></trkpt>
    <trkpt lat="41.784997" lon="2.862915"></trkpt>
    <trkpt lat="41.784916" lon="2.862872"></trkpt>
    <trkpt lat="41.784851" lon="2.862809"></trkpt>
    <trkpt lat="41.784799" lon="2.862709"></trkpt>
    <trkpt lat="41.784743" lon="2.862542"></trkpt>
    <trkpt lat="41.784663" lon="2.862218"></trkpt>
    <trkpt lat="41.784578" lon="2.861995"></trkpt>
    <trkpt lat="41.784463" lon="2.861821"></trkpt>
    <trkpt lat="41.784373" lon="2.861750"></trkpt>
    <trkpt lat="41.784277" lon="2.861707"></trkpt>
    <trkpt lat="41.784160" lon="2.861673"></trkpt>
    <trkpt lat="41.784087" lon="2.861669"></trkpt>
    <trkpt lat="41.783986" lon="2.861696"></trkpt>
    <trkpt lat="41.783883" lon="2.861752"></trkpt>
    <trkpt lat="41.783769" lon="2.861842"></trkpt>
    <trkpt lat="41.783566" lon="2.862125"></trkpt>
    <trkpt lat="41.783546" lon="2.862159"></trkpt>
    <trkpt lat="41.783521" lon="2.862202"></trkpt>
    <trkpt lat="41.782866" lon="2.863250"></trkpt>
    <trkpt lat="41.782442" lon="2.863855"></trkpt>
    <trkpt lat="41.782167" lon="2.864209"></trkpt>
    <trkpt lat="41.781906" lon="2.864520"></trkpt>
    <trkpt lat="41.781129" lon="2.865336"></trkpt>
    <trkpt lat="41.780709" lon="2.865739"></trkpt>
    <trkpt lat="41.780546" lon="2.865869"></trkpt>
    <trkpt lat="41.780381" lon="2.865956"></trkpt>
    <trkpt lat="41.780070" lon="2.866067"></trkpt>
    <trkpt lat="41.779774" lon="2.866160"></trkpt>
    <trkpt lat="41.779594" lon="2.866231"></trkpt>
    <trkpt lat="41.779493" lon="2.866305"></trkpt>
    <trkpt lat="41.779386" lon="2.866389"></trkpt>
    <trkpt lat="41.779192" lon="2.866630"></trkpt>
    <trkpt lat="41.778892" lon="2.867058"></trkpt>
    <trkpt lat="41.778795" lon="2.867188"></trkpt>
    <trkpt lat="41.778686" lon="2.867291"></trkpt>
    <trkpt lat="41.778570" lon="2.867360"></trkpt>
    <trkpt lat="41.778469" lon="2.867400"></trkpt>
    <trkpt lat="41.778071" lon="2.867441"></trkpt>
    <trkpt lat="41.777854" lon="2.867459"></trkpt>
    <trkpt lat="41.777631" lon="2.867524"></trkpt>
    <trkpt lat="41.777533" lon="2.867583"></trkpt>
    <trkpt lat="41.777451" lon="2.867653"></trkpt>
    <trkpt lat="41.777319" lon="2.867765"></trkpt>
    <trkpt lat="41.777112" lon="2.868045"></trkpt>
    <trkpt lat="41.776938" lon="2.868290"></trkpt>
    <trkpt lat="41.776828" lon="2.868399"></trkpt>
    <trkpt lat="41.776711" lon="2.868478"></trkpt>
    <trkpt lat="41.776090" lon="2.868725"></trkpt>
    <trkpt lat="41.775757" lon="2.868857"></trkpt>
    <trkpt lat="41.775486" lon="2.868978"></trkpt>
    <trkpt lat="41.775123" lon="2.869191"></trkpt>
    <trkpt lat="41.774693" lon="2.869524"></trkpt>
    <trkpt lat="41.774515" lon="2.869681"></trkpt>
    <trkpt lat="41.774040" lon="2.870159"></trkpt>
    <trkpt lat="41.773804" lon="2.870447"></trkpt>
    <trkpt lat="41.773640" lon="2.870673"></trkpt>
    <trkpt lat="41.773484" lon="2.870913"></trkpt>
    <trkpt lat="41.773434" lon="2.870998"></trkpt>
    <trkpt lat="41.773227" lon="2.871326"></trkpt>
    <trkpt lat="41.772816" lon="2.872064"></trkpt>
    <trkpt lat="41.772458" lon="2.872712"></trkpt>
    <trkpt lat="41.772215" lon="2.873086"></trkpt>
    <trkpt lat="41.772004" lon="2.873386"></trkpt>
    <trkpt lat="41.771769" lon="2.873667"></trkpt>
    <trkpt lat="41.771561" lon="2.873896"></trkpt>
    <trkpt lat="41.771443" lon="2.874031"></trkpt>
    <trkpt lat="41.771334" lon="2.874210"></trkpt>
    <trkpt lat="41.771295" lon="2.874321"></trkpt>
    <trkpt lat="41.771266" lon="2.874489"></trkpt>
    <trkpt lat="41.771260" lon="2.874825"></trkpt>
    <trkpt lat="41.771271" lon="2.875198"></trkpt>
    <trkpt lat="41.771268" lon="2.875306"></trkpt>
    <trkpt lat="41.771236" lon="2.875403"></trkpt>
    <trkpt lat="41.771207" lon="2.875480"></trkpt>
    <trkpt lat="41.771142" lon="2.875565"></trkpt>
    <trkpt lat="41.770952" lon="2.875668"></trkpt>
    <trkpt lat="41.770839" lon="2.875747"></trkpt>
    <trkpt lat="41.770787" lon="2.875836"></trkpt>
    <trkpt lat="41.770758" lon="2.875968"></trkpt>
    <trkpt lat="41.770767" lon="2.876071"></trkpt>
    <trkpt lat="41.770829" lon="2.876205"></trkpt>
    <trkpt lat="41.770959" lon="2.876353"></trkpt>
    <trkpt lat="41.771079" lon="2.876468"></trkpt>
    <trkpt lat="41.771151" lon="2.876602"></trkpt>
    <trkpt lat="41.771190" lon="2.876744"></trkpt>
    <trkpt lat="41.771201" lon="2.876833"></trkpt>
    <trkpt lat="41.771178" lon="2.876983"></trkpt>
    <trkpt lat="41.771127" lon="2.877094"></trkpt>
    <trkpt lat="41.771023" lon="2.877218"></trkpt>
    <trkpt lat="41.770773" lon="2.877423"></trkpt>
    <trkpt lat="41.770707" lon="2.877518"></trkpt>
    <trkpt lat="41.770680" lon="2.877597"></trkpt>
    <trkpt lat="41.770663" lon="2.877733"></trkpt>
    <trkpt lat="41.770678" lon="2.877864"></trkpt>
    <trkpt lat="41.770760" lon="2.878138"></trkpt>
    <trkpt lat="41.770795" lon="2.878278"></trkpt>
    <trkpt lat="41.770802" lon="2.878355"></trkpt>
    <trkpt lat="41.770789" lon="2.878468"></trkpt>
    <trkpt lat="41.770749" lon="2.878569"></trkpt>
    <trkpt lat="41.770690" lon="2.878644"></trkpt>
    <trkpt lat="41.770621" lon="2.878699"></trkpt>
    <trkpt lat="41.770509" lon="2.878727"></trkpt>
    <trkpt lat="41.770329" lon="2.878713"></trkpt>
    <trkpt lat="41.770222" lon="2.878709"></trkpt>
    <trkpt lat="41.770103" lon="2.878723"></trkpt>
    <trkpt lat="41.770001" lon="2.878778"></trkpt>
    <trkpt lat="41.769914" lon="2.878857"></trkpt>
    <trkpt lat="41.769859" lon="2.878954"></trkpt>
    <trkpt lat="41.769793" lon="2.879110"></trkpt>
    <trkpt lat="41.769618" lon="2.879659"></trkpt>
    <trkpt lat="41.769550" lon="2.879832"></trkpt>
    <trkpt lat="41.769482" lon="2.879935"></trkpt>
    <trkpt lat="41.769405" lon="2.880030"></trkpt>
    <trkpt lat="41.769312" lon="2.880087"></trkpt>
    <trkpt lat="41.769199" lon="2.880129"></trkpt>
    <trkpt lat="41.769043" lon="2.880150"></trkpt>
    <trkpt lat="41.768131" lon="2.880212"></trkpt>
    <trkpt lat="41.768038" lon="2.880219"></trkpt>
    <trkpt lat="41.767937" lon="2.880255"></trkpt>
    <trkpt lat="41.767871" lon="2.880306"></trkpt>
    <trkpt lat="41.767824" lon="2.880364"></trkpt>
    <trkpt lat="41.767779" lon="2.880450"></trkpt>
    <trkpt lat="41.767766" lon="2.880529"></trkpt>
    <trkpt lat="41.767756" lon="2.880642"></trkpt>
    <trkpt lat="41.767774" lon="2.880727"></trkpt>
    <trkpt lat="41.767810" lon="2.880816"></trkpt>
    <trkpt lat="41.767868" lon="2.880887"></trkpt>
    <trkpt lat="41.768023" lon="2.880980"></trkpt>
    <trkpt lat="41.768232" lon="2.881045"></trkpt>
    <trkpt lat="41.768388" lon="2.881136"></trkpt>
    <trkpt lat="41.768487" lon="2.881217"></trkpt>
    <trkpt lat="41.768590" lon="2.881365"></trkpt>
    <trkpt lat="41.768640" lon="2.881487"></trkpt>
    <trkpt lat="41.768690" lon="2.881744"></trkpt>
    <trkpt lat="41.768690" lon="2.882028"></trkpt>
    <trkpt lat="41.768682" lon="2.882160"></trkpt>
    <trkpt lat="41.768655" lon="2.882423"></trkpt>
    <trkpt lat="41.768584" lon="2.882692"></trkpt>
    <trkpt lat="41.768487" lon="2.882958"></trkpt>
    <trkpt lat="41.768409" lon="2.883122"></trkpt>
    <trkpt lat="41.768301" lon="2.883302"></trkpt>
    <trkpt lat="41.768129" lon="2.883531"></trkpt>
    <trkpt lat="41.767912" lon="2.883728"></trkpt>
    <trkpt lat="41.767818" lon="2.883805"></trkpt>
    <trkpt lat="41.767624" lon="2.883908"></trkpt>
    <trkpt lat="41.767363" lon="2.883995"></trkpt>
    <trkpt lat="41.767245" lon="2.884017"></trkpt>
    <trkpt lat="41.766988" lon="2.884017"></trkpt>
    <trkpt lat="41.766740" lon="2.884001"></trkpt>
    <trkpt lat="41.766502" lon="2.883944"></trkpt>
    <trkpt lat="41.766329" lon="2.883886"></trkpt>
    <trkpt lat="41.766042" lon="2.883758"></trkpt>
    <trkpt lat="41.765598" lon="2.883537"></trkpt>
    <trkpt lat="41.765383" lon="2.883468"></trkpt>
    <trkpt lat="41.765247" lon="2.883444"></trkpt>
    <trkpt lat="41.765113" lon="2.883456"></trkpt>
    <trkpt lat="41.764994" lon="2.883478"></trkpt>
    <trkpt lat="41.764866" lon="2.883523"></trkpt>
    <trkpt lat="41.764716" lon="2.883634"></trkpt>
    <trkpt lat="41.764628" lon="2.883726"></trkpt>
    <trkpt lat="41.764565" lon="2.883841"></trkpt>
    <trkpt lat="41.764527" lon="2.883967"></trkpt>
    <trkpt lat="41.764508" lon="2.884081"></trkpt>
    <trkpt lat="41.764504" lon="2.884224"></trkpt>
    <trkpt lat="41.764534" lon="2.884378"></trkpt>
    <trkpt lat="41.764601" lon="2.884562"></trkpt>
    <trkpt lat="41.765090" lon="2.885512"></trkpt>
    <trkpt lat="41.765148" lon="2.885685"></trkpt>
    <trkpt lat="41.765181" lon="2.885837"></trkpt>
    <trkpt lat="41.765193" lon="2.885984"></trkpt>
    <trkpt lat="41.765182" lon="2.886084"></trkpt>
    <trkpt lat="41.765158" lon="2.886155"></trkpt>
    <trkpt lat="41.765116" lon="2.886230"></trkpt>
    <trkpt lat="41.765063" lon="2.886288"></trkpt>
    <trkpt lat="41.764998" lon="2.886323"></trkpt>
    <trkpt lat="41.764917" lon="2.886347"></trkpt>
    <trkpt lat="41.764770" lon="2.886294"></trkpt>
    <trkpt lat="41.764642" lon="2.886115"></trkpt>
    <trkpt lat="41.764111" lon="2.885087"></trkpt>
    <trkpt lat="41.763925" lon="2.884795"></trkpt>
    <trkpt lat="41.763842" lon="2.884670"></trkpt>
    <trkpt lat="41.763679" lon="2.884510"></trkpt>
    <trkpt lat="41.763608" lon="2.884459"></trkpt>
    <trkpt lat="41.763401" lon="2.884390"></trkpt>
    <trkpt lat="41.763248" lon="2.884388"></trkpt>
    <trkpt lat="41.763044" lon="2.884431"></trkpt>
    <trkpt lat="41.762454" lon="2.884592"></trkpt>
    <trkpt lat="41.762272" lon="2.884627"></trkpt>
    <trkpt lat="41.762056" lon="2.884649"></trkpt>
    <trkpt lat="41.761383" lon="2.884623"></trkpt>
    <trkpt lat="41.760943" lon="2.884566"></trkpt>
    <trkpt lat="41.760632" lon="2.884570"></trkpt>
    <trkpt lat="41.760413" lon="2.884589"></trkpt>
    <trkpt lat="41.760263" lon="2.884613"></trkpt>
    <trkpt lat="41.758607" lon="2.884992"></trkpt>
    <trkpt lat="41.758263" lon="2.885109"></trkpt>
    <trkpt lat="41.757917" lon="2.885261"></trkpt>
    <trkpt lat="41.757667" lon="2.885401"></trkpt>
    <trkpt lat="41.757297" lon="2.885650"></trkpt>
    <trkpt lat="41.757140" lon="2.885776"></trkpt>
    <trkpt lat="41.756959" lon="2.885969"></trkpt>
    <trkpt lat="41.756815" lon="2.886203"></trkpt>
    <trkpt lat="41.756466" lon="2.886937"></trkpt>
    <trkpt lat="41.756411" lon="2.887042"></trkpt>
    <trkpt lat="41.756071" lon="2.887771"></trkpt>
    <trkpt lat="41.755938" lon="2.888006"></trkpt>
    <trkpt lat="41.755826" lon="2.888158"></trkpt>
    <trkpt lat="41.755698" lon="2.888288"></trkpt>
    <trkpt lat="41.755512" lon="2.888442"></trkpt>
    <trkpt lat="41.755359" lon="2.888529"></trkpt>
    <trkpt lat="41.755189" lon="2.888602"></trkpt>
    <trkpt lat="41.754634" lon="2.888748"></trkpt>
    <trkpt lat="41.754289" lon="2.888829"></trkpt>
    <trkpt lat="41.754126" lon="2.888886"></trkpt>
    <trkpt lat="41.753981" lon="2.888961"></trkpt>
    <trkpt lat="41.753840" lon="2.889052"></trkpt>
    <trkpt lat="41.753630" lon="2.889274"></trkpt>
    <trkpt lat="41.753505" lon="2.889455"></trkpt>
    <trkpt lat="41.753384" lon="2.889696"></trkpt>
    <trkpt lat="41.753221" lon="2.890099"></trkpt>
    <trkpt lat="41.753148" lon="2.890299"></trkpt>
    <trkpt lat="41.753038" lon="2.890521"></trkpt>
    <trkpt lat="41.752923" lon="2.890675"></trkpt>
    <trkpt lat="41.752749" lon="2.890847"></trkpt>
    <trkpt lat="41.752407" lon="2.891171"></trkpt>
    <trkpt lat="41.752291" lon="2.891270"></trkpt>
    <trkpt lat="41.752175" lon="2.891347"></trkpt>
    <trkpt lat="41.752057" lon="2.891400"></trkpt>
    <trkpt lat="41.751954" lon="2.891402"></trkpt>
    <trkpt lat="41.751588" lon="2.891317"></trkpt>
    <trkpt lat="41.751177" lon="2.891218"></trkpt>
    <trkpt lat="41.750925" lon="2.891175"></trkpt>
    <trkpt lat="41.750475" lon="2.891187"></trkpt>
    <trkpt lat="41.750209" lon="2.891222"></trkpt>
    <trkpt lat="41.749897" lon="2.891307"></trkpt>
    <trkpt lat="41.749234" lon="2.891545"></trkpt>
    <trkpt lat="41.748964" lon="2.891643"></trkpt>
    <trkpt lat="41.748733" lon="2.891754"></trkpt>
    <trkpt lat="41.748551" lon="2.891853"></trkpt>
    <trkpt lat="41.748350" lon="2.891999"></trkpt>
    <trkpt lat="41.748213" lon="2.892115"></trkpt>
    <trkpt lat="41.747991" lon="2.892331"></trkpt>
    <trkpt lat="41.746801" lon="2.893466"></trkpt>
    <trkpt lat="41.746532" lon="2.893710"></trkpt>
    <trkpt lat="41.746375" lon="2.893839"></trkpt>
    <trkpt lat="41.746278" lon="2.893902"></trkpt>
    <trkpt lat="41.746219" lon="2.893932"></trkpt>
    <trkpt lat="41.746034" lon="2.894026"></trkpt>
    <trkpt lat="41.746000" lon="2.894039"></trkpt>
    <trkpt lat="41.745752" lon="2.894113"></trkpt>
    <trkpt lat="41.745453" lon="2.894191"></trkpt>
    <trkpt lat="41.745228" lon="2.894237"></trkpt>
    <trkpt lat="41.744816" lon="2.894317"></trkpt>
    <trkpt lat="41.743558" lon="2.894502"></trkpt>
    <trkpt lat="41.743146" lon="2.894623"></trkpt>
    <trkpt lat="41.743053" lon="2.894658"></trkpt>
    <trkpt lat="41.742921" lon="2.894722"></trkpt>
    <trkpt lat="41.742841" lon="2.894782"></trkpt>
    <trkpt lat="41.742768" lon="2.894846"></trkpt>
    <trkpt lat="41.742703" lon="2.894912"></trkpt>
    <trkpt lat="41.742643" lon="2.894993"></trkpt>
    <trkpt lat="41.742576" lon="2.895098"></trkpt>
    <trkpt lat="41.742522" lon="2.895205"></trkpt>
    <trkpt lat="41.742469" lon="2.895337"></trkpt>
    <trkpt lat="41.742436" lon="2.895472"></trkpt>
    <trkpt lat="41.742411" lon="2.895606"></trkpt>
    <trkpt lat="41.742394" lon="2.895747"></trkpt>
    <trkpt lat="41.742373" lon="2.896121"></trkpt>
    <trkpt lat="41.742347" lon="2.896717"></trkpt>
    <trkpt lat="41.742314" lon="2.897365"></trkpt>
    <trkpt lat="41.742291" lon="2.897717"></trkpt>
    <trkpt lat="41.742273" lon="2.897820"></trkpt>
    <trkpt lat="41.742247" lon="2.897948"></trkpt>
    <trkpt lat="41.742213" lon="2.898048"></trkpt>
    <trkpt lat="41.742157" lon="2.898185"></trkpt>
    <trkpt lat="41.742072" lon="2.898334"></trkpt>
    <trkpt lat="41.741980" lon="2.898454"></trkpt>
    <trkpt lat="41.741932" lon="2.898511"></trkpt>
    <trkpt lat="41.741787" lon="2.898625"></trkpt>
    <trkpt lat="41.741725" lon="2.898661"></trkpt>
    <trkpt lat="41.741673" lon="2.898682"></trkpt>
    <trkpt lat="41.741567" lon="2.898719"></trkpt>
    <trkpt lat="41.741481" lon="2.898737"></trkpt>
    <trkpt lat="41.741411" lon="2.898738"></trkpt>
    <trkpt lat="41.741353" lon="2.898742"></trkpt>
    <trkpt lat="41.741200" lon="2.898715"></trkpt>
    <trkpt lat="41.741071" lon="2.898665"></trkpt>
    <trkpt lat="41.740926" lon="2.898563"></trkpt>
    <trkpt lat="41.740841" lon="2.898492"></trkpt>
    <trkpt lat="41.740758" lon="2.898387"></trkpt>
    <trkpt lat="41.740692" lon="2.898294"></trkpt>
    <trkpt lat="41.740611" lon="2.898149"></trkpt>
    <trkpt lat="41.740496" lon="2.897881"></trkpt>
    <trkpt lat="41.740362" lon="2.897542"></trkpt>
    <trkpt lat="41.740298" lon="2.897400"></trkpt>
    <trkpt lat="41.740203" lon="2.897219"></trkpt>
    <trkpt lat="41.740131" lon="2.897116"></trkpt>
    <trkpt lat="41.740066" lon="2.897041"></trkpt>
    <trkpt lat="41.740005" lon="2.896979"></trkpt>
    <trkpt lat="41.739890" lon="2.896895"></trkpt>
    <trkpt lat="41.739786" lon="2.896837"></trkpt>
    <trkpt lat="41.739708" lon="2.896806"></trkpt>
    <trkpt lat="41.739583" lon="2.896779"></trkpt>
    <trkpt lat="41.739471" lon="2.896779"></trkpt>
    <trkpt lat="41.739391" lon="2.896787"></trkpt>
    <trkpt lat="41.739256" lon="2.896811"></trkpt>
    <trkpt lat="41.738985" lon="2.896903"></trkpt>
    <trkpt lat="41.738619" lon="2.897030"></trkpt>
    <trkpt lat="41.738432" lon="2.897096"></trkpt>
    <trkpt lat="41.738289" lon="2.897136"></trkpt>
    <trkpt lat="41.738122" lon="2.897161"></trkpt>
    <trkpt lat="41.738018" lon="2.897175"></trkpt>
    <trkpt lat="41.737931" lon="2.897167"></trkpt>
    <trkpt lat="41.737676" lon="2.897128"></trkpt>
    <trkpt lat="41.737553" lon="2.897096"></trkpt>
    <trkpt lat="41.737336" lon="2.897027"></trkpt>
    <trkpt lat="41.737095" lon="2.896921"></trkpt>
    <trkpt lat="41.737004" lon="2.896876"></trkpt>
    <trkpt lat="41.736826" lon="2.896758"></trkpt>
    <trkpt lat="41.736679" lon="2.896640"></trkpt>
    <trkpt lat="41.736329" lon="2.896325"></trkpt>
    <trkpt lat="41.736092" lon="2.896120"></trkpt>
    <trkpt lat="41.735911" lon="2.896000"></trkpt>
    <trkpt lat="41.735782" lon="2.895928"></trkpt>
    <trkpt lat="41.735676" lon="2.895887"></trkpt>
    <trkpt lat="41.735545" lon="2.895855"></trkpt>
    <trkpt lat="41.735419" lon="2.895829"></trkpt>
    <trkpt lat="41.735275" lon="2.895830"></trkpt>
    <trkpt lat="41.735171" lon="2.895844"></trkpt>
    <trkpt lat="41.735056" lon="2.895865"></trkpt>
    <trkpt lat="41.734930" lon="2.895910"></trkpt>
    <trkpt lat="41.734812" lon="2.895966"></trkpt>
    <trkpt lat="41.734710" lon="2.896026"></trkpt>
    <trkpt lat="41.734627" lon="2.896089"></trkpt>
    <trkpt lat="41.734507" lon="2.896192"></trkpt>
    <trkpt lat="41.734340" lon="2.896384"></trkpt>
    <trkpt lat="41.734203" lon="2.896573"></trkpt>
    <trkpt lat="41.733867" lon="2.897104"></trkpt>
    <trkpt lat="41.733455" lon="2.897757"></trkpt>
    <trkpt lat="41.733243" lon="2.898088"></trkpt>
    <trkpt lat="41.733171" lon="2.898190"></trkpt>
    <trkpt lat="41.733039" lon="2.898367"></trkpt>
    <trkpt lat="41.732926" lon="2.898475"></trkpt>
    <trkpt lat="41.732783" lon="2.898595"></trkpt>
    <trkpt lat="41.732637" lon="2.898678"></trkpt>
    <trkpt lat="41.732578" lon="2.898709"></trkpt>
    <trkpt lat="41.732450" lon="2.898760"></trkpt>
    <trkpt lat="41.732294" lon="2.898796"></trkpt>
    <trkpt lat="41.732094" lon="2.898830"></trkpt>
    <trkpt lat="41.731215" lon="2.898950"></trkpt>
    <trkpt lat="41.729899" lon="2.899121"></trkpt>
    <trkpt lat="41.729689" lon="2.899155"></trkpt>
    <trkpt lat="41.729340" lon="2.899242"></trkpt>
    <trkpt lat="41.729237" lon="2.899284"></trkpt>
    <trkpt lat="41.728987" lon="2.899424"></trkpt>
    <trkpt lat="41.728863" lon="2.899514"></trkpt>
    <trkpt lat="41.728742" lon="2.899607"></trkpt>
    <trkpt lat="41.728613" lon="2.899738"></trkpt>
    <trkpt lat="41.728534" lon="2.899844"></trkpt>
    <trkpt lat="41.728465" lon="2.899959"></trkpt>
    <trkpt lat="41.728401" lon="2.900103"></trkpt>
    <trkpt lat="41.728348" lon="2.900266"></trkpt>
    <trkpt lat="41.728324" lon="2.900422"></trkpt>
    <trkpt lat="41.728304" lon="2.900559"></trkpt>
    <trkpt lat="41.728214" lon="2.902339"></trkpt>
    <trkpt lat="41.728165" lon="2.903339"></trkpt>
    <trkpt lat="41.728155" lon="2.903611"></trkpt>
    <trkpt lat="41.728156" lon="2.903823"></trkpt>
    <trkpt lat="41.728168" lon="2.904014"></trkpt>
    <trkpt lat="41.728198" lon="2.904236"></trkpt>
    <trkpt lat="41.728222" lon="2.904377"></trkpt>
    <trkpt lat="41.728249" lon="2.904491"></trkpt>
    <trkpt lat="41.728314" lon="2.904699"></trkpt>
    <trkpt lat="41.728388" lon="2.904902"></trkpt>
    <trkpt lat="41.728451" lon="2.905034"></trkpt>
    <trkpt lat="41.728631" lon="2.905389"></trkpt>
    <trkpt lat="41.728879" lon="2.905847"></trkpt>
    <trkpt lat="41.729446" lon="2.906887"></trkpt>
    <trkpt lat="41.729905" lon="2.907734"></trkpt>
    <trkpt lat="41.730534" lon="2.908886"></trkpt>
    <trkpt lat="41.730635" lon="2.909075"></trkpt>
    <trkpt lat="41.730977" lon="2.909715"></trkpt>
    <trkpt lat="41.731024" lon="2.909818"></trkpt>
    <trkpt lat="41.731065" lon="2.909914"></trkpt>
    <trkpt lat="41.731147" lon="2.910131"></trkpt>
    <trkpt lat="41.731188" lon="2.910275"></trkpt>
    <trkpt lat="41.731229" lon="2.910433"></trkpt>
    <trkpt lat="41.731272" lon="2.910692"></trkpt>
    <trkpt lat="41.731304" lon="2.910959"></trkpt>
    <trkpt lat="41.731310" lon="2.911129"></trkpt>
    <trkpt lat="41.731307" lon="2.911289"></trkpt>
    <trkpt lat="41.731301" lon="2.911418"></trkpt>
    <trkpt lat="41.731287" lon="2.911586"></trkpt>
    <trkpt lat="41.731132" lon="2.912573"></trkpt>
    <trkpt lat="41.730820" lon="2.914379"></trkpt>
    <trkpt lat="41.730762" lon="2.914706"></trkpt>
    <trkpt lat="41.730728" lon="2.914900"></trkpt>
    <trkpt lat="41.730676" lon="2.915156"></trkpt>
    <trkpt lat="41.730664" lon="2.915212"></trkpt>
    <trkpt lat="41.730510" lon="2.915718"></trkpt>
    <trkpt lat="41.730352" lon="2.916078"></trkpt>
    <trkpt lat="41.730299" lon="2.916199"></trkpt>
    <trkpt lat="41.730156" lon="2.916461"></trkpt>
    <trkpt lat="41.730115" lon="2.916536"></trkpt>
    <trkpt lat="41.729904" lon="2.916919"></trkpt>
    <trkpt lat="41.729174" lon="2.918245"></trkpt>
    <trkpt lat="41.729070" lon="2.918370"></trkpt>
    <trkpt lat="41.728949" lon="2.918423"></trkpt>
    <trkpt lat="41.728930" lon="2.918414"></trkpt>
    <trkpt lat="41.728910" lon="2.918410"></trkpt>
    <trkpt lat="41.728891" lon="2.918409"></trkpt>
    <trkpt lat="41.728871" lon="2.918413"></trkpt>
    <trkpt lat="41.728853" lon="2.918419"></trkpt>
    <trkpt lat="41.728835" lon="2.918430"></trkpt>
    <trkpt lat="41.728819" lon="2.918444"></trkpt>
    <trkpt lat="41.728804" lon="2.918460"></trkpt>
    <trkpt lat="41.728792" lon="2.918480"></trkpt>
    <trkpt lat="41.728781" lon="2.918502"></trkpt>
    <trkpt lat="41.728773" lon="2.918526"></trkpt>
    <trkpt lat="41.728767" lon="2.918552"></trkpt>
    <trkpt lat="41.728765" lon="2.918578"></trkpt>
    <trkpt lat="41.728766" lon="2.918605"></trkpt>
    <trkpt lat="41.728768" lon="2.918624"></trkpt>
    <trkpt lat="41.728772" lon="2.918644"></trkpt>
    <trkpt lat="41.728778" lon="2.918662"></trkpt>
    <trkpt lat="41.728782" lon="2.918818"></trkpt>
    <trkpt lat="41.728755" lon="2.918958"></trkpt>
    <trkpt lat="41.728602" lon="2.919289"></trkpt>
    <trkpt lat="41.728542" lon="2.919426"></trkpt>
    <trkpt lat="41.728480" lon="2.919598"></trkpt>
    <trkpt lat="41.728444" lon="2.919728"></trkpt>
    <trkpt lat="41.728416" lon="2.919868"></trkpt>
    <trkpt lat="41.728403" lon="2.919975"></trkpt>
    <trkpt lat="41.728392" lon="2.920126"></trkpt>
    <trkpt lat="41.728388" lon="2.920294"></trkpt>
    <trkpt lat="41.728393" lon="2.920442"></trkpt>
    <trkpt lat="41.728452" lon="2.921582"></trkpt>
    <trkpt lat="41.728486" lon="2.922249"></trkpt>
    <trkpt lat="41.728504" lon="2.922574"></trkpt>
    <trkpt lat="41.728497" lon="2.922849"></trkpt>
    <trkpt lat="41.728488" lon="2.922946"></trkpt>
    <trkpt lat="41.728459" lon="2.923118"></trkpt>
    <trkpt lat="41.728422" lon="2.923288"></trkpt>
    <trkpt lat="41.728343" lon="2.923497"></trkpt>
    <trkpt lat="41.728277" lon="2.923637"></trkpt>
    <trkpt lat="41.728045" lon="2.924093"></trkpt>
    <trkpt lat="41.727924" lon="2.924304"></trkpt>
    <trkpt lat="41.727807" lon="2.924535"></trkpt>
    <trkpt lat="41.727543" lon="2.925026"></trkpt>
    <trkpt lat="41.727479" lon="2.925166"></trkpt>
    <trkpt lat="41.727454" lon="2.925212"></trkpt>
    <trkpt lat="41.727325" lon="2.925389"></trkpt>
    <trkpt lat="41.727159" lon="2.925515"></trkpt>
    <trkpt lat="41.727139" lon="2.925506"></trkpt>
    <trkpt lat="41.727119" lon="2.925501"></trkpt>
    <trkpt lat="41.727098" lon="2.925499"></trkpt>
    <trkpt lat="41.727077" lon="2.925500"></trkpt>
    <trkpt lat="41.727056" lon="2.925504"></trkpt>
    <trkpt lat="41.727036" lon="2.925512"></trkpt>
    <trkpt lat="41.727016" lon="2.925522"></trkpt>
    <trkpt lat="41.726998" lon="2.925536"></trkpt>
    <trkpt lat="41.726981" lon="2.925553"></trkpt>
    <trkpt lat="41.726965" lon="2.925572"></trkpt>
    <trkpt lat="41.726952" lon="2.925593"></trkpt>
    <trkpt lat="41.726940" lon="2.925616"></trkpt>
    <trkpt lat="41.726930" lon="2.925641"></trkpt>
    <trkpt lat="41.726923" lon="2.925668"></trkpt>
    <trkpt lat="41.726918" lon="2.925695"></trkpt>
    <trkpt lat="41.726915" lon="2.925723"></trkpt>
    <trkpt lat="41.726915" lon="2.925751"></trkpt>
    <trkpt lat="41.726917" lon="2.925779"></trkpt>
    <trkpt lat="41.726922" lon="2.925806"></trkpt>
    <trkpt lat="41.726929" lon="2.925832"></trkpt>
    <trkpt lat="41.726938" lon="2.925857"></trkpt>
    <trkpt lat="41.726898" lon="2.926101"></trkpt>
    <trkpt lat="41.726830" lon="2.926283"></trkpt>
    <trkpt lat="41.726807" lon="2.926313"></trkpt>
    <trkpt lat="41.725246" lon="2.927672"></trkpt>
    <trkpt lat="41.725083" lon="2.927812"></trkpt>
    <trkpt lat="41.724857" lon="2.928006"></trkpt>
    <trkpt lat="41.724599" lon="2.928226"></trkpt>
    <trkpt lat="41.724471" lon="2.928345"></trkpt>
    <trkpt lat="41.724448" lon="2.928320"></trkpt>
    <trkpt lat="41.724418" lon="2.928312"></trkpt>
    <trkpt lat="41.724389" lon="2.928323"></trkpt>
    <trkpt lat="41.724366" lon="2.928354"></trkpt>
    <trkpt lat="41.724357" lon="2.928396"></trkpt>
    <trkpt lat="41.724365" lon="2.928439"></trkpt>
    <trkpt lat="41.724235" lon="2.928549"></trkpt>
    <trkpt lat="41.723575" lon="2.929110"></trkpt>
    <trkpt lat="41.723181" lon="2.929445"></trkpt>
    <trkpt lat="41.723095" lon="2.929524"></trkpt>
    <trkpt lat="41.722895" lon="2.929697"></trkpt>
    <trkpt lat="41.722463" lon="2.930071"></trkpt>
    <trkpt lat="41.722382" lon="2.930141"></trkpt>
    <trkpt lat="41.722372" lon="2.930127"></trkpt>
    <trkpt lat="41.722361" lon="2.930115"></trkpt>
    <trkpt lat="41.722348" lon="2.930106"></trkpt>
    <trkpt lat="41.722334" lon="2.930100"></trkpt>
    <trkpt lat="41.722320" lon="2.930098"></trkpt>
    <trkpt lat="41.722306" lon="2.930099"></trkpt>
    <trkpt lat="41.722292" lon="2.930103"></trkpt>
    <trkpt lat="41.722278" lon="2.930111"></trkpt>
    <trkpt lat="41.722265" lon="2.930122"></trkpt>
    <trkpt lat="41.722254" lon="2.930137"></trkpt>
    <trkpt lat="41.722245" lon="2.930153"></trkpt>
    <trkpt lat="41.722239" lon="2.930172"></trkpt>
    <trkpt lat="41.722235" lon="2.930193"></trkpt>
    <trkpt lat="41.722235" lon="2.930215"></trkpt>
    <trkpt lat="41.722237" lon="2.930236"></trkpt>
    <trkpt lat="41.722243" lon="2.930256"></trkpt>
    <trkpt lat="41.722251" lon="2.930274"></trkpt>
    <trkpt lat="41.722159" lon="2.930356"></trkpt>
    <trkpt lat="41.721634" lon="2.930817"></trkpt>
    <trkpt lat="41.721208" lon="2.931167"></trkpt>
    <trkpt lat="41.720788" lon="2.931539"></trkpt>
    <trkpt lat="41.720561" lon="2.931121"></trkpt>
    <trkpt lat="41.720494" lon="2.931048"></trkpt>
    <trkpt lat="41.720253" lon="2.930826"></trkpt>
    <trkpt lat="41.720084" lon="2.930675"></trkpt>
    <trkpt lat="41.720008" lon="2.930620"></trkpt>
    <trkpt lat="41.719917" lon="2.930584"></trkpt>
    <trkpt lat="41.719669" lon="2.930542"></trkpt>
    <trkpt lat="41.718916" lon="2.930432"></trkpt>
    <trkpt lat="41.718843" lon="2.931158"></trkpt>
    <trkpt lat="41.718801" lon="2.931406"></trkpt>
    <trkpt lat="41.718659" lon="2.931368"></trkpt>
    <trkpt lat="41.718582" lon="2.931363"></trkpt>
    <trkpt lat="41.718448" lon="2.931412"></trkpt>
    <trkpt lat="41.718425" lon="2.931125"></trkpt>
    <trkpt lat="41.718421" lon="2.931068"></trkpt>
    <trkpt lat="41.718417" lon="2.930371"></trkpt>
    <trkpt lat="41.718152" lon="2.930345"></trkpt>
    <trkpt lat="41.718240" lon="2.929560"></trkpt>
    <trkpt lat="41.718375" lon="2.929140"></trkpt>
    <trkpt lat="41.718544" lon="2.929179"></trkpt>
    <trkpt lat="41.718807" lon="2.929206"></trkpt>
    <trkpt lat="41.719058" lon="2.929240"></trkpt>
    <trkpt lat="41.719056" lon="2.929625"></trkpt>
    <trkpt lat="41.719101" lon="2.929592"></trkpt>
    <trkpt lat="41.719190" lon="2.929548"></trkpt>
    <trkpt lat="41.719792" lon="2.929364"></trkpt>
    <trkpt lat="41.720057" lon="2.929285"></trkpt>
    <trkpt lat="41.720131" lon="2.929262"></trkpt>
    <trkpt lat="41.720669" lon="2.929049"></trkpt>
    <trkpt lat="41.720743" lon="2.928996"></trkpt>
    <trkpt lat="41.720808" lon="2.928946"></trkpt>
    <trkpt lat="41.720863" lon="2.928896"></trkpt>
    <trkpt lat="41.720946" lon="2.928866"></trkpt>
    <trkpt lat="41.721198" lon="2.928700"></trkpt>
    <trkpt lat="41.721289" lon="2.928637"></trkpt>
    <trkpt lat="41.721297" lon="2.928640"></trkpt>
    <trkpt lat="41.721305" lon="2.928643"></trkpt>
    <trkpt lat="41.721314" lon="2.928645"></trkpt>
    <trkpt lat="41.721391" lon="2.928835"></trkpt>
    <trkpt lat="41.721462" lon="2.928958"></trkpt>
    <trkpt lat="41.721604" lon="2.929175"></trkpt>
    <trkpt lat="41.721647" lon="2.929244"></trkpt>
    <trkpt lat="41.721819" lon="2.929523"></trkpt>
    <trkpt lat="41.721865" lon="2.929597"></trkpt>
    <trkpt lat="41.722139" lon="2.930026"></trkpt>
    <trkpt lat="41.722156" lon="2.930052"></trkpt>
    <trkpt lat="41.722239" lon="2.930172"></trkpt>
    <trkpt lat="41.722235" lon="2.930193"></trkpt>
    <trkpt lat="41.722235" lon="2.930215"></trkpt>
    <trkpt lat="41.722237" lon="2.930236"></trkpt>
    <trkpt lat="41.722243" lon="2.930256"></trkpt>
    <trkpt lat="41.722251" lon="2.930274"></trkpt>
    <trkpt lat="41.722261" lon="2.930288"></trkpt>
    <trkpt lat="41.722271" lon="2.930299"></trkpt>
    <trkpt lat="41.722283" lon="2.930307"></trkpt>
    <trkpt lat="41.722295" lon="2.930313"></trkpt>
    <trkpt lat="41.722309" lon="2.930317"></trkpt>
    <trkpt lat="41.722322" lon="2.930317"></trkpt>
    <trkpt lat="41.722335" lon="2.930314"></trkpt>
    <trkpt lat="41.722349" lon="2.930308"></trkpt>
    <trkpt lat="41.722362" lon="2.930298"></trkpt>
    <trkpt lat="41.722374" lon="2.930286"></trkpt>
    <trkpt lat="41.722383" lon="2.930271"></trkpt>
    <trkpt lat="41.722391" lon="2.930254"></trkpt>
    <trkpt lat="41.722396" lon="2.930235"></trkpt>
    <trkpt lat="41.722398" lon="2.930219"></trkpt>
    <trkpt lat="41.722398" lon="2.930202"></trkpt>
    <trkpt lat="41.722397" lon="2.930186"></trkpt>
    <trkpt lat="41.722394" lon="2.930170"></trkpt>
    <trkpt lat="41.722388" lon="2.930155"></trkpt>
    <trkpt lat="41.722382" lon="2.930141"></trkpt>
    <trkpt lat="41.722463" lon="2.930071"></trkpt>
    <trkpt lat="41.722895" lon="2.929697"></trkpt>
    <trkpt lat="41.723095" lon="2.929524"></trkpt>
    <trkpt lat="41.723181" lon="2.929445"></trkpt>
    <trkpt lat="41.723575" lon="2.929110"></trkpt>
    <trkpt lat="41.724235" lon="2.928549"></trkpt>
    <trkpt lat="41.724365" lon="2.928439"></trkpt>
    <trkpt lat="41.724389" lon="2.928471"></trkpt>
    <trkpt lat="41.724422" lon="2.928483"></trkpt>
    <trkpt lat="41.724455" lon="2.928469"></trkpt>
    <trkpt lat="41.724473" lon="2.928446"></trkpt>
    <trkpt lat="41.724484" lon="2.928412"></trkpt>
    <trkpt lat="41.724483" lon="2.928378"></trkpt>
    <trkpt lat="41.724471" lon="2.928345"></trkpt>
    <trkpt lat="41.724599" lon="2.928226"></trkpt>
    <trkpt lat="41.724857" lon="2.928006"></trkpt>
    <trkpt lat="41.725083" lon="2.927812"></trkpt>
    <trkpt lat="41.725246" lon="2.927672"></trkpt>
    <trkpt lat="41.726807" lon="2.926313"></trkpt>
    <trkpt lat="41.726830" lon="2.926283"></trkpt>
    <trkpt lat="41.726930" lon="2.926203"></trkpt>
    <trkpt lat="41.726983" lon="2.926118"></trkpt>
    <trkpt lat="41.727060" lon="2.925974"></trkpt>
    <trkpt lat="41.727081" lon="2.925978"></trkpt>
    <trkpt lat="41.727103" lon="2.925978"></trkpt>
    <trkpt lat="41.727124" lon="2.925975"></trkpt>
    <trkpt lat="41.727145" lon="2.925969"></trkpt>
    <trkpt lat="41.727166" lon="2.925959"></trkpt>
    <trkpt lat="41.727185" lon="2.925946"></trkpt>
    <trkpt lat="41.727203" lon="2.925930"></trkpt>
    <trkpt lat="41.727219" lon="2.925911"></trkpt>
    <trkpt lat="41.727234" lon="2.925889"></trkpt>
    <trkpt lat="41.727246" lon="2.925866"></trkpt>
    <trkpt lat="41.727256" lon="2.925841"></trkpt>
    <trkpt lat="41.727264" lon="2.925814"></trkpt>
    <trkpt lat="41.727270" lon="2.925786"></trkpt>
    <trkpt lat="41.727273" lon="2.925757"></trkpt>
    <trkpt lat="41.727273" lon="2.925728"></trkpt>
    <trkpt lat="41.727271" lon="2.925700"></trkpt>
    <trkpt lat="41.727266" lon="2.925671"></trkpt>
    <trkpt lat="41.727365" lon="2.925408"></trkpt>
    <trkpt lat="41.727454" lon="2.925212"></trkpt>
    <trkpt lat="41.727479" lon="2.925166"></trkpt>
    <trkpt lat="41.727543" lon="2.925026"></trkpt>
    <trkpt lat="41.727807" lon="2.924535"></trkpt>
    <trkpt lat="41.727924" lon="2.924304"></trkpt>
    <trkpt lat="41.728045" lon="2.924093"></trkpt>
    <trkpt lat="41.728277" lon="2.923637"></trkpt>
    <trkpt lat="41.728343" lon="2.923497"></trkpt>
    <trkpt lat="41.728422" lon="2.923288"></trkpt>
    <trkpt lat="41.728459" lon="2.923118"></trkpt>
    <trkpt lat="41.728488" lon="2.922946"></trkpt>
    <trkpt lat="41.728497" lon="2.922849"></trkpt>
    <trkpt lat="41.728504" lon="2.922574"></trkpt>
    <trkpt lat="41.728486" lon="2.922249"></trkpt>
    <trkpt lat="41.728452" lon="2.921582"></trkpt>
    <trkpt lat="41.728393" lon="2.920442"></trkpt>
    <trkpt lat="41.728388" lon="2.920294"></trkpt>
    <trkpt lat="41.728392" lon="2.920126"></trkpt>
    <trkpt lat="41.728403" lon="2.919975"></trkpt>
    <trkpt lat="41.728416" lon="2.919868"></trkpt>
    <trkpt lat="41.728444" lon="2.919728"></trkpt>
    <trkpt lat="41.728480" lon="2.919598"></trkpt>
    <trkpt lat="41.728542" lon="2.919426"></trkpt>
    <trkpt lat="41.728602" lon="2.919289"></trkpt>
    <trkpt lat="41.728916" lon="2.918762"></trkpt>
    <trkpt lat="41.728934" lon="2.918757"></trkpt>
    <trkpt lat="41.728952" lon="2.918748"></trkpt>
    <trkpt lat="41.728968" lon="2.918736"></trkpt>
    <trkpt lat="41.728983" lon="2.918722"></trkpt>
    <trkpt lat="41.728996" lon="2.918704"></trkpt>
    <trkpt lat="41.729008" lon="2.918685"></trkpt>
    <trkpt lat="41.729017" lon="2.918663"></trkpt>
    <trkpt lat="41.729023" lon="2.918640"></trkpt>
    <trkpt lat="41.729028" lon="2.918616"></trkpt>
    <trkpt lat="41.729029" lon="2.918597"></trkpt>
    <trkpt lat="41.729029" lon="2.918577"></trkpt>
    <trkpt lat="41.729028" lon="2.918558"></trkpt>
    <trkpt lat="41.729174" lon="2.918245"></trkpt>
    <trkpt lat="41.729904" lon="2.916919"></trkpt>
    <trkpt lat="41.730115" lon="2.916536"></trkpt>
    <trkpt lat="41.730156" lon="2.916461"></trkpt>
    <trkpt lat="41.730299" lon="2.916199"></trkpt>
    <trkpt lat="41.730352" lon="2.916078"></trkpt>
    <trkpt lat="41.730510" lon="2.915718"></trkpt>
    <trkpt lat="41.730664" lon="2.915212"></trkpt>
    <trkpt lat="41.730676" lon="2.915156"></trkpt>
    <trkpt lat="41.730728" lon="2.914900"></trkpt>
    <trkpt lat="41.730762" lon="2.914706"></trkpt>
    <trkpt lat="41.730820" lon="2.914379"></trkpt>
    <trkpt lat="41.731132" lon="2.912573"></trkpt>
    <trkpt lat="41.731287" lon="2.911586"></trkpt>
    <trkpt lat="41.731301" lon="2.911418"></trkpt>
    <trkpt lat="41.731307" lon="2.911289"></trkpt>
    <trkpt lat="41.731310" lon="2.911129"></trkpt>
    <trkpt lat="41.731304" lon="2.910959"></trkpt>
    <trkpt lat="41.731272" lon="2.910692"></trkpt>
    <trkpt lat="41.731229" lon="2.910433"></trkpt>
    <trkpt lat="41.731188" lon="2.910275"></trkpt>
    <trkpt lat="41.731147" lon="2.910131"></trkpt>
    <trkpt lat="41.731065" lon="2.909914"></trkpt>
    <trkpt lat="41.731024" lon="2.909818"></trkpt>
    <trkpt lat="41.730977" lon="2.909715"></trkpt>
    <trkpt lat="41.730635" lon="2.909075"></trkpt>
    <trkpt lat="41.730534" lon="2.908886"></trkpt>
    <trkpt lat="41.729905" lon="2.907734"></trkpt>
    <trkpt lat="41.729446" lon="2.906887"></trkpt>
    <trkpt lat="41.728879" lon="2.905847"></trkpt>
    <trkpt lat="41.728631" lon="2.905389"></trkpt>
    <trkpt lat="41.728451" lon="2.905034"></trkpt>
    <trkpt lat="41.728388" lon="2.904902"></trkpt>
    <trkpt lat="41.728314" lon="2.904699"></trkpt>
    <trkpt lat="41.728249" lon="2.904491"></trkpt>
    <trkpt lat="41.728222" lon="2.904377"></trkpt>
    <trkpt lat="41.728198" lon="2.904236"></trkpt>
    <trkpt lat="41.728168" lon="2.904014"></trkpt>
    <trkpt lat="41.728156" lon="2.903823"></trkpt>
    <trkpt lat="41.728155" lon="2.903611"></trkpt>
    <trkpt lat="41.728165" lon="2.903339"></trkpt>
    <trkpt lat="41.728214" lon="2.902339"></trkpt>
    <trkpt lat="41.728304" lon="2.900559"></trkpt>
    <trkpt lat="41.728324" lon="2.900422"></trkpt>
    <trkpt lat="41.728348" lon="2.900266"></trkpt>
    <trkpt lat="41.728401" lon="2.900103"></trkpt>
    <trkpt lat="41.728465" lon="2.899959"></trkpt>
    <trkpt lat="41.728534" lon="2.899844"></trkpt>
    <trkpt lat="41.728613" lon="2.899738"></trkpt>
    <trkpt lat="41.728742" lon="2.899607"></trkpt>
    <trkpt lat="41.728863" lon="2.899514"></trkpt>
    <trkpt lat="41.728987" lon="2.899424"></trkpt>
    <trkpt lat="41.729237" lon="2.899284"></trkpt>
    <trkpt lat="41.729340" lon="2.899242"></trkpt>
    <trkpt lat="41.729689" lon="2.899155"></trkpt>
    <trkpt lat="41.729899" lon="2.899121"></trkpt>
    <trkpt lat="41.731215" lon="2.898950"></trkpt>
    <trkpt lat="41.732094" lon="2.898830"></trkpt>
    <trkpt lat="41.732294" lon="2.898796"></trkpt>
    <trkpt lat="41.732450" lon="2.898760"></trkpt>
    <trkpt lat="41.732578" lon="2.898709"></trkpt>
    <trkpt lat="41.732637" lon="2.898678"></trkpt>
    <trkpt lat="41.732783" lon="2.898595"></trkpt>
    <trkpt lat="41.732926" lon="2.898475"></trkpt>
    <trkpt lat="41.733039" lon="2.898367"></trkpt>
    <trkpt lat="41.733171" lon="2.898190"></trkpt>
    <trkpt lat="41.733243" lon="2.898088"></trkpt>
    <trkpt lat="41.733455" lon="2.897757"></trkpt>
    <trkpt lat="41.733867" lon="2.897104"></trkpt>
    <trkpt lat="41.734203" lon="2.896573"></trkpt>
    <trkpt lat="41.734340" lon="2.896384"></trkpt>
    <trkpt lat="41.734507" lon="2.896192"></trkpt>
    <trkpt lat="41.734627" lon="2.896089"></trkpt>
    <trkpt lat="41.734710" lon="2.896026"></trkpt>
    <trkpt lat="41.734812" lon="2.895966"></trkpt>
    <trkpt lat="41.734930" lon="2.895910"></trkpt>
    <trkpt lat="41.735056" lon="2.895865"></trkpt>
    <trkpt lat="41.735171" lon="2.895844"></trkpt>
    <trkpt lat="41.735275" lon="2.895830"></trkpt>
    <trkpt lat="41.735419" lon="2.895829"></trkpt>
    <trkpt lat="41.735545" lon="2.895855"></trkpt>
    <trkpt lat="41.735676" lon="2.895887"></trkpt>
    <trkpt lat="41.735782" lon="2.895928"></trkpt>
    <trkpt lat="41.735911" lon="2.896000"></trkpt>
    <trkpt lat="41.736092" lon="2.896120"></trkpt>
    <trkpt lat="41.736329" lon="2.896325"></trkpt>
    <trkpt lat="41.736679" lon="2.896640"></trkpt>
    <trkpt lat="41.736826" lon="2.896758"></trkpt>
    <trkpt lat="41.737004" lon="2.896876"></trkpt>
    <trkpt lat="41.737095" lon="2.896921"></trkpt>
    <trkpt lat="41.737336" lon="2.897027"></trkpt>
    <trkpt lat="41.737553" lon="2.897096"></trkpt>
    <trkpt lat="41.737676" lon="2.897128"></trkpt>
    <trkpt lat="41.737931" lon="2.897167"></trkpt>
    <trkpt lat="41.738018" lon="2.897175"></trkpt>
    <trkpt lat="41.738122" lon="2.897161"></trkpt>
    <trkpt lat="41.738289" lon="2.897136"></trkpt>
    <trkpt lat="41.738432" lon="2.897096"></trkpt>
    <trkpt lat="41.738619" lon="2.897030"></trkpt>
    <trkpt lat="41.738985" lon="2.896903"></trkpt>
    <trkpt lat="41.739256" lon="2.896811"></trkpt>
    <trkpt lat="41.739391" lon="2.896787"></trkpt>
    <trkpt lat="41.739471" lon="2.896779"></trkpt>
    <trkpt lat="41.739583" lon="2.896779"></trkpt>
    <trkpt lat="41.739708" lon="2.896806"></trkpt>
    <trkpt lat="41.739786" lon="2.896837"></trkpt>
    <trkpt lat="41.739890" lon="2.896895"></trkpt>
    <trkpt lat="41.740005" lon="2.896979"></trkpt>
    <trkpt lat="41.740066" lon="2.897041"></trkpt>
    <trkpt lat="41.740131" lon="2.897116"></trkpt>
    <trkpt lat="41.740203" lon="2.897219"></trkpt>
    <trkpt lat="41.740298" lon="2.897400"></trkpt>
    <trkpt lat="41.740362" lon="2.897542"></trkpt>
    <trkpt lat="41.740496" lon="2.897881"></trkpt>
    <trkpt lat="41.740611" lon="2.898149"></trkpt>
    <trkpt lat="41.740692" lon="2.898294"></trkpt>
    <trkpt lat="41.740758" lon="2.898387"></trkpt>
    <trkpt lat="41.740841" lon="2.898492"></trkpt>
    <trkpt lat="41.740926" lon="2.898563"></trkpt>
    <trkpt lat="41.741071" lon="2.898665"></trkpt>
    <trkpt lat="41.741200" lon="2.898715"></trkpt>
    <trkpt lat="41.741353" lon="2.898742"></trkpt>
    <trkpt lat="41.741411" lon="2.898738"></trkpt>
    <trkpt lat="41.741481" lon="2.898737"></trkpt>
    <trkpt lat="41.741567" lon="2.898719"></trkpt>
    <trkpt lat="41.741673" lon="2.898682"></trkpt>
    <trkpt lat="41.741725" lon="2.898661"></trkpt>
    <trkpt lat="41.741787" lon="2.898625"></trkpt>
    <trkpt lat="41.741932" lon="2.898511"></trkpt>
    <trkpt lat="41.741980" lon="2.898454"></trkpt>
    <trkpt lat="41.742072" lon="2.898334"></trkpt>
    <trkpt lat="41.742157" lon="2.898185"></trkpt>
    <trkpt lat="41.742213" lon="2.898048"></trkpt>
    <trkpt lat="41.742247" lon="2.897948"></trkpt>
    <trkpt lat="41.742273" lon="2.897820"></trkpt>
    <trkpt lat="41.742291" lon="2.897717"></trkpt>
    <trkpt lat="41.742314" lon="2.897365"></trkpt>
    <trkpt lat="41.742347" lon="2.896717"></trkpt>
    <trkpt lat="41.742373" lon="2.896121"></trkpt>
    <trkpt lat="41.742394" lon="2.895747"></trkpt>
    <trkpt lat="41.742411" lon="2.895606"></trkpt>
    <trkpt lat="41.742436" lon="2.895472"></trkpt>
    <trkpt lat="41.742469" lon="2.895337"></trkpt>
    <trkpt lat="41.742522" lon="2.895205"></trkpt>
    <trkpt lat="41.742576" lon="2.895098"></trkpt>
    <trkpt lat="41.742643" lon="2.894993"></trkpt>
    <trkpt lat="41.742703" lon="2.894912"></trkpt>
    <trkpt lat="41.742768" lon="2.894846"></trkpt>
    <trkpt lat="41.742841" lon="2.894782"></trkpt>
    <trkpt lat="41.742921" lon="2.894722"></trkpt>
    <trkpt lat="41.743053" lon="2.894658"></trkpt>
    <trkpt lat="41.743146" lon="2.894623"></trkpt>
    <trkpt lat="41.743558" lon="2.894502"></trkpt>
    <trkpt lat="41.744816" lon="2.894317"></trkpt>
    <trkpt lat="41.745228" lon="2.894237"></trkpt>
    <trkpt lat="41.745453" lon="2.894191"></trkpt>
    <trkpt lat="41.745752" lon="2.894113"></trkpt>
    <trkpt lat="41.746000" lon="2.894039"></trkpt>
    <trkpt lat="41.746034" lon="2.894026"></trkpt>
    <trkpt lat="41.746219" lon="2.893932"></trkpt>
    <trkpt lat="41.746278" lon="2.893902"></trkpt>
    <trkpt lat="41.746375" lon="2.893839"></trkpt>
    <trkpt lat="41.746532" lon="2.893710"></trkpt>
    <trkpt lat="41.746801" lon="2.893466"></trkpt>
    <trkpt lat="41.747991" lon="2.892331"></trkpt>
    <trkpt lat="41.748085" lon="2.892473"></trkpt>
    <trkpt lat="41.748189" lon="2.892528"></trkpt>
    <trkpt lat="41.748354" lon="2.892495"></trkpt>
    <trkpt lat="41.748515" lon="2.892467"></trkpt>
    <trkpt lat="41.748639" lon="2.892507"></trkpt>
    <trkpt lat="41.748953" lon="2.892627"></trkpt>
    <trkpt lat="41.749151" lon="2.892771"></trkpt>
    <trkpt lat="41.749382" lon="2.892898"></trkpt>
    <trkpt lat="41.749568" lon="2.892997"></trkpt>
    <trkpt lat="41.749729" lon="2.893096"></trkpt>
    <trkpt lat="41.749830" lon="2.893250"></trkpt>
    <trkpt lat="41.749956" lon="2.893339"></trkpt>
    <trkpt lat="41.750031" lon="2.893393"></trkpt>
    <trkpt lat="41.750222" lon="2.893295"></trkpt>
    <trkpt lat="41.750312" lon="2.893123"></trkpt>
    <trkpt lat="41.750537" lon="2.893064"></trkpt>
    <trkpt lat="41.750668" lon="2.892969"></trkpt>
    <trkpt lat="41.750811" lon="2.892866"></trkpt>
    <trkpt lat="41.750972" lon="2.892777"></trkpt>
    <trkpt lat="41.751093" lon="2.892799"></trkpt>
    <trkpt lat="41.751286" lon="2.892771"></trkpt>
    <trkpt lat="41.751535" lon="2.892786"></trkpt>
    <trkpt lat="41.751712" lon="2.892825"></trkpt>
    <trkpt lat="41.751928" lon="2.892928"></trkpt>
    <trkpt lat="41.752434" lon="2.893230"></trkpt>
    <trkpt lat="41.752827" lon="2.893354"></trkpt>
    <trkpt lat="41.753004" lon="2.893247"></trkpt>
    <trkpt lat="41.753237" lon="2.893214"></trkpt>
    <trkpt lat="41.753546" lon="2.893197"></trkpt>
    <trkpt lat="41.753819" lon="2.893314"></trkpt>
    <trkpt lat="41.753999" lon="2.893369"></trkpt>
    <trkpt lat="41.754143" lon="2.893465"></trkpt>
    <trkpt lat="41.754286" lon="2.893658"></trkpt>
    <trkpt lat="41.754479" lon="2.893831"></trkpt>
    <trkpt lat="41.754649" lon="2.894028"></trkpt>
    <trkpt lat="41.754819" lon="2.894225"></trkpt>
    <trkpt lat="41.754857" lon="2.894138"></trkpt>
    <trkpt lat="41.754898" lon="2.894042"></trkpt>
    <trkpt lat="41.754925" lon="2.893979"></trkpt>
    <trkpt lat="41.754925" lon="2.893979"></trkpt>
    <trkpt lat="41.754916" lon="2.893874"></trkpt>
    <trkpt lat="41.754810" lon="2.893825"></trkpt>
    <trkpt lat="41.754654" lon="2.893578"></trkpt>
    <trkpt lat="41.754484" lon="2.893375"></trkpt>
    <trkpt lat="41.754361" lon="2.893164"></trkpt>
    <trkpt lat="41.754303" lon="2.893019"></trkpt>
    <trkpt lat="41.754214" lon="2.892985"></trkpt>
    <trkpt lat="41.754032" lon="2.892960"></trkpt>
    <trkpt lat="41.753904" lon="2.892779"></trkpt>
    <trkpt lat="41.753835" lon="2.892683"></trkpt>
    <trkpt lat="41.753651" lon="2.892584"></trkpt>
    <trkpt lat="41.753460" lon="2.892501"></trkpt>
    <trkpt lat="41.753210" lon="2.892379"></trkpt>
    <trkpt lat="41.753056" lon="2.892276"></trkpt>
    <trkpt lat="41.752816" lon="2.892281"></trkpt>
    <trkpt lat="41.752586" lon="2.892337"></trkpt>
    <trkpt lat="41.752426" lon="2.892300"></trkpt>
    <trkpt lat="41.752283" lon="2.892076"></trkpt>
    <trkpt lat="41.752130" lon="2.891768"></trkpt>
    <trkpt lat="41.752046" lon="2.891771"></trkpt>
    <trkpt lat="41.751707" lon="2.891807"></trkpt>
    <trkpt lat="41.751396" lon="2.891908"></trkpt>
    <trkpt lat="41.750959" lon="2.891986"></trkpt>
    <trkpt lat="41.750588" lon="2.892117"></trkpt>
    <trkpt lat="41.750358" lon="2.892108"></trkpt>
    <trkpt lat="41.749399" lon="2.891935"></trkpt>
    <trkpt lat="41.749067" lon="2.891848"></trkpt>
    <trkpt lat="41.748964" lon="2.891643"></trkpt>
    <trkpt lat="41.749234" lon="2.891545"></trkpt>
    <trkpt lat="41.749897" lon="2.891307"></trkpt>
    <trkpt lat="41.750209" lon="2.891222"></trkpt>
    <trkpt lat="41.750475" lon="2.891187"></trkpt>
    <trkpt lat="41.750925" lon="2.891175"></trkpt>
    <trkpt lat="41.751177" lon="2.891218"></trkpt>
    <trkpt lat="41.751588" lon="2.891317"></trkpt>
    <trkpt lat="41.751954" lon="2.891402"></trkpt>
    <trkpt lat="41.752057" lon="2.891400"></trkpt>
    <trkpt lat="41.752175" lon="2.891347"></trkpt>
    <trkpt lat="41.752291" lon="2.891270"></trkpt>
    <trkpt lat="41.752407" lon="2.891171"></trkpt>
    <trkpt lat="41.752749" lon="2.890847"></trkpt>
    <trkpt lat="41.752923" lon="2.890675"></trkpt>
    <trkpt lat="41.753038" lon="2.890521"></trkpt>
    <trkpt lat="41.753148" lon="2.890299"></trkpt>
    <trkpt lat="41.753221" lon="2.890099"></trkpt>
    <trkpt lat="41.753384" lon="2.889696"></trkpt>
    <trkpt lat="41.753505" lon="2.889455"></trkpt>
    <trkpt lat="41.753630" lon="2.889274"></trkpt>
    <trkpt lat="41.753840" lon="2.889052"></trkpt>
    <trkpt lat="41.753981" lon="2.888961"></trkpt>
    <trkpt lat="41.754126" lon="2.888886"></trkpt>
    <trkpt lat="41.754289" lon="2.888829"></trkpt>
    <trkpt lat="41.754634" lon="2.888748"></trkpt>
    <trkpt lat="41.755189" lon="2.888602"></trkpt>
    <trkpt lat="41.755359" lon="2.888529"></trkpt>
    <trkpt lat="41.755512" lon="2.888442"></trkpt>
    <trkpt lat="41.755698" lon="2.888288"></trkpt>
    <trkpt lat="41.755826" lon="2.888158"></trkpt>
    <trkpt lat="41.755938" lon="2.888006"></trkpt>
    <trkpt lat="41.756071" lon="2.887771"></trkpt>
    <trkpt lat="41.756411" lon="2.887042"></trkpt>
    <trkpt lat="41.756466" lon="2.886937"></trkpt>
    <trkpt lat="41.756815" lon="2.886203"></trkpt>
    <trkpt lat="41.756959" lon="2.885969"></trkpt>
    <trkpt lat="41.757140" lon="2.885776"></trkpt>
    <trkpt lat="41.757297" lon="2.885650"></trkpt>
    <trkpt lat="41.757667" lon="2.885401"></trkpt>
    <trkpt lat="41.757917" lon="2.885261"></trkpt>
    <trkpt lat="41.758263" lon="2.885109"></trkpt>
    <trkpt lat="41.758607" lon="2.884992"></trkpt>
    <trkpt lat="41.760263" lon="2.884613"></trkpt>
    <trkpt lat="41.760413" lon="2.884589"></trkpt>
    <trkpt lat="41.760632" lon="2.884570"></trkpt>
    <trkpt lat="41.760943" lon="2.884566"></trkpt>
    <trkpt lat="41.761383" lon="2.884623"></trkpt>
    <trkpt lat="41.762056" lon="2.884649"></trkpt>
    <trkpt lat="41.762272" lon="2.884627"></trkpt>
    <trkpt lat="41.762454" lon="2.884592"></trkpt>
    <trkpt lat="41.763044" lon="2.884431"></trkpt>
    <trkpt lat="41.763248" lon="2.884388"></trkpt>
    <trkpt lat="41.763401" lon="2.884390"></trkpt>
    <trkpt lat="41.763608" lon="2.884459"></trkpt>
    <trkpt lat="41.763679" lon="2.884510"></trkpt>
    <trkpt lat="41.763842" lon="2.884670"></trkpt>
    <trkpt lat="41.763925" lon="2.884795"></trkpt>
    <trkpt lat="41.764111" lon="2.885087"></trkpt>
    <trkpt lat="41.764642" lon="2.886115"></trkpt>
    <trkpt lat="41.764770" lon="2.886294"></trkpt>
    <trkpt lat="41.764917" lon="2.886347"></trkpt>
    <trkpt lat="41.764998" lon="2.886323"></trkpt>
    <trkpt lat="41.765063" lon="2.886288"></trkpt>
    <trkpt lat="41.765116" lon="2.886230"></trkpt>
    <trkpt lat="41.765158" lon="2.886155"></trkpt>
    <trkpt lat="41.765182" lon="2.886084"></trkpt>
    <trkpt lat="41.765193" lon="2.885984"></trkpt>
    <trkpt lat="41.765181" lon="2.885837"></trkpt>
    <trkpt lat="41.765148" lon="2.885685"></trkpt>
    <trkpt lat="41.765090" lon="2.885512"></trkpt>
    <trkpt lat="41.764601" lon="2.884562"></trkpt>
    <trkpt lat="41.764534" lon="2.884378"></trkpt>
    <trkpt lat="41.764504" lon="2.884224"></trkpt>
    <trkpt lat="41.764508" lon="2.884081"></trkpt>
    <trkpt lat="41.764527" lon="2.883967"></trkpt>
    <trkpt lat="41.764565" lon="2.883841"></trkpt>
    <trkpt lat="41.764628" lon="2.883726"></trkpt>
    <trkpt lat="41.764716" lon="2.883634"></trkpt>
    <trkpt lat="41.764866" lon="2.883523"></trkpt>
    <trkpt lat="41.764994" lon="2.883478"></trkpt>
    <trkpt lat="41.765113" lon="2.883456"></trkpt>
    <trkpt lat="41.765247" lon="2.883444"></trkpt>
    <trkpt lat="41.765383" lon="2.883468"></trkpt>
    <trkpt lat="41.765598" lon="2.883537"></trkpt>
    <trkpt lat="41.766042" lon="2.883758"></trkpt>
    <trkpt lat="41.766329" lon="2.883886"></trkpt>
    <trkpt lat="41.766502" lon="2.883944"></trkpt>
    <trkpt lat="41.766740" lon="2.884001"></trkpt>
    <trkpt lat="41.766988" lon="2.884017"></trkpt>
    <trkpt lat="41.767245" lon="2.884017"></trkpt>
    <trkpt lat="41.767363" lon="2.883995"></trkpt>
    <trkpt lat="41.767624" lon="2.883908"></trkpt>
    <trkpt lat="41.767818" lon="2.883805"></trkpt>
    <trkpt lat="41.767912" lon="2.883728"></trkpt>
    <trkpt lat="41.768129" lon="2.883531"></trkpt>
    <trkpt lat="41.768301" lon="2.883302"></trkpt>
    <trkpt lat="41.768409" lon="2.883122"></trkpt>
    <trkpt lat="41.768487" lon="2.882958"></trkpt>
    <trkpt lat="41.768584" lon="2.882692"></trkpt>
    <trkpt lat="41.768655" lon="2.882423"></trkpt>
    <trkpt lat="41.768682" lon="2.882160"></trkpt>
    <trkpt lat="41.768690" lon="2.882028"></trkpt>
    <trkpt lat="41.768690" lon="2.881744"></trkpt>
    <trkpt lat="41.768640" lon="2.881487"></trkpt>
    <trkpt lat="41.768590" lon="2.881365"></trkpt>
    <trkpt lat="41.768487" lon="2.881217"></trkpt>
    <trkpt lat="41.768388" lon="2.881136"></trkpt>
    <trkpt lat="41.768232" lon="2.881045"></trkpt>
    <trkpt lat="41.768023" lon="2.880980"></trkpt>
    <trkpt lat="41.767868" lon="2.880887"></trkpt>
    <trkpt lat="41.767810" lon="2.880816"></trkpt>
    <trkpt lat="41.767774" lon="2.880727"></trkpt>
    <trkpt lat="41.767756" lon="2.880642"></trkpt>
    <trkpt lat="41.767766" lon="2.880529"></trkpt>
    <trkpt lat="41.767779" lon="2.880450"></trkpt>
    <trkpt lat="41.767824" lon="2.880364"></trkpt>
    <trkpt lat="41.767871" lon="2.880306"></trkpt>
    <trkpt lat="41.767937" lon="2.880255"></trkpt>
    <trkpt lat="41.768038" lon="2.880219"></trkpt>
    <trkpt lat="41.768131" lon="2.880212"></trkpt>
    <trkpt lat="41.769043" lon="2.880150"></trkpt>
    <trkpt lat="41.769199" lon="2.880129"></trkpt>
    <trkpt lat="41.769312" lon="2.880087"></trkpt>
    <trkpt lat="41.769405" lon="2.880030"></trkpt>
    <trkpt lat="41.769482" lon="2.879935"></trkpt>
    <trkpt lat="41.769550" lon="2.879832"></trkpt>
    <trkpt lat="41.769618" lon="2.879659"></trkpt>
    <trkpt lat="41.769793" lon="2.879110"></trkpt>
    <trkpt lat="41.769859" lon="2.878954"></trkpt>
    <trkpt lat="41.769914" lon="2.878857"></trkpt>
    <trkpt lat="41.770001" lon="2.878778"></trkpt>
    <trkpt lat="41.770103" lon="2.878723"></trkpt>
    <trkpt lat="41.770222" lon="2.878709"></trkpt>
    <trkpt lat="41.770329" lon="2.878713"></trkpt>
    <trkpt lat="41.770509" lon="2.878727"></trkpt>
    <trkpt lat="41.770621" lon="2.878699"></trkpt>
    <trkpt lat="41.770690" lon="2.878644"></trkpt>
    <trkpt lat="41.770749" lon="2.878569"></trkpt>
    <trkpt lat="41.770789" lon="2.878468"></trkpt>
    <trkpt lat="41.770802" lon="2.878355"></trkpt>
    <trkpt lat="41.770795" lon="2.878278"></trkpt>
    <trkpt lat="41.770760" lon="2.878138"></trkpt>
    <trkpt lat="41.770678" lon="2.877864"></trkpt>
    <trkpt lat="41.770663" lon="2.877733"></trkpt>
    <trkpt lat="41.770680" lon="2.877597"></trkpt>
    <trkpt lat="41.770707" lon="2.877518"></trkpt>
    <trkpt lat="41.770773" lon="2.877423"></trkpt>
    <trkpt lat="41.771023" lon="2.877218"></trkpt>
    <trkpt lat="41.771127" lon="2.877094"></trkpt>
    <trkpt lat="41.771178" lon="2.876983"></trkpt>
    <trkpt lat="41.771201" lon="2.876833"></trkpt>
    <trkpt lat="41.771190" lon="2.876744"></trkpt>
    <trkpt lat="41.771151" lon="2.876602"></trkpt>
    <trkpt lat="41.771079" lon="2.876468"></trkpt>
    <trkpt lat="41.770959" lon="2.876353"></trkpt>
    <trkpt lat="41.770829" lon="2.876205"></trkpt>
    <trkpt lat="41.770767" lon="2.876071"></trkpt>
    <trkpt lat="41.770758" lon="2.875968"></trkpt>
    <trkpt lat="41.770787" lon="2.875836"></trkpt>
    <trkpt lat="41.770839" lon="2.875747"></trkpt>
    <trkpt lat="41.770952" lon="2.875668"></trkpt>
    <trkpt lat="41.771142" lon="2.875565"></trkpt>
    <trkpt lat="41.771207" lon="2.875480"></trkpt>
    <trkpt lat="41.771236" lon="2.875403"></trkpt>
    <trkpt lat="41.771268" lon="2.875306"></trkpt>
    <trkpt lat="41.771271" lon="2.875198"></trkpt>
    <trkpt lat="41.771260" lon="2.874825"></trkpt>
    <trkpt lat="41.771266" lon="2.874489"></trkpt>
    <trkpt lat="41.771295" lon="2.874321"></trkpt>
    <trkpt lat="41.771334" lon="2.874210"></trkpt>
    <trkpt lat="41.771443" lon="2.874031"></trkpt>
    <trkpt lat="41.771561" lon="2.873896"></trkpt>
    <trkpt lat="41.771769" lon="2.873667"></trkpt>
    <trkpt lat="41.772004" lon="2.873386"></trkpt>
    <trkpt lat="41.772215" lon="2.873086"></trkpt>
    <trkpt lat="41.772458" lon="2.872712"></trkpt>
    <trkpt lat="41.772816" lon="2.872064"></trkpt>
    <trkpt lat="41.773227" lon="2.871326"></trkpt>
    <trkpt lat="41.773434" lon="2.870998"></trkpt>
    <trkpt lat="41.773484" lon="2.870913"></trkpt>
    <trkpt lat="41.773640" lon="2.870673"></trkpt>
    <trkpt lat="41.773804" lon="2.870447"></trkpt>
    <trkpt lat="41.774040" lon="2.870159"></trkpt>
    <trkpt lat="41.774515" lon="2.869681"></trkpt>
    <trkpt lat="41.774693" lon="2.869524"></trkpt>
    <trkpt lat="41.775123" lon="2.869191"></trkpt>
    <trkpt lat="41.775486" lon="2.868978"></trkpt>
    <trkpt lat="41.775757" lon="2.868857"></trkpt>
    <trkpt lat="41.776090" lon="2.868725"></trkpt>
    <trkpt lat="41.776711" lon="2.868478"></trkpt>
    <trkpt lat="41.776828" lon="2.868399"></trkpt>
    <trkpt lat="41.776938" lon="2.868290"></trkpt>
    <trkpt lat="41.777112" lon="2.868045"></trkpt>
    <trkpt lat="41.777319" lon="2.867765"></trkpt>
    <trkpt lat="41.777451" lon="2.867653"></trkpt>
    <trkpt lat="41.777533" lon="2.867583"></trkpt>
    <trkpt lat="41.777631" lon="2.867524"></trkpt>
    <trkpt lat="41.777854" lon="2.867459"></trkpt>
    <trkpt lat="41.778071" lon="2.867441"></trkpt>
    <trkpt lat="41.778469" lon="2.867400"></trkpt>
    <trkpt lat="41.778570" lon="2.867360"></trkpt>
    <trkpt lat="41.778686" lon="2.867291"></trkpt>
    <trkpt lat="41.778795" lon="2.867188"></trkpt>
    <trkpt lat="41.778892" lon="2.867058"></trkpt>
    <trkpt lat="41.779192" lon="2.866630"></trkpt>
    <trkpt lat="41.779386" lon="2.866389"></trkpt>
    <trkpt lat="41.779493" lon="2.866305"></trkpt>
    <trkpt lat="41.779594" lon="2.866231"></trkpt>
    <trkpt lat="41.779774" lon="2.866160"></trkpt>
    <trkpt lat="41.780070" lon="2.866067"></trkpt>
    <trkpt lat="41.780381" lon="2.865956"></trkpt>
    <trkpt lat="41.780546" lon="2.865869"></trkpt>
    <trkpt lat="41.780709" lon="2.865739"></trkpt>
    <trkpt lat="41.781129" lon="2.865336"></trkpt>
    <trkpt lat="41.781906" lon="2.864520"></trkpt>
    <trkpt lat="41.782167" lon="2.864209"></trkpt>
    <trkpt lat="41.782442" lon="2.863855"></trkpt>
    <trkpt lat="41.782866" lon="2.863250"></trkpt>
    <trkpt lat="41.783521" lon="2.862202"></trkpt>
    <trkpt lat="41.783546" lon="2.862159"></trkpt>
    <trkpt lat="41.783566" lon="2.862125"></trkpt>
    <trkpt lat="41.783769" lon="2.861842"></trkpt>
    <trkpt lat="41.783883" lon="2.861752"></trkpt>
    <trkpt lat="41.783986" lon="2.861696"></trkpt>
    <trkpt lat="41.784087" lon="2.861669"></trkpt>
    <trkpt lat="41.784160" lon="2.861673"></trkpt>
    <trkpt lat="41.784277" lon="2.861707"></trkpt>
    <trkpt lat="41.784373" lon="2.861750"></trkpt>
    <trkpt lat="41.784463" lon="2.861821"></trkpt>
    <trkpt lat="41.784578" lon="2.861995"></trkpt>
    <trkpt lat="41.784663" lon="2.862218"></trkpt>
    <trkpt lat="41.784743" lon="2.862542"></trkpt>
    <trkpt lat="41.784799" lon="2.862709"></trkpt>
    <trkpt lat="41.784851" lon="2.862809"></trkpt>
    <trkpt lat="41.784916" lon="2.862872"></trkpt>
    <trkpt lat="41.784997" lon="2.862915"></trkpt>
    <trkpt lat="41.785095" lon="2.862927"></trkpt>
    <trkpt lat="41.785151" lon="2.862915"></trkpt>
    <trkpt lat="41.785206" lon="2.862886"></trkpt>
    <trkpt lat="41.785259" lon="2.862844"></trkpt>
    <trkpt lat="41.785327" lon="2.862765"></trkpt>
    <trkpt lat="41.785379" lon="2.862666"></trkpt>
    <trkpt lat="41.785456" lon="2.862431"></trkpt>
    <trkpt lat="41.785541" lon="2.862194"></trkpt>
    <trkpt lat="41.785590" lon="2.862086"></trkpt>
    <trkpt lat="41.785654" lon="2.861989"></trkpt>
    <trkpt lat="41.785737" lon="2.861896"></trkpt>
    <trkpt lat="41.785806" lon="2.861839"></trkpt>
    <trkpt lat="41.785874" lon="2.861816"></trkpt>
    <trkpt lat="41.785957" lon="2.861778"></trkpt>
    <trkpt lat="41.786122" lon="2.861746"></trkpt>
    <trkpt lat="41.786379" lon="2.861711"></trkpt>
    <trkpt lat="41.786478" lon="2.861677"></trkpt>
    <trkpt lat="41.786565" lon="2.861619"></trkpt>
    <trkpt lat="41.786629" lon="2.861565"></trkpt>
    <trkpt lat="41.786711" lon="2.861432"></trkpt>
    <trkpt lat="41.786865" lon="2.861087"></trkpt>
    <trkpt lat="41.787033" lon="2.860702"></trkpt>
    <trkpt lat="41.787105" lon="2.860595"></trkpt>
    <trkpt lat="41.787208" lon="2.860532"></trkpt>
    <trkpt lat="41.787318" lon="2.860506"></trkpt>
    <trkpt lat="41.787407" lon="2.860528"></trkpt>
    <trkpt lat="41.787560" lon="2.860621"></trkpt>
    <trkpt lat="41.787776" lon="2.860792"></trkpt>
    <trkpt lat="41.787906" lon="2.860838"></trkpt>
    <trkpt lat="41.787980" lon="2.860832"></trkpt>
    <trkpt lat="41.788055" lon="2.860800"></trkpt>
    <trkpt lat="41.788139" lon="2.860721"></trkpt>
    <trkpt lat="41.788196" lon="2.860629"></trkpt>
    <trkpt lat="41.788237" lon="2.860482"></trkpt>
    <trkpt lat="41.788247" lon="2.860334"></trkpt>
    <trkpt lat="41.788238" lon="2.860024"></trkpt>
    <trkpt lat="41.788259" lon="2.859858"></trkpt>
    <trkpt lat="41.788302" lon="2.859762"></trkpt>
    <trkpt lat="41.788349" lon="2.859706"></trkpt>
    <trkpt lat="41.788404" lon="2.859655"></trkpt>
    <trkpt lat="41.788474" lon="2.859623"></trkpt>
    <trkpt lat="41.788543" lon="2.859619"></trkpt>
    <trkpt lat="41.788605" lon="2.859625"></trkpt>
    <trkpt lat="41.788667" lon="2.859655"></trkpt>
    <trkpt lat="41.788759" lon="2.859750"></trkpt>
    <trkpt lat="41.788841" lon="2.859870"></trkpt>
    <trkpt lat="41.788950" lon="2.860030"></trkpt>
    <trkpt lat="41.789030" lon="2.860117"></trkpt>
    <trkpt lat="41.789128" lon="2.860168"></trkpt>
    <trkpt lat="41.789213" lon="2.860180"></trkpt>
    <trkpt lat="41.789281" lon="2.860151"></trkpt>
    <trkpt lat="41.789344" lon="2.860123"></trkpt>
    <trkpt lat="41.789430" lon="2.860044"></trkpt>
    <trkpt lat="41.789501" lon="2.859935"></trkpt>
    <trkpt lat="41.789643" lon="2.859669"></trkpt>
    <trkpt lat="41.789752" lon="2.859525"></trkpt>
    <trkpt lat="41.789871" lon="2.859400"></trkpt>
    <trkpt lat="41.790015" lon="2.859304"></trkpt>
    <trkpt lat="41.790136" lon="2.859250"></trkpt>
    <trkpt lat="41.790338" lon="2.859248"></trkpt>
    <trkpt lat="41.790534" lon="2.859311"></trkpt>
    <trkpt lat="41.790680" lon="2.859422"></trkpt>
    <trkpt lat="41.790767" lon="2.859527"></trkpt>
    <trkpt lat="41.790836" lon="2.859631"></trkpt>
    <trkpt lat="41.791022" lon="2.860020"></trkpt>
    <trkpt lat="41.791164" lon="2.860279"></trkpt>
    <trkpt lat="41.791252" lon="2.860370"></trkpt>
    <trkpt lat="41.791345" lon="2.860439"></trkpt>
    <trkpt lat="41.791448" lon="2.860492"></trkpt>
    <trkpt lat="41.791608" lon="2.860520"></trkpt>
    <trkpt lat="41.793024" lon="2.860534"></trkpt>
    <trkpt lat="41.793223" lon="2.860530"></trkpt>
    <trkpt lat="41.793353" lon="2.860500"></trkpt>
    <trkpt lat="41.793469" lon="2.860435"></trkpt>
    <trkpt lat="41.793552" lon="2.860372"></trkpt>
    <trkpt lat="41.793656" lon="2.860253"></trkpt>
    <trkpt lat="41.793771" lon="2.860097"></trkpt>
    <trkpt lat="41.793909" lon="2.859951"></trkpt>
    <trkpt lat="41.794007" lon="2.859868"></trkpt>
    <trkpt lat="41.794101" lon="2.859833"></trkpt>
    <trkpt lat="41.794190" lon="2.859819"></trkpt>
    <trkpt lat="41.794283" lon="2.859835"></trkpt>
    <trkpt lat="41.794394" lon="2.859880"></trkpt>
    <trkpt lat="41.794572" lon="2.860014"></trkpt>
    <trkpt lat="41.794895" lon="2.860271"></trkpt>
    <trkpt lat="41.795554" lon="2.860785"></trkpt>
    <trkpt lat="41.795812" lon="2.860975"></trkpt>
    <trkpt lat="41.795919" lon="2.861037"></trkpt>
    <trkpt lat="41.796056" lon="2.861087"></trkpt>
    <trkpt lat="41.796158" lon="2.861091"></trkpt>
    <trkpt lat="41.796260" lon="2.861087"></trkpt>
    <trkpt lat="41.796396" lon="2.861039"></trkpt>
    <trkpt lat="41.796566" lon="2.860952"></trkpt>
    <trkpt lat="41.796720" lon="2.860838"></trkpt>
    <trkpt lat="41.797289" lon="2.860451"></trkpt>
    <trkpt lat="41.797531" lon="2.860293"></trkpt>
    <trkpt lat="41.797665" lon="2.860242"></trkpt>
    <trkpt lat="41.797774" lon="2.860224"></trkpt>
    <trkpt lat="41.797928" lon="2.860230"></trkpt>
    <trkpt lat="41.798020" lon="2.860265"></trkpt>
    <trkpt lat="41.798185" lon="2.860362"></trkpt>
    <trkpt lat="41.798298" lon="2.860473"></trkpt>
    <trkpt lat="41.798367" lon="2.860579"></trkpt>
    <trkpt lat="41.798426" lon="2.860686"></trkpt>
    <trkpt lat="41.798807" lon="2.861614"></trkpt>
    <trkpt lat="41.798872" lon="2.861815"></trkpt>
    <trkpt lat="41.798916" lon="2.862019"></trkpt>
    <trkpt lat="41.798967" lon="2.862449"></trkpt>
    <trkpt lat="41.799003" lon="2.862872"></trkpt>
    <trkpt lat="41.799052" lon="2.863121"></trkpt>
    <trkpt lat="41.799127" lon="2.863387"></trkpt>
    <trkpt lat="41.799224" lon="2.863589"></trkpt>
    <trkpt lat="41.802192" lon="2.868056"></trkpt>
    <trkpt lat="41.802576" lon="2.868486"></trkpt>
    <trkpt lat="41.802717" lon="2.868618"></trkpt>
    <trkpt lat="41.805412" lon="2.871137"></trkpt>
    <trkpt lat="41.805443" lon="2.871167"></trkpt>
    <trkpt lat="41.807177" lon="2.872788"></trkpt>
    <trkpt lat="41.807922" lon="2.873490"></trkpt>
    <trkpt lat="41.808015" lon="2.873603"></trkpt>
    <trkpt lat="41.808082" lon="2.873691"></trkpt>
    <trkpt lat="41.808126" lon="2.873794"></trkpt>
    <trkpt lat="41.808130" lon="2.873813"></trkpt>
    <trkpt lat="41.808136" lon="2.873831"></trkpt>
    <trkpt lat="41.808143" lon="2.873848"></trkpt>
    <trkpt lat="41.808152" lon="2.873864"></trkpt>
    <trkpt lat="41.808163" lon="2.873878"></trkpt>
    <trkpt lat="41.808175" lon="2.873890"></trkpt>
    <trkpt lat="41.808187" lon="2.873899"></trkpt>
    <trkpt lat="41.808201" lon="2.873907"></trkpt>
    <trkpt lat="41.808215" lon="2.873912"></trkpt>
    <trkpt lat="41.808229" lon="2.873914"></trkpt>
    <trkpt lat="41.808244" lon="2.873914"></trkpt>
    <trkpt lat="41.808258" lon="2.873912"></trkpt>
    <trkpt lat="41.808272" lon="2.873907"></trkpt>
    <trkpt lat="41.808286" lon="2.873900"></trkpt>
    <trkpt lat="41.808457" lon="2.873993"></trkpt>
    <trkpt lat="41.808589" lon="2.874117"></trkpt>
    <trkpt lat="41.808850" lon="2.874365"></trkpt>
    <trkpt lat="41.808942" lon="2.874442"></trkpt>
    <trkpt lat="41.809013" lon="2.874515"></trkpt>
    <trkpt lat="41.809082" lon="2.874638"></trkpt>
    <trkpt lat="41.809080" lon="2.874659"></trkpt>
    <trkpt lat="41.809080" lon="2.874680"></trkpt>
    <trkpt lat="41.809083" lon="2.874701"></trkpt>
    <trkpt lat="41.809087" lon="2.874722"></trkpt>
    <trkpt lat="41.809094" lon="2.874741"></trkpt>
    <trkpt lat="41.809103" lon="2.874760"></trkpt>
    <trkpt lat="41.809113" lon="2.874777"></trkpt>
    <trkpt lat="41.809125" lon="2.874791"></trkpt>
    <trkpt lat="41.809139" lon="2.874803"></trkpt>
    <trkpt lat="41.809154" lon="2.874813"></trkpt>
    <trkpt lat="41.809169" lon="2.874819"></trkpt>
    <trkpt lat="41.809185" lon="2.874823"></trkpt>
    <trkpt lat="41.809202" lon="2.874824"></trkpt>
    <trkpt lat="41.809218" lon="2.874821"></trkpt>
    <trkpt lat="41.809328" lon="2.874843"></trkpt>
    <trkpt lat="41.809447" lon="2.874920"></trkpt>
    <trkpt lat="41.810012" lon="2.875421"></trkpt>
    <trkpt lat="41.810414" lon="2.875800"></trkpt>
    <trkpt lat="41.811785" lon="2.877095"></trkpt>
    <trkpt lat="41.812257" lon="2.877524"></trkpt>
    <trkpt lat="41.816122" lon="2.881038"></trkpt>
    <trkpt lat="41.816536" lon="2.881387"></trkpt>
    <trkpt lat="41.816631" lon="2.881466"></trkpt>
    <trkpt lat="41.818213" lon="2.882797"></trkpt>
    <trkpt lat="41.820432" lon="2.884784"></trkpt>
    <trkpt lat="41.821193" lon="2.885466"></trkpt>
    <trkpt lat="41.821717" lon="2.885935"></trkpt>
    <trkpt lat="41.823451" lon="2.887489"></trkpt>
    <trkpt lat="41.823680" lon="2.887693"></trkpt>
    <trkpt lat="41.824188" lon="2.888149"></trkpt>
    <trkpt lat="41.824653" lon="2.888565"></trkpt>
    <trkpt lat="41.824896" lon="2.888783"></trkpt>
    <trkpt lat="41.825062" lon="2.888932"></trkpt>
    <trkpt lat="41.825358" lon="2.889197"></trkpt>
    <trkpt lat="41.825821" lon="2.889271"></trkpt>
    <trkpt lat="41.826638" lon="2.889404"></trkpt>
    <trkpt lat="41.826649" lon="2.889405"></trkpt>
    <trkpt lat="41.828170" lon="2.889558"></trkpt>
    <trkpt lat="41.828609" lon="2.889592"></trkpt>
    <trkpt lat="41.828862" lon="2.889629"></trkpt>
    <trkpt lat="41.828992" lon="2.889638"></trkpt>
    <trkpt lat="41.829082" lon="2.889689"></trkpt>
    <trkpt lat="41.829111" lon="2.889721"></trkpt>
    <trkpt lat="41.829111" lon="2.889740"></trkpt>
    <trkpt lat="41.829113" lon="2.889759"></trkpt>
    <trkpt lat="41.829116" lon="2.889778"></trkpt>
    <trkpt lat="41.829120" lon="2.889796"></trkpt>
    <trkpt lat="41.829130" lon="2.889827"></trkpt>
    <trkpt lat="41.829145" lon="2.889855"></trkpt>
    <trkpt lat="41.829162" lon="2.889880"></trkpt>
    <trkpt lat="41.829183" lon="2.889900"></trkpt>
    <trkpt lat="41.829206" lon="2.889915"></trkpt>
    <trkpt lat="41.829229" lon="2.889925"></trkpt>
    <trkpt lat="41.829252" lon="2.889929"></trkpt>
    <trkpt lat="41.829276" lon="2.889929"></trkpt>
    <trkpt lat="41.829300" lon="2.889923"></trkpt>
    <trkpt lat="41.829370" lon="2.889978"></trkpt>
    <trkpt lat="41.829522" lon="2.890114"></trkpt>
    <trkpt lat="41.829595" lon="2.890265"></trkpt>
    <trkpt lat="41.829695" lon="2.890485"></trkpt>
    <trkpt lat="41.829790" lon="2.890688"></trkpt>
    <trkpt lat="41.829975" lon="2.891076"></trkpt>
    <trkpt lat="41.830050" lon="2.891234"></trkpt>
    <trkpt lat="41.830115" lon="2.891383"></trkpt>
    <trkpt lat="41.830178" lon="2.891612"></trkpt>
    <trkpt lat="41.830246" lon="2.891752"></trkpt>
    <trkpt lat="41.830310" lon="2.891897"></trkpt>
    <trkpt lat="41.830354" lon="2.891948"></trkpt>
    <trkpt lat="41.830399" lon="2.891942"></trkpt>
    <trkpt lat="41.830451" lon="2.891948"></trkpt>
    <trkpt lat="41.830664" lon="2.891833"></trkpt>
    <trkpt lat="41.830761" lon="2.891820"></trkpt>
    <trkpt lat="41.830768" lon="2.891817"></trkpt>
    <trkpt lat="41.830822" lon="2.891790"></trkpt>
    <trkpt lat="41.830941" lon="2.891739"></trkpt>
    <trkpt lat="41.831115" lon="2.891680"></trkpt>
    <trkpt lat="41.831236" lon="2.891645"></trkpt>
    <trkpt lat="41.831418" lon="2.891581"></trkpt>
    <trkpt lat="41.831798" lon="2.891502"></trkpt>
    <trkpt lat="41.832015" lon="2.891457"></trkpt>
    <trkpt lat="41.832413" lon="2.891376"></trkpt>
    <trkpt lat="41.832495" lon="2.891359"></trkpt>
    <trkpt lat="41.834523" lon="2.890944"></trkpt>
    <trkpt lat="41.834860" lon="2.890872"></trkpt>
    <trkpt lat="41.835840" lon="2.890661"></trkpt>
    <trkpt lat="41.836036" lon="2.890619"></trkpt>
    <trkpt lat="41.836155" lon="2.890593"></trkpt>
    <trkpt lat="41.837633" lon="2.890271"></trkpt>
    <trkpt lat="41.838208" lon="2.890152"></trkpt>
    <trkpt lat="41.841445" lon="2.889472"></trkpt>
    <trkpt lat="41.842643" lon="2.889221"></trkpt>
    <trkpt lat="41.843029" lon="2.889140"></trkpt>
    <trkpt lat="41.843169" lon="2.889121"></trkpt>
    <trkpt lat="41.843286" lon="2.889118"></trkpt>
    <trkpt lat="41.843380" lon="2.889128"></trkpt>
    <trkpt lat="41.843531" lon="2.889153"></trkpt>
    <trkpt lat="41.843635" lon="2.889180"></trkpt>
    <trkpt lat="41.843765" lon="2.889233"></trkpt>
    <trkpt lat="41.843855" lon="2.889281"></trkpt>
    <trkpt lat="41.843977" lon="2.889363"></trkpt>
    <trkpt lat="41.844034" lon="2.889449"></trkpt>
    <trkpt lat="41.844066" lon="2.889509"></trkpt>
    <trkpt lat="41.844099" lon="2.889570"></trkpt>
    <trkpt lat="41.844105" lon="2.889662"></trkpt>
    <trkpt lat="41.844137" lon="2.889743"></trkpt>
    <trkpt lat="41.844195" lon="2.889802"></trkpt>
    <trkpt lat="41.844265" lon="2.889823"></trkpt>
    <trkpt lat="41.844336" lon="2.889803"></trkpt>
    <trkpt lat="41.844434" lon="2.889835"></trkpt>
    <trkpt lat="41.844533" lon="2.889881"></trkpt>
    <trkpt lat="41.844882" lon="2.890275"></trkpt>
    <trkpt lat="41.844933" lon="2.890333"></trkpt>
    <trkpt lat="41.845014" lon="2.890291"></trkpt>
    <trkpt lat="41.845094" lon="2.890213"></trkpt>
    <trkpt lat="41.845228" lon="2.889867"></trkpt>
    <trkpt lat="41.845287" lon="2.889742"></trkpt>
    <trkpt lat="41.845361" lon="2.889609"></trkpt>
    <trkpt lat="41.845483" lon="2.889403"></trkpt>
    <trkpt lat="41.845572" lon="2.889285"></trkpt>
    <trkpt lat="41.845665" lon="2.889174"></trkpt>
    <trkpt lat="41.845797" lon="2.889040"></trkpt>
    <trkpt lat="41.845940" lon="2.888924"></trkpt>
    <trkpt lat="41.846086" lon="2.888818"></trkpt>
    <trkpt lat="41.846340" lon="2.888653"></trkpt>
    <trkpt lat="41.846544" lon="2.888488"></trkpt>
    <trkpt lat="41.846679" lon="2.888428"></trkpt>
    <trkpt lat="41.846834" lon="2.888370"></trkpt>
    <trkpt lat="41.847065" lon="2.888301"></trkpt>
    <trkpt lat="41.847275" lon="2.888244"></trkpt>
    <trkpt lat="41.847592" lon="2.888177"></trkpt>
    <trkpt lat="41.848104" lon="2.888069"></trkpt>
    <trkpt lat="41.850755" lon="2.887509"></trkpt>
    <trkpt lat="41.850932" lon="2.887471"></trkpt>
    <trkpt lat="41.851072" lon="2.887442"></trkpt>
    <trkpt lat="41.851369" lon="2.887379"></trkpt>
    <trkpt lat="41.852452" lon="2.887150"></trkpt>
    <trkpt lat="41.853076" lon="2.887018"></trkpt>
    <trkpt lat="41.854966" lon="2.886622"></trkpt>
    <trkpt lat="41.858574" lon="2.885865"></trkpt>
    <trkpt lat="41.858616" lon="2.885857"></trkpt>
    <trkpt lat="41.859289" lon="2.885716"></trkpt>
    <trkpt lat="41.859551" lon="2.885658"></trkpt>
    <trkpt lat="41.860991" lon="2.885366"></trkpt>
    <trkpt lat="41.862212" lon="2.885109"></trkpt>
    <trkpt lat="41.862549" lon="2.885038"></trkpt>
    <trkpt lat="41.862662" lon="2.885014"></trkpt>
    <trkpt lat="41.863460" lon="2.884845"></trkpt>
    <trkpt lat="41.865920" lon="2.884326"></trkpt>
    <trkpt lat="41.866217" lon="2.884269"></trkpt>
    <trkpt lat="41.867283" lon="2.884061"></trkpt>
    <trkpt lat="41.867798" lon="2.883961"></trkpt>
    <trkpt lat="41.868581" lon="2.883773"></trkpt>
    <trkpt lat="41.869520" lon="2.883575"></trkpt>
    <trkpt lat="41.870119" lon="2.883446"></trkpt>
    <trkpt lat="41.870651" lon="2.883324"></trkpt>
    <trkpt lat="41.870883" lon="2.883258"></trkpt>
    <trkpt lat="41.871047" lon="2.883198"></trkpt>
    <trkpt lat="41.871201" lon="2.883142"></trkpt>
    <trkpt lat="41.871501" lon="2.883006"></trkpt>
    <trkpt lat="41.871690" lon="2.882905"></trkpt>
    <trkpt lat="41.871763" lon="2.882864"></trkpt>
    <trkpt lat="41.872017" lon="2.882732"></trkpt>
    <trkpt lat="41.872082" lon="2.882714"></trkpt>
    <trkpt lat="41.872141" lon="2.882709"></trkpt>
    <trkpt lat="41.872167" lon="2.882736"></trkpt>
    <trkpt lat="41.872201" lon="2.882762"></trkpt>
    <trkpt lat="41.872237" lon="2.882774"></trkpt>
    <trkpt lat="41.872298" lon="2.882782"></trkpt>
    <trkpt lat="41.872338" lon="2.882770"></trkpt>
    <trkpt lat="41.872379" lon="2.882747"></trkpt>
    <trkpt lat="41.872431" lon="2.882685"></trkpt>
    <trkpt lat="41.872464" lon="2.882607"></trkpt>
    <trkpt lat="41.872474" lon="2.882541"></trkpt>
    <trkpt lat="41.872474" lon="2.882489"></trkpt>
    <trkpt lat="41.872508" lon="2.882420"></trkpt>
    <trkpt lat="41.872548" lon="2.882340"></trkpt>
    <trkpt lat="41.872600" lon="2.882266"></trkpt>
    <trkpt lat="41.872724" lon="2.882117"></trkpt>
    <trkpt lat="41.872909" lon="2.881940"></trkpt>
    <trkpt lat="41.873238" lon="2.881581"></trkpt>
    <trkpt lat="41.873277" lon="2.881533"></trkpt>
    <trkpt lat="41.873535" lon="2.881212"></trkpt>
    <trkpt lat="41.873579" lon="2.881144"></trkpt>
    <trkpt lat="41.873822" lon="2.880771"></trkpt>
    <trkpt lat="41.874006" lon="2.880463"></trkpt>
    <trkpt lat="41.874212" lon="2.880059"></trkpt>
    <trkpt lat="41.874399" lon="2.879664"></trkpt>
    <trkpt lat="41.874532" lon="2.879326"></trkpt>
    <trkpt lat="41.874664" lon="2.878915"></trkpt>
    <trkpt lat="41.874982" lon="2.877836"></trkpt>
    <trkpt lat="41.875267" lon="2.876908"></trkpt>
    <trkpt lat="41.875586" lon="2.876046"></trkpt>
    <trkpt lat="41.875834" lon="2.875569"></trkpt>
    <trkpt lat="41.876065" lon="2.875138"></trkpt>
    <trkpt lat="41.876991" lon="2.873685"></trkpt>
    <trkpt lat="41.877254" lon="2.873279"></trkpt>
    <trkpt lat="41.877668" lon="2.872623"></trkpt>
    <trkpt lat="41.877837" lon="2.872322"></trkpt>
    <trkpt lat="41.878030" lon="2.871932"></trkpt>
    <trkpt lat="41.878208" lon="2.871522"></trkpt>
    <trkpt lat="41.878337" lon="2.871211"></trkpt>
    <trkpt lat="41.878613" lon="2.870406"></trkpt>
    <trkpt lat="41.879027" lon="2.869222"></trkpt>
    <trkpt lat="41.879254" lon="2.868726"></trkpt>
    <trkpt lat="41.879497" lon="2.868256"></trkpt>
    <trkpt lat="41.879800" lon="2.867773"></trkpt>
    <trkpt lat="41.879966" lon="2.867528"></trkpt>
    <trkpt lat="41.880087" lon="2.867354"></trkpt>
    <trkpt lat="41.880394" lon="2.866971"></trkpt>
    <trkpt lat="41.880614" lon="2.866729"></trkpt>
    <trkpt lat="41.880679" lon="2.866659"></trkpt>
    <trkpt lat="41.880792" lon="2.866547"></trkpt>
    <trkpt lat="41.881194" lon="2.866170"></trkpt>
    <trkpt lat="41.881470" lon="2.865961"></trkpt>
    <trkpt lat="41.881802" lon="2.865732"></trkpt>
    <trkpt lat="41.883215" lon="2.864914"></trkpt>
    <trkpt lat="41.883863" lon="2.864540"></trkpt>
    <trkpt lat="41.884326" lon="2.864260"></trkpt>
    <trkpt lat="41.884980" lon="2.863840"></trkpt>
    <trkpt lat="41.885604" lon="2.863424"></trkpt>
    <trkpt lat="41.886119" lon="2.863071"></trkpt>
    <trkpt lat="41.886965" lon="2.862472"></trkpt>
    <trkpt lat="41.888109" lon="2.861630"></trkpt>
    <trkpt lat="41.888546" lon="2.861378"></trkpt>
    <trkpt lat="41.888705" lon="2.861282"></trkpt>
    <trkpt lat="41.889021" lon="2.861141"></trkpt>
    <trkpt lat="41.889888" lon="2.860779"></trkpt>
    <trkpt lat="41.890850" lon="2.860416"></trkpt>
    <trkpt lat="41.891815" lon="2.860071"></trkpt>
    <trkpt lat="41.892352" lon="2.859891"></trkpt>
    <trkpt lat="41.892870" lon="2.859765"></trkpt>
    <trkpt lat="41.893002" lon="2.859763"></trkpt>
    <trkpt lat="41.893073" lon="2.859770"></trkpt>
    <trkpt lat="41.893193" lon="2.859794"></trkpt>
    <trkpt lat="41.893207" lon="2.859824"></trkpt>
    <trkpt lat="41.893222" lon="2.859852"></trkpt>
    <trkpt lat="41.893240" lon="2.859878"></trkpt>
    <trkpt lat="41.893259" lon="2.859902"></trkpt>
    <trkpt lat="41.893288" lon="2.859931"></trkpt>
    <trkpt lat="41.893320" lon="2.859954"></trkpt>
    <trkpt lat="41.893354" lon="2.859972"></trkpt>
    <trkpt lat="41.893389" lon="2.859983"></trkpt>
    <trkpt lat="41.893425" lon="2.859988"></trkpt>
    <trkpt lat="41.893461" lon="2.859987"></trkpt>
    <trkpt lat="41.893497" lon="2.859979"></trkpt>
    <trkpt lat="41.893536" lon="2.859963"></trkpt>
    <trkpt lat="41.893572" lon="2.859939"></trkpt>
    <trkpt lat="41.893606" lon="2.859908"></trkpt>
    <trkpt lat="41.893636" lon="2.859871"></trkpt>
    <trkpt lat="41.893661" lon="2.859828"></trkpt>
    <trkpt lat="41.893682" lon="2.859781"></trkpt>
    <trkpt lat="41.893697" lon="2.859730"></trkpt>
    <trkpt lat="41.893888" lon="2.859590"></trkpt>
    <trkpt lat="41.894110" lon="2.859485"></trkpt>
    <trkpt lat="41.894651" lon="2.859401"></trkpt>
    <trkpt lat="41.895071" lon="2.859348"></trkpt>
    <trkpt lat="41.895478" lon="2.859345"></trkpt>
    <trkpt lat="41.895908" lon="2.859374"></trkpt>
    <trkpt lat="41.896080" lon="2.859403"></trkpt>
    <trkpt lat="41.896355" lon="2.859448"></trkpt>
    <trkpt lat="41.897207" lon="2.859616"></trkpt>
    <trkpt lat="41.897445" lon="2.859654"></trkpt>
    <trkpt lat="41.897765" lon="2.859717"></trkpt>
    <trkpt lat="41.898228" lon="2.859786"></trkpt>
    <trkpt lat="41.898601" lon="2.859793"></trkpt>
    <trkpt lat="41.898974" lon="2.859757"></trkpt>
    <trkpt lat="41.899237" lon="2.859699"></trkpt>
    <trkpt lat="41.899462" lon="2.859644"></trkpt>
    <trkpt lat="41.899952" lon="2.859435"></trkpt>
    <trkpt lat="41.900435" lon="2.859149"></trkpt>
    <trkpt lat="41.900882" lon="2.858812"></trkpt>
    <trkpt lat="41.901012" lon="2.858714"></trkpt>
    <trkpt lat="41.901188" lon="2.858581"></trkpt>
    <trkpt lat="41.901742" lon="2.858156"></trkpt>
    <trkpt lat="41.902259" lon="2.857756"></trkpt>
    <trkpt lat="41.902370" lon="2.857671"></trkpt>
    <trkpt lat="41.902686" lon="2.857427"></trkpt>
    <trkpt lat="41.902821" lon="2.857310"></trkpt>
    <trkpt lat="41.902950" lon="2.857188"></trkpt>
    <trkpt lat="41.903037" lon="2.857089"></trkpt>
    <trkpt lat="41.903164" lon="2.856944"></trkpt>
    <trkpt lat="41.903241" lon="2.856845"></trkpt>
    <trkpt lat="41.903350" lon="2.856677"></trkpt>
    <trkpt lat="41.903448" lon="2.856507"></trkpt>
    <trkpt lat="41.903589" lon="2.856263"></trkpt>
    <trkpt lat="41.903803" lon="2.855901"></trkpt>
    <trkpt lat="41.904008" lon="2.855611"></trkpt>
    <trkpt lat="41.904284" lon="2.855158"></trkpt>
    <trkpt lat="41.904321" lon="2.855095"></trkpt>
    <trkpt lat="41.904458" lon="2.854864"></trkpt>
    <trkpt lat="41.904541" lon="2.854733"></trkpt>
    <trkpt lat="41.904585" lon="2.854671"></trkpt>
    <trkpt lat="41.904650" lon="2.854580"></trkpt>
    <trkpt lat="41.904760" lon="2.854443"></trkpt>
    <trkpt lat="41.904880" lon="2.854315"></trkpt>
    <trkpt lat="41.904998" lon="2.854205"></trkpt>
    <trkpt lat="41.905143" lon="2.854093"></trkpt>
    <trkpt lat="41.905227" lon="2.854034"></trkpt>
    <trkpt lat="41.905270" lon="2.854004"></trkpt>
    <trkpt lat="41.905408" lon="2.853918"></trkpt>
    <trkpt lat="41.905554" lon="2.853837"></trkpt>
    <trkpt lat="41.905708" lon="2.853765"></trkpt>
    <trkpt lat="41.905864" lon="2.853705"></trkpt>
    <trkpt lat="41.905970" lon="2.853645"></trkpt>
    <trkpt lat="41.906009" lon="2.853633"></trkpt>
    <trkpt lat="41.906110" lon="2.853602"></trkpt>
    <trkpt lat="41.906734" lon="2.853418"></trkpt>
    <trkpt lat="41.907032" lon="2.853324"></trkpt>
    <trkpt lat="41.907149" lon="2.853288"></trkpt>
    <trkpt lat="41.907175" lon="2.853282"></trkpt>
    <trkpt lat="41.907204" lon="2.853269"></trkpt>
    <trkpt lat="41.907345" lon="2.853227"></trkpt>
    <trkpt lat="41.907977" lon="2.853013"></trkpt>
    <trkpt lat="41.908415" lon="2.852879"></trkpt>
    <trkpt lat="41.908682" lon="2.852797"></trkpt>
    <trkpt lat="41.909839" lon="2.852445"></trkpt>
    <trkpt lat="41.910657" lon="2.852195"></trkpt>
    <trkpt lat="41.911678" lon="2.851884"></trkpt>
    <trkpt lat="41.912412" lon="2.851660"></trkpt>
    <trkpt lat="41.913119" lon="2.851432"></trkpt>
    <trkpt lat="41.913626" lon="2.851287"></trkpt>
    <trkpt lat="41.914289" lon="2.851087"></trkpt>
    <trkpt lat="41.914436" lon="2.851043"></trkpt>
    <trkpt lat="41.915140" lon="2.850882"></trkpt>
    <trkpt lat="41.915245" lon="2.850876"></trkpt>
    <trkpt lat="41.915337" lon="2.850899"></trkpt>
    <trkpt lat="41.915420" lon="2.850972"></trkpt>
    <trkpt lat="41.915466" lon="2.851027"></trkpt>
    <trkpt lat="41.915521" lon="2.851061"></trkpt>
    <trkpt lat="41.915582" lon="2.851069"></trkpt>
    <trkpt lat="41.915641" lon="2.851052"></trkpt>
    <trkpt lat="41.915694" lon="2.851010"></trkpt>
    <trkpt lat="41.915734" lon="2.850949"></trkpt>
    <trkpt lat="41.915840" lon="2.850836"></trkpt>
    <trkpt lat="41.915922" lon="2.850790"></trkpt>
    <trkpt lat="41.916068" lon="2.850761"></trkpt>
    <trkpt lat="41.917396" lon="2.850687"></trkpt>
    <trkpt lat="41.920219" lon="2.850598"></trkpt>
    <trkpt lat="41.920978" lon="2.850573"></trkpt>
    <trkpt lat="41.921945" lon="2.850540"></trkpt>
    <trkpt lat="41.922083" lon="2.850534"></trkpt>
    <trkpt lat="41.922329" lon="2.850524"></trkpt>
    <trkpt lat="41.922785" lon="2.850503"></trkpt>
    <trkpt lat="41.923202" lon="2.850493"></trkpt>
    <trkpt lat="41.923640" lon="2.850483"></trkpt>
    <trkpt lat="41.923878" lon="2.850475"></trkpt>
    <trkpt lat="41.924392" lon="2.850457"></trkpt>
    <trkpt lat="41.924977" lon="2.850437"></trkpt>
    <trkpt lat="41.925513" lon="2.850418"></trkpt>
    <trkpt lat="41.926152" lon="2.850380"></trkpt>
    <trkpt lat="41.926231" lon="2.850371"></trkpt>
    <trkpt lat="41.926482" lon="2.850343"></trkpt>
    <trkpt lat="41.926823" lon="2.850244"></trkpt>
    <trkpt lat="41.926966" lon="2.850203"></trkpt>
    <trkpt lat="41.927311" lon="2.850052"></trkpt>
    <trkpt lat="41.927851" lon="2.849675"></trkpt>
    <trkpt lat="41.927894" lon="2.849645"></trkpt>
    <trkpt lat="41.928407" lon="2.849286"></trkpt>
    <trkpt lat="41.929005" lon="2.848872"></trkpt>
    <trkpt lat="41.929312" lon="2.848647"></trkpt>
    <trkpt lat="41.929525" lon="2.848491"></trkpt>
    <trkpt lat="41.929756" lon="2.848326"></trkpt>
    <trkpt lat="41.929951" lon="2.848210"></trkpt>
    <trkpt lat="41.930055" lon="2.848148"></trkpt>
    <trkpt lat="41.930423" lon="2.847875"></trkpt>
    <trkpt lat="41.930522" lon="2.847777"></trkpt>
    <trkpt lat="41.930600" lon="2.847705"></trkpt>
    <trkpt lat="41.930739" lon="2.847543"></trkpt>
    <trkpt lat="41.930794" lon="2.847480"></trkpt>
    <trkpt lat="41.931049" lon="2.847182"></trkpt>
    <trkpt lat="41.931070" lon="2.847157"></trkpt>
    <trkpt lat="41.931312" lon="2.846865"></trkpt>
    <trkpt lat="41.931547" lon="2.846576"></trkpt>
    <trkpt lat="41.931771" lon="2.846291"></trkpt>
    <trkpt lat="41.931982" lon="2.846005"></trkpt>
    <trkpt lat="41.932101" lon="2.845844"></trkpt>
    <trkpt lat="41.932229" lon="2.845616"></trkpt>
    <trkpt lat="41.932378" lon="2.845401"></trkpt>
    <trkpt lat="41.932569" lon="2.845091"></trkpt>
    <trkpt lat="41.932678" lon="2.844874"></trkpt>
    <trkpt lat="41.932730" lon="2.844766"></trkpt>
    <trkpt lat="41.932796" lon="2.844612"></trkpt>
    <trkpt lat="41.932849" lon="2.844491"></trkpt>
    <trkpt lat="41.932912" lon="2.844333"></trkpt>
    <trkpt lat="41.933038" lon="2.843985"></trkpt>
    <trkpt lat="41.933129" lon="2.843720"></trkpt>
    <trkpt lat="41.933307" lon="2.843215"></trkpt>
    <trkpt lat="41.933425" lon="2.842886"></trkpt>
    <trkpt lat="41.933570" lon="2.842495"></trkpt>
    <trkpt lat="41.933760" lon="2.842045"></trkpt>
    <trkpt lat="41.933883" lon="2.841778"></trkpt>
    <trkpt lat="41.934030" lon="2.841500"></trkpt>
    <trkpt lat="41.934300" lon="2.841095"></trkpt>
    <trkpt lat="41.934642" lon="2.840607"></trkpt>
    <trkpt lat="41.934954" lon="2.840120"></trkpt>
    <trkpt lat="41.935249" lon="2.839606"></trkpt>
    <trkpt lat="41.935350" lon="2.839409"></trkpt>
    <trkpt lat="41.935431" lon="2.839231"></trkpt>
    <trkpt lat="41.935519" lon="2.839038"></trkpt>
    <trkpt lat="41.935657" lon="2.838697"></trkpt>
    <trkpt lat="41.935792" lon="2.838322"></trkpt>
    <trkpt lat="41.935910" lon="2.837936"></trkpt>
    <trkpt lat="41.935984" lon="2.837682"></trkpt>
    <trkpt lat="41.936120" lon="2.837124"></trkpt>
    <trkpt lat="41.936275" lon="2.836446"></trkpt>
    <trkpt lat="41.936381" lon="2.835895"></trkpt>
    <trkpt lat="41.936463" lon="2.835471"></trkpt>
    <trkpt lat="41.936504" lon="2.835262"></trkpt>
    <trkpt lat="41.936638" lon="2.834391"></trkpt>
    <trkpt lat="41.936748" lon="2.833521"></trkpt>
    <trkpt lat="41.936860" lon="2.832473"></trkpt>
    <trkpt lat="41.936919" lon="2.831721"></trkpt>
    <trkpt lat="41.936958" lon="2.830866"></trkpt>
    <trkpt lat="41.936988" lon="2.829934"></trkpt>
    <trkpt lat="41.936992" lon="2.829317"></trkpt>
    <trkpt lat="41.936992" lon="2.828541"></trkpt>
    <trkpt lat="41.937026" lon="2.827764"></trkpt>
    <trkpt lat="41.937114" lon="2.827011"></trkpt>
    <trkpt lat="41.937187" lon="2.826572"></trkpt>
    <trkpt lat="41.937206" lon="2.826459"></trkpt>
    <trkpt lat="41.937235" lon="2.826318"></trkpt>
    <trkpt lat="41.937310" lon="2.825961"></trkpt>
    <trkpt lat="41.937387" lon="2.825638"></trkpt>
    <trkpt lat="41.937526" lon="2.825147"></trkpt>
    <trkpt lat="41.937640" lon="2.824780"></trkpt>
    <trkpt lat="41.937808" lon="2.824288"></trkpt>
    <trkpt lat="41.937973" lon="2.823850"></trkpt>
    <trkpt lat="41.938175" lon="2.823380"></trkpt>
    <trkpt lat="41.938461" lon="2.822755"></trkpt>
    <trkpt lat="41.938773" lon="2.822121"></trkpt>
    <trkpt lat="41.938991" lon="2.821699"></trkpt>
    <trkpt lat="41.939153" lon="2.821408"></trkpt>
    <trkpt lat="41.939315" lon="2.821128"></trkpt>
    <trkpt lat="41.939494" lon="2.820820"></trkpt>
    <trkpt lat="41.939739" lon="2.820415"></trkpt>
    <trkpt lat="41.939907" lon="2.820148"></trkpt>
    <trkpt lat="41.940095" lon="2.819859"></trkpt>
    <trkpt lat="41.940231" lon="2.819656"></trkpt>
    <trkpt lat="41.940272" lon="2.819591"></trkpt>
    <trkpt lat="41.940376" lon="2.819430"></trkpt>
    <trkpt lat="41.940534" lon="2.819249"></trkpt>
    <trkpt lat="41.940556" lon="2.819219"></trkpt>
    <trkpt lat="41.940705" lon="2.819014"></trkpt>
    <trkpt lat="41.941020" lon="2.818605"></trkpt>
    <trkpt lat="41.941191" lon="2.818390"></trkpt>
    <trkpt lat="41.941531" lon="2.817973"></trkpt>
    <trkpt lat="41.941623" lon="2.817864"></trkpt>
    <trkpt lat="41.941850" lon="2.817593"></trkpt>
    <trkpt lat="41.942084" lon="2.817331"></trkpt>
    <trkpt lat="41.942295" lon="2.817102"></trkpt>
    <trkpt lat="41.942439" lon="2.816954"></trkpt>
    <trkpt lat="41.942608" lon="2.816781"></trkpt>
    <trkpt lat="41.942760" lon="2.816622"></trkpt>
    <trkpt lat="41.942839" lon="2.816522"></trkpt>
    <trkpt lat="41.943065" lon="2.816325"></trkpt>
    <trkpt lat="41.943324" lon="2.816118"></trkpt>
    <trkpt lat="41.943520" lon="2.815967"></trkpt>
    <trkpt lat="41.943742" lon="2.815810"></trkpt>
    <trkpt lat="41.944113" lon="2.815571"></trkpt>
    <trkpt lat="41.944516" lon="2.815342"></trkpt>
    <trkpt lat="41.944942" lon="2.815135"></trkpt>
    <trkpt lat="41.945174" lon="2.815030"></trkpt>
    <trkpt lat="41.945511" lon="2.814899"></trkpt>
    <trkpt lat="41.946037" lon="2.814708"></trkpt>
    <trkpt lat="41.946556" lon="2.814523"></trkpt>
    <trkpt lat="41.946791" lon="2.814437"></trkpt>
    <trkpt lat="41.946970" lon="2.814367"></trkpt>
    <trkpt lat="41.947175" lon="2.814279"></trkpt>
    <trkpt lat="41.947377" lon="2.814178"></trkpt>
    <trkpt lat="41.947612" lon="2.814055"></trkpt>
    <trkpt lat="41.948036" lon="2.813799"></trkpt>
    <trkpt lat="41.948291" lon="2.813641"></trkpt>
    <trkpt lat="41.948373" lon="2.813595"></trkpt>
    <trkpt lat="41.948854" lon="2.813314"></trkpt>
    <trkpt lat="41.948902" lon="2.813290"></trkpt>
    <trkpt lat="41.949013" lon="2.813237"></trkpt>
    <trkpt lat="41.949227" lon="2.813135"></trkpt>
    <trkpt lat="41.949440" lon="2.813051"></trkpt>
    <trkpt lat="41.949626" lon="2.812986"></trkpt>
    <trkpt lat="41.949634" lon="2.812984"></trkpt>
    <trkpt lat="41.949878" lon="2.812925"></trkpt>
    <trkpt lat="41.950140" lon="2.812868"></trkpt>
    <trkpt lat="41.950409" lon="2.812825"></trkpt>
    <trkpt lat="41.950588" lon="2.812810"></trkpt>
    <trkpt lat="41.950767" lon="2.812802"></trkpt>
    <trkpt lat="41.951057" lon="2.812800"></trkpt>
    <trkpt lat="41.951649" lon="2.812829"></trkpt>
    <trkpt lat="41.952004" lon="2.812839"></trkpt>
    <trkpt lat="41.952416" lon="2.812822"></trkpt>
    <trkpt lat="41.952821" lon="2.812785"></trkpt>
    <trkpt lat="41.953120" lon="2.812739"></trkpt>
    <trkpt lat="41.953412" lon="2.812676"></trkpt>
    <trkpt lat="41.953665" lon="2.812615"></trkpt>
    <trkpt lat="41.953915" lon="2.812531"></trkpt>
    <trkpt lat="41.954124" lon="2.812472"></trkpt>
    <trkpt lat="41.954362" lon="2.812364"></trkpt>
    <trkpt lat="41.954480" lon="2.812296"></trkpt>
    <trkpt lat="41.954700" lon="2.812209"></trkpt>
    <trkpt lat="41.954970" lon="2.812032"></trkpt>
    <trkpt lat="41.955380" lon="2.811739"></trkpt>
    <trkpt lat="41.955582" lon="2.811558"></trkpt>
    <trkpt lat="41.955817" lon="2.811309"></trkpt>
    <trkpt lat="41.956094" lon="2.810960"></trkpt>
    <trkpt lat="41.956300" lon="2.810677"></trkpt>
    <trkpt lat="41.956365" lon="2.810626"></trkpt>
    <trkpt lat="41.956397" lon="2.810601"></trkpt>
    <trkpt lat="41.956441" lon="2.810606"></trkpt>
    <trkpt lat="41.956473" lon="2.810605"></trkpt>
    <trkpt lat="41.956482" lon="2.810604"></trkpt>
    <trkpt lat="41.956507" lon="2.810599"></trkpt>
    <trkpt lat="41.956537" lon="2.810590"></trkpt>
    <trkpt lat="41.956568" lon="2.810577"></trkpt>
    <trkpt lat="41.956608" lon="2.810554"></trkpt>
    <trkpt lat="41.956636" lon="2.810533"></trkpt>
    <trkpt lat="41.956663" lon="2.810508"></trkpt>
    <trkpt lat="41.956678" lon="2.810490"></trkpt>
    <trkpt lat="41.956695" lon="2.810470"></trkpt>
    <trkpt lat="41.956724" lon="2.810427"></trkpt>
    <trkpt lat="41.956749" lon="2.810380"></trkpt>
    <trkpt lat="41.956765" lon="2.810342"></trkpt>
    <trkpt lat="41.956878" lon="2.810242"></trkpt>
    <trkpt lat="41.956949" lon="2.810195"></trkpt>
    <trkpt lat="41.957068" lon="2.810095"></trkpt>
    <trkpt lat="41.957338" lon="2.809961"></trkpt>
    <trkpt lat="41.957528" lon="2.809875"></trkpt>
    <trkpt lat="41.957605" lon="2.809849"></trkpt>
    <trkpt lat="41.957867" lon="2.809780"></trkpt>
    <trkpt lat="41.958020" lon="2.809759"></trkpt>
    <trkpt lat="41.958160" lon="2.809746"></trkpt>
    <trkpt lat="41.958301" lon="2.809747"></trkpt>
    <trkpt lat="41.958433" lon="2.809758"></trkpt>
    <trkpt lat="41.958598" lon="2.809785"></trkpt>
    <trkpt lat="41.958737" lon="2.809820"></trkpt>
    <trkpt lat="41.958970" lon="2.809896"></trkpt>
    <trkpt lat="41.959013" lon="2.809910"></trkpt>
    <trkpt lat="41.959513" lon="2.810123"></trkpt>
    <trkpt lat="41.960090" lon="2.810351"></trkpt>
    <trkpt lat="41.960270" lon="2.810476"></trkpt>
    <trkpt lat="41.960362" lon="2.810570"></trkpt>
    <trkpt lat="41.960441" lon="2.810687"></trkpt>
    <trkpt lat="41.960537" lon="2.810788"></trkpt>
    <trkpt lat="41.960613" lon="2.810883"></trkpt>
    <trkpt lat="41.960689" lon="2.810960"></trkpt>
    <trkpt lat="41.960779" lon="2.811012"></trkpt>
    <trkpt lat="41.960852" lon="2.811050"></trkpt>
    <trkpt lat="41.960962" lon="2.811083"></trkpt>
    <trkpt lat="41.961041" lon="2.811094"></trkpt>
    <trkpt lat="41.961120" lon="2.811091"></trkpt>
    <trkpt lat="41.961162" lon="2.811080"></trkpt>
    <trkpt lat="41.961240" lon="2.811054"></trkpt>
    <trkpt lat="41.961283" lon="2.811031"></trkpt>
    <trkpt lat="41.961310" lon="2.811009"></trkpt>
    <trkpt lat="41.961321" lon="2.810988"></trkpt>
    <trkpt lat="41.961410" lon="2.811005"></trkpt>
    <trkpt lat="41.961507" lon="2.810997"></trkpt>
    <trkpt lat="41.961625" lon="2.810997"></trkpt>
    <trkpt lat="41.961687" lon="2.810997"></trkpt>
    <trkpt lat="41.961719" lon="2.811010"></trkpt>
    <trkpt lat="41.962062" lon="2.811152"></trkpt>
    <trkpt lat="41.962292" lon="2.811245"></trkpt>
    <trkpt lat="41.962498" lon="2.811330"></trkpt>
    <trkpt lat="41.962617" lon="2.811379"></trkpt>
    <trkpt lat="41.962831" lon="2.811466"></trkpt>
    <trkpt lat="41.962844" lon="2.811471"></trkpt>
    <trkpt lat="41.962904" lon="2.811496"></trkpt>
    <trkpt lat="41.962968" lon="2.811523"></trkpt>
    <trkpt lat="41.963008" lon="2.811541"></trkpt>
    <trkpt lat="41.963190" lon="2.811614"></trkpt>
    <trkpt lat="41.963766" lon="2.811847"></trkpt>
    <trkpt lat="41.963872" lon="2.811890"></trkpt>
    <trkpt lat="41.964029" lon="2.811954"></trkpt>
    <trkpt lat="41.964099" lon="2.811982"></trkpt>
    <trkpt lat="41.964150" lon="2.812002"></trkpt>
    <trkpt lat="41.964216" lon="2.812028"></trkpt>
    <trkpt lat="41.965056" lon="2.812364"></trkpt>
    <trkpt lat="41.965112" lon="2.812386"></trkpt>
    <trkpt lat="41.966170" lon="2.812812"></trkpt>
    <trkpt lat="41.966240" lon="2.812840"></trkpt>
    <trkpt lat="41.966269" lon="2.812852"></trkpt>
    <trkpt lat="41.966765" lon="2.813053"></trkpt>
    <trkpt lat="41.967258" lon="2.813253"></trkpt>
    <trkpt lat="41.967537" lon="2.813366"></trkpt>
    <trkpt lat="41.967626" lon="2.813402"></trkpt>
    <trkpt lat="41.968045" lon="2.813572"></trkpt>
    <trkpt lat="41.968626" lon="2.813806"></trkpt>
    <trkpt lat="41.968709" lon="2.813839"></trkpt>
    <trkpt lat="41.968904" lon="2.813918"></trkpt>
    <trkpt lat="41.969205" lon="2.814037"></trkpt>
    <trkpt lat="41.969739" lon="2.814230"></trkpt>
    <trkpt lat="41.969817" lon="2.814249"></trkpt>
    <trkpt lat="41.969968" lon="2.814315"></trkpt>
    <trkpt lat="41.970118" lon="2.814377"></trkpt>
    <trkpt lat="41.970203" lon="2.814443"></trkpt>
    <trkpt lat="41.970321" lon="2.814494"></trkpt>
    <trkpt lat="41.970393" lon="2.814525"></trkpt>
    <trkpt lat="41.970715" lon="2.814657"></trkpt>
    <trkpt lat="41.971322" lon="2.814903"></trkpt>
    <trkpt lat="41.971400" lon="2.814935"></trkpt>
    <trkpt lat="41.971463" lon="2.814960"></trkpt>
    <trkpt lat="41.971569" lon="2.815003"></trkpt>
    <trkpt lat="41.971649" lon="2.815035"></trkpt>
    <trkpt lat="41.971814" lon="2.815102"></trkpt>
    <trkpt lat="41.971918" lon="2.815139"></trkpt>
    <trkpt lat="41.972057" lon="2.815193"></trkpt>
    <trkpt lat="41.972238" lon="2.815266"></trkpt>
    <trkpt lat="41.972329" lon="2.815305"></trkpt>
    <trkpt lat="41.972423" lon="2.815344"></trkpt>
    <trkpt lat="41.972825" lon="2.815503"></trkpt>
    <trkpt lat="41.972879" lon="2.815525"></trkpt>
    <trkpt lat="41.973360" lon="2.815718"></trkpt>
    <trkpt lat="41.973488" lon="2.815769"></trkpt>
    <trkpt lat="41.973661" lon="2.815838"></trkpt>
    <trkpt lat="41.973793" lon="2.815890"></trkpt>
    <trkpt lat="41.974033" lon="2.815991"></trkpt>
    <trkpt lat="41.974621" lon="2.816227"></trkpt>
    <trkpt lat="41.974680" lon="2.816251"></trkpt>
    <trkpt lat="41.975419" lon="2.816552"></trkpt>
    <trkpt lat="41.975497" lon="2.816583"></trkpt>
    <trkpt lat="41.975534" lon="2.816598"></trkpt>
    <trkpt lat="41.975587" lon="2.816624"></trkpt>
    <trkpt lat="41.975659" lon="2.816657"></trkpt>
    <trkpt lat="41.975728" lon="2.816685"></trkpt>
    <trkpt lat="41.976416" lon="2.816957"></trkpt>
    <trkpt lat="41.976487" lon="2.816985"></trkpt>
    <trkpt lat="41.976587" lon="2.817025"></trkpt>
    <trkpt lat="41.976617" lon="2.817038"></trkpt>
    <trkpt lat="41.976705" lon="2.817079"></trkpt>
    <trkpt lat="41.976851" lon="2.817138"></trkpt>
    <trkpt lat="41.977264" lon="2.817305"></trkpt>
    <trkpt lat="41.977402" lon="2.817361"></trkpt>
    <trkpt lat="41.977426" lon="2.817370"></trkpt>
    <trkpt lat="41.978017" lon="2.817610"></trkpt>
    <trkpt lat="41.978093" lon="2.817641"></trkpt>
    <trkpt lat="41.978048" lon="2.817868"></trkpt>
    <trkpt lat="41.977961" lon="2.818296"></trkpt>
    <trkpt lat="41.977905" lon="2.818573"></trkpt>
    <trkpt lat="41.977883" lon="2.818683"></trkpt>
    <trkpt lat="41.977860" lon="2.818790"></trkpt>
    <trkpt lat="41.977841" lon="2.818894"></trkpt>
    <trkpt lat="41.977816" lon="2.819015"></trkpt>
    <trkpt lat="41.977710" lon="2.819543"></trkpt>
    <trkpt lat="41.977694" lon="2.819619"></trkpt>
    <trkpt lat="41.977629" lon="2.819943"></trkpt>
    <trkpt lat="41.977623" lon="2.819974"></trkpt>
    <trkpt lat="41.977858" lon="2.820088"></trkpt>
    <trkpt lat="41.978211" lon="2.820256"></trkpt>
    <trkpt lat="41.978401" lon="2.820344"></trkpt>
    <trkpt lat="41.978498" lon="2.820406"></trkpt>
    <trkpt lat="41.978580" lon="2.820458"></trkpt>
    <trkpt lat="41.978672" lon="2.820536"></trkpt>
    <trkpt lat="41.979125" lon="2.820950"></trkpt>
    <trkpt lat="41.979145" lon="2.820968"></trkpt>
    <trkpt lat="41.979315" lon="2.821123"></trkpt>
    <trkpt lat="41.979330" lon="2.821137"></trkpt>
    <trkpt lat="41.979358" lon="2.821163"></trkpt>
    <trkpt lat="41.979408" lon="2.821213"></trkpt>
    <trkpt lat="41.979370" lon="2.821299"></trkpt>
    <trkpt lat="41.979345" lon="2.821350"></trkpt>
    </trkseg>
  </trk>
</gpx>