<?xml version="1.0" encoding="UTF-8"?>
<gpx version="1.1" creator="loops.ie"
  xmlns="http://www.topografix.com/GPX/1/1"
  xmlns:xsi="http://www.w3.org/2001/XMLSchema-instance"
  xsi:schemaLocation="http://www.topografix.com/GPX/1/1 http://www.topografix.com/GPX/1/1/gpx.xsd">
  <metadata>
    <name>Rocacorba Gravel</name>
    <desc>The gravel variant of Girona&apos;s benchmark climb. Approaches Rocacorba via forest tracks and dirt roads through Camós before the famous summit, then descends to Banyoles lake for the return.</desc>
    <author><name>loops.ie</name></author>
    <time>2026-03-20T13:58:56.227Z</time>
  </metadata>
  <trk>
    <name>Rocacorba Gravel</name>
    <type>gravel</type>
    <trkseg>
    <trkpt lat="41.979345" lon="2.821350"></trkpt>
    <trkpt lat="41.979190" lon="2.821659"></trkpt>
    <trkpt lat="41.978878" lon="2.822282"></trkpt>
    <trkpt lat="41.978852" lon="2.822328"></trkpt>
    <trkpt lat="41.978777" lon="2.822384"></trkpt>
    <trkpt lat="41.978741" lon="2.822304"></trkpt>
    <trkpt lat="41.978735" lon="2.822271"></trkpt>
    <trkpt lat="41.978644" lon="2.822065"></trkpt>
    <trkpt lat="41.978541" lon="2.821888"></trkpt>
    <trkpt lat="41.978350" lon="2.821748"></trkpt>
    <trkpt lat="41.978294" lon="2.821711"></trkpt>
    <trkpt lat="41.978234" lon="2.821673"></trkpt>
    <trkpt lat="41.978264" lon="2.821534"></trkpt>
    <trkpt lat="41.978476" lon="2.820510"></trkpt>
    <trkpt lat="41.978498" lon="2.820406"></trkpt>
    <trkpt lat="41.978527" lon="2.820250"></trkpt>
    <trkpt lat="41.978622" lon="2.819780"></trkpt>
    <trkpt lat="41.978642" lon="2.819737"></trkpt>
    <trkpt lat="41.978733" lon="2.819290"></trkpt>
    <trkpt lat="41.978764" lon="2.819152"></trkpt>
    <trkpt lat="41.978796" lon="2.819009"></trkpt>
    <trkpt lat="41.978975" lon="2.818180"></trkpt>
    <trkpt lat="41.979011" lon="2.818010"></trkpt>
    <trkpt lat="41.979291" lon="2.818128"></trkpt>
    <trkpt lat="41.979522" lon="2.818219"></trkpt>
    <trkpt lat="41.979589" lon="2.818245"></trkpt>
    <trkpt lat="41.979935" lon="2.818382"></trkpt>
    <trkpt lat="41.980069" lon="2.818438"></trkpt>
    <trkpt lat="41.980146" lon="2.818470"></trkpt>
    <trkpt lat="41.980391" lon="2.818571"></trkpt>
    <trkpt lat="41.980443" lon="2.818589"></trkpt>
    <trkpt lat="41.980579" lon="2.818641"></trkpt>
    <trkpt lat="41.980691" lon="2.818690"></trkpt>
    <trkpt lat="41.980819" lon="2.818744"></trkpt>
    <trkpt lat="41.980945" lon="2.818795"></trkpt>
    <trkpt lat="41.981024" lon="2.818827"></trkpt>
    <trkpt lat="41.981516" lon="2.819028"></trkpt>
    <trkpt lat="41.981637" lon="2.819077"></trkpt>
    <trkpt lat="41.981735" lon="2.819040"></trkpt>
    <trkpt lat="41.981907" lon="2.818974"></trkpt>
    <trkpt lat="41.982148" lon="2.818882"></trkpt>
    <trkpt lat="41.982168" lon="2.818878"></trkpt>
    <trkpt lat="41.982272" lon="2.818839"></trkpt>
    <trkpt lat="41.982339" lon="2.818811"></trkpt>
    <trkpt lat="41.982697" lon="2.818696"></trkpt>
    <trkpt lat="41.982868" lon="2.818638"></trkpt>
    <trkpt lat="41.982936" lon="2.818595"></trkpt>
    <trkpt lat="41.982971" lon="2.818572"></trkpt>
    <trkpt lat="41.983232" lon="2.818396"></trkpt>
    <trkpt lat="41.983288" lon="2.818359"></trkpt>
    <trkpt lat="41.983312" lon="2.818343"></trkpt>
    <trkpt lat="41.983385" lon="2.818293"></trkpt>
    <trkpt lat="41.983439" lon="2.818256"></trkpt>
    <trkpt lat="41.983472" lon="2.818234"></trkpt>
    <trkpt lat="41.983557" lon="2.818177"></trkpt>
    <trkpt lat="41.983633" lon="2.818125"></trkpt>
    <trkpt lat="41.984108" lon="2.817803"></trkpt>
    <trkpt lat="41.984452" lon="2.817572"></trkpt>
    <trkpt lat="41.984587" lon="2.817471"></trkpt>
    <trkpt lat="41.984725" lon="2.817439"></trkpt>
    <trkpt lat="41.984786" lon="2.817425"></trkpt>
    <trkpt lat="41.984807" lon="2.817444"></trkpt>
    <trkpt lat="41.984826" lon="2.817456"></trkpt>
    <trkpt lat="41.984850" lon="2.817468"></trkpt>
    <trkpt lat="41.984889" lon="2.817480"></trkpt>
    <trkpt lat="41.984920" lon="2.817483"></trkpt>
    <trkpt lat="41.984955" lon="2.817478"></trkpt>
    <trkpt lat="41.984993" lon="2.817465"></trkpt>
    <trkpt lat="41.985017" lon="2.817452"></trkpt>
    <trkpt lat="41.985031" lon="2.817441"></trkpt>
    <trkpt lat="41.985059" lon="2.817413"></trkpt>
    <trkpt lat="41.985092" lon="2.817369"></trkpt>
    <trkpt lat="41.985116" lon="2.817316"></trkpt>
    <trkpt lat="41.985130" lon="2.817272"></trkpt>
    <trkpt lat="41.985137" lon="2.817226"></trkpt>
    <trkpt lat="41.985140" lon="2.817178"></trkpt>
    <trkpt lat="41.985139" lon="2.817143"></trkpt>
    <trkpt lat="41.985135" lon="2.817123"></trkpt>
    <trkpt lat="41.985129" lon="2.817088"></trkpt>
    <trkpt lat="41.985118" lon="2.817054"></trkpt>
    <trkpt lat="41.985110" lon="2.817030"></trkpt>
    <trkpt lat="41.985095" lon="2.817002"></trkpt>
    <trkpt lat="41.985072" lon="2.816967"></trkpt>
    <trkpt lat="41.985036" lon="2.816929"></trkpt>
    <trkpt lat="41.985012" lon="2.816913"></trkpt>
    <trkpt lat="41.984976" lon="2.816726"></trkpt>
    <trkpt lat="41.984940" lon="2.816685"></trkpt>
    <trkpt lat="41.984937" lon="2.816652"></trkpt>
    <trkpt lat="41.984886" lon="2.816431"></trkpt>
    <trkpt lat="41.984874" lon="2.816361"></trkpt>
    <trkpt lat="41.984868" lon="2.816327"></trkpt>
    <trkpt lat="41.984693" lon="2.815478"></trkpt>
    <trkpt lat="41.984678" lon="2.815406"></trkpt>
    <trkpt lat="41.984665" lon="2.815341"></trkpt>
    <trkpt lat="41.984550" lon="2.814760"></trkpt>
    <trkpt lat="41.984534" lon="2.814673"></trkpt>
    <trkpt lat="41.984522" lon="2.814605"></trkpt>
    <trkpt lat="41.984458" lon="2.814289"></trkpt>
    <trkpt lat="41.984439" lon="2.814182"></trkpt>
    <trkpt lat="41.984422" lon="2.814067"></trkpt>
    <trkpt lat="41.984416" lon="2.814007"></trkpt>
    <trkpt lat="41.984412" lon="2.813974"></trkpt>
    <trkpt lat="41.984410" lon="2.813872"></trkpt>
    <trkpt lat="41.984412" lon="2.813743"></trkpt>
    <trkpt lat="41.984413" lon="2.813658"></trkpt>
    <trkpt lat="41.984420" lon="2.813557"></trkpt>
    <trkpt lat="41.984436" lon="2.813370"></trkpt>
    <trkpt lat="41.984446" lon="2.813340"></trkpt>
    <trkpt lat="41.984471" lon="2.813119"></trkpt>
    <trkpt lat="41.984483" lon="2.813006"></trkpt>
    <trkpt lat="41.984495" lon="2.812938"></trkpt>
    <trkpt lat="41.984511" lon="2.812933"></trkpt>
    <trkpt lat="41.984535" lon="2.812920"></trkpt>
    <trkpt lat="41.984561" lon="2.812892"></trkpt>
    <trkpt lat="41.984576" lon="2.812865"></trkpt>
    <trkpt lat="41.984584" lon="2.812838"></trkpt>
    <trkpt lat="41.984590" lon="2.812793"></trkpt>
    <trkpt lat="41.984588" lon="2.812759"></trkpt>
    <trkpt lat="41.984587" lon="2.812754"></trkpt>
    <trkpt lat="41.984576" lon="2.812722"></trkpt>
    <trkpt lat="41.984564" lon="2.812698"></trkpt>
    <trkpt lat="41.984552" lon="2.812682"></trkpt>
    <trkpt lat="41.984531" lon="2.812662"></trkpt>
    <trkpt lat="41.984519" lon="2.812656"></trkpt>
    <trkpt lat="41.984494" lon="2.812648"></trkpt>
    <trkpt lat="41.984543" lon="2.812506"></trkpt>
    <trkpt lat="41.984588" lon="2.812365"></trkpt>
    <trkpt lat="41.984614" lon="2.812167"></trkpt>
    <trkpt lat="41.984592" lon="2.811744"></trkpt>
    <trkpt lat="41.984588" lon="2.811680"></trkpt>
    <trkpt lat="41.984585" lon="2.811621"></trkpt>
    <trkpt lat="41.984566" lon="2.811240"></trkpt>
    <trkpt lat="41.984562" lon="2.810991"></trkpt>
    <trkpt lat="41.984568" lon="2.810884"></trkpt>
    <trkpt lat="41.984581" lon="2.810780"></trkpt>
    <trkpt lat="41.984598" lon="2.810685"></trkpt>
    <trkpt lat="41.984628" lon="2.810565"></trkpt>
    <trkpt lat="41.984668" lon="2.810422"></trkpt>
    <trkpt lat="41.984703" lon="2.810289"></trkpt>
    <trkpt lat="41.984716" lon="2.810241"></trkpt>
    <trkpt lat="41.984776" lon="2.810076"></trkpt>
    <trkpt lat="41.984808" lon="2.810086"></trkpt>
    <trkpt lat="41.984838" lon="2.810089"></trkpt>
    <trkpt lat="41.984864" lon="2.810087"></trkpt>
    <trkpt lat="41.984896" lon="2.810079"></trkpt>
    <trkpt lat="41.984925" lon="2.810067"></trkpt>
    <trkpt lat="41.984947" lon="2.810051"></trkpt>
    <trkpt lat="41.984975" lon="2.810026"></trkpt>
    <trkpt lat="41.984999" lon="2.809996"></trkpt>
    <trkpt lat="41.985016" lon="2.809970"></trkpt>
    <trkpt lat="41.985029" lon="2.809941"></trkpt>
    <trkpt lat="41.985042" lon="2.809904"></trkpt>
    <trkpt lat="41.985180" lon="2.809837"></trkpt>
    <trkpt lat="41.985195" lon="2.809832"></trkpt>
    <trkpt lat="41.985224" lon="2.809820"></trkpt>
    <trkpt lat="41.985324" lon="2.809797"></trkpt>
    <trkpt lat="41.987227" lon="2.809590"></trkpt>
    <trkpt lat="41.990086" lon="2.809328"></trkpt>
    <trkpt lat="41.990158" lon="2.809321"></trkpt>
    <trkpt lat="41.990173" lon="2.809320"></trkpt>
    <trkpt lat="41.990241" lon="2.809313"></trkpt>
    <trkpt lat="41.990324" lon="2.809327"></trkpt>
    <trkpt lat="41.990436" lon="2.809387"></trkpt>
    <trkpt lat="41.990453" lon="2.809411"></trkpt>
    <trkpt lat="41.990476" lon="2.809442"></trkpt>
    <trkpt lat="41.990503" lon="2.809468"></trkpt>
    <trkpt lat="41.990542" lon="2.809494"></trkpt>
    <trkpt lat="41.990574" lon="2.809507"></trkpt>
    <trkpt lat="41.990607" lon="2.809512"></trkpt>
    <trkpt lat="41.990651" lon="2.809510"></trkpt>
    <trkpt lat="41.990684" lon="2.809499"></trkpt>
    <trkpt lat="41.990714" lon="2.809486"></trkpt>
    <trkpt lat="41.990744" lon="2.809465"></trkpt>
    <trkpt lat="41.990775" lon="2.809436"></trkpt>
    <trkpt lat="41.990804" lon="2.809398"></trkpt>
    <trkpt lat="41.990828" lon="2.809354"></trkpt>
    <trkpt lat="41.990842" lon="2.809314"></trkpt>
    <trkpt lat="41.990852" lon="2.809277"></trkpt>
    <trkpt lat="41.990855" lon="2.809223"></trkpt>
    <trkpt lat="41.990851" lon="2.809172"></trkpt>
    <trkpt lat="41.990847" lon="2.809144"></trkpt>
    <trkpt lat="41.990837" lon="2.809101"></trkpt>
    <trkpt lat="41.990817" lon="2.809058"></trkpt>
    <trkpt lat="41.990790" lon="2.809023"></trkpt>
    <trkpt lat="41.990755" lon="2.808986"></trkpt>
    <trkpt lat="41.990726" lon="2.808960"></trkpt>
    <trkpt lat="41.990693" lon="2.808942"></trkpt>
    <trkpt lat="41.990647" lon="2.808929"></trkpt>
    <trkpt lat="41.990596" lon="2.808916"></trkpt>
    <trkpt lat="41.990530" lon="2.808881"></trkpt>
    <trkpt lat="41.990503" lon="2.808857"></trkpt>
    <trkpt lat="41.990463" lon="2.808809"></trkpt>
    <trkpt lat="41.990428" lon="2.808755"></trkpt>
    <trkpt lat="41.990385" lon="2.808620"></trkpt>
    <trkpt lat="41.990381" lon="2.808606"></trkpt>
    <trkpt lat="41.990176" lon="2.807949"></trkpt>
    <trkpt lat="41.990065" lon="2.807518"></trkpt>
    <trkpt lat="41.989942" lon="2.806975"></trkpt>
    <trkpt lat="41.989876" lon="2.806667"></trkpt>
    <trkpt lat="41.989843" lon="2.806519"></trkpt>
    <trkpt lat="41.989689" lon="2.805737"></trkpt>
    <trkpt lat="41.989591" lon="2.805142"></trkpt>
    <trkpt lat="41.989520" lon="2.804590"></trkpt>
    <trkpt lat="41.989482" lon="2.804127"></trkpt>
    <trkpt lat="41.989475" lon="2.803684"></trkpt>
    <trkpt lat="41.989475" lon="2.803624"></trkpt>
    <trkpt lat="41.989483" lon="2.803329"></trkpt>
    <trkpt lat="41.989525" lon="2.802954"></trkpt>
    <trkpt lat="41.989560" lon="2.802690"></trkpt>
    <trkpt lat="41.989565" lon="2.802651"></trkpt>
    <trkpt lat="41.989587" lon="2.802485"></trkpt>
    <trkpt lat="41.989831" lon="2.800752"></trkpt>
    <trkpt lat="41.989956" lon="2.799824"></trkpt>
    <trkpt lat="41.989965" lon="2.799707"></trkpt>
    <trkpt lat="41.989965" lon="2.799623"></trkpt>
    <trkpt lat="41.989964" lon="2.799539"></trkpt>
    <trkpt lat="41.989956" lon="2.799450"></trkpt>
    <trkpt lat="41.989947" lon="2.799385"></trkpt>
    <trkpt lat="41.989891" lon="2.799088"></trkpt>
    <trkpt lat="41.989856" lon="2.798901"></trkpt>
    <trkpt lat="41.989849" lon="2.798863"></trkpt>
    <trkpt lat="41.989816" lon="2.798689"></trkpt>
    <trkpt lat="41.989735" lon="2.798256"></trkpt>
    <trkpt lat="41.989529" lon="2.797150"></trkpt>
    <trkpt lat="41.989513" lon="2.797062"></trkpt>
    <trkpt lat="41.989504" lon="2.797012"></trkpt>
    <trkpt lat="41.989467" lon="2.796823"></trkpt>
    <trkpt lat="41.989395" lon="2.796444"></trkpt>
    <trkpt lat="41.989377" lon="2.796361"></trkpt>
    <trkpt lat="41.989370" lon="2.796182"></trkpt>
    <trkpt lat="41.989388" lon="2.796070"></trkpt>
    <trkpt lat="41.989410" lon="2.795978"></trkpt>
    <trkpt lat="41.989418" lon="2.795962"></trkpt>
    <trkpt lat="41.989427" lon="2.795930"></trkpt>
    <trkpt lat="41.989432" lon="2.795909"></trkpt>
    <trkpt lat="41.989435" lon="2.795883"></trkpt>
    <trkpt lat="41.989496" lon="2.795790"></trkpt>
    <trkpt lat="41.989590" lon="2.795687"></trkpt>
    <trkpt lat="41.989634" lon="2.795664"></trkpt>
    <trkpt lat="41.989757" lon="2.795613"></trkpt>
    <trkpt lat="41.989840" lon="2.795574"></trkpt>
    <trkpt lat="41.989991" lon="2.795514"></trkpt>
    <trkpt lat="41.990126" lon="2.795517"></trkpt>
    <trkpt lat="41.990257" lon="2.795559"></trkpt>
    <trkpt lat="41.990289" lon="2.795591"></trkpt>
    <trkpt lat="41.990324" lon="2.795618"></trkpt>
    <trkpt lat="41.990361" lon="2.795638"></trkpt>
    <trkpt lat="41.990400" lon="2.795652"></trkpt>
    <trkpt lat="41.990460" lon="2.795660"></trkpt>
    <trkpt lat="41.990521" lon="2.795652"></trkpt>
    <trkpt lat="41.990579" lon="2.795629"></trkpt>
    <trkpt lat="41.990633" lon="2.795591"></trkpt>
    <trkpt lat="41.990666" lon="2.795558"></trkpt>
    <trkpt lat="41.990695" lon="2.795519"></trkpt>
    <trkpt lat="41.990721" lon="2.795476"></trkpt>
    <trkpt lat="41.990742" lon="2.795428"></trkpt>
    <trkpt lat="41.990758" lon="2.795377"></trkpt>
    <trkpt lat="41.990770" lon="2.795324"></trkpt>
    <trkpt lat="41.990776" lon="2.795270"></trkpt>
    <trkpt lat="41.990776" lon="2.795214"></trkpt>
    <trkpt lat="41.990770" lon="2.795145"></trkpt>
    <trkpt lat="41.990755" lon="2.795078"></trkpt>
    <trkpt lat="41.990732" lon="2.795016"></trkpt>
    <trkpt lat="41.990739" lon="2.794843"></trkpt>
    <trkpt lat="41.990779" lon="2.794743"></trkpt>
    <trkpt lat="41.990814" lon="2.794670"></trkpt>
    <trkpt lat="41.990868" lon="2.794561"></trkpt>
    <trkpt lat="41.991042" lon="2.794367"></trkpt>
    <trkpt lat="41.991219" lon="2.794211"></trkpt>
    <trkpt lat="41.991581" lon="2.793923"></trkpt>
    <trkpt lat="41.991895" lon="2.793675"></trkpt>
    <trkpt lat="41.992185" lon="2.793470"></trkpt>
    <trkpt lat="41.992494" lon="2.793379"></trkpt>
    <trkpt lat="41.992664" lon="2.793370"></trkpt>
    <trkpt lat="41.992831" lon="2.793416"></trkpt>
    <trkpt lat="41.992935" lon="2.793473"></trkpt>
    <trkpt lat="41.993064" lon="2.793590"></trkpt>
    <trkpt lat="41.993204" lon="2.793751"></trkpt>
    <trkpt lat="41.993621" lon="2.794267"></trkpt>
    <trkpt lat="41.994620" lon="2.795620"></trkpt>
    <trkpt lat="41.994962" lon="2.796131"></trkpt>
    <trkpt lat="41.995216" lon="2.796510"></trkpt>
    <trkpt lat="41.995961" lon="2.797480"></trkpt>
    <trkpt lat="41.996400" lon="2.798143"></trkpt>
    <trkpt lat="41.996838" lon="2.798764"></trkpt>
    <trkpt lat="41.997582" lon="2.799825"></trkpt>
    <trkpt lat="41.998080" lon="2.800476"></trkpt>
    <trkpt lat="41.998714" lon="2.801284"></trkpt>
    <trkpt lat="41.999269" lon="2.801941"></trkpt>
    <trkpt lat="41.999811" lon="2.802599"></trkpt>
    <trkpt lat="42.000372" lon="2.803209"></trkpt>
    <trkpt lat="42.000827" lon="2.803676"></trkpt>
    <trkpt lat="42.001452" lon="2.804306"></trkpt>
    <trkpt lat="42.002130" lon="2.804935"></trkpt>
    <trkpt lat="42.002772" lon="2.805491"></trkpt>
    <trkpt lat="42.003505" lon="2.806056"></trkpt>
    <trkpt lat="42.004084" lon="2.806463"></trkpt>
    <trkpt lat="42.004807" lon="2.806918"></trkpt>
    <trkpt lat="42.005097" lon="2.807085"></trkpt>
    <trkpt lat="42.005396" lon="2.807247"></trkpt>
    <trkpt lat="42.005922" lon="2.807532"></trkpt>
    <trkpt lat="42.006480" lon="2.807800"></trkpt>
    <trkpt lat="42.006949" lon="2.808001"></trkpt>
    <trkpt lat="42.007190" lon="2.808128"></trkpt>
    <trkpt lat="42.007810" lon="2.808398"></trkpt>
    <trkpt lat="42.008329" lon="2.808643"></trkpt>
    <trkpt lat="42.008612" lon="2.808777"></trkpt>
    <trkpt lat="42.009016" lon="2.808990"></trkpt>
    <trkpt lat="42.009367" lon="2.809189"></trkpt>
    <trkpt lat="42.009919" lon="2.809525"></trkpt>
    <trkpt lat="42.010175" lon="2.809694"></trkpt>
    <trkpt lat="42.010560" lon="2.809971"></trkpt>
    <trkpt lat="42.011137" lon="2.810418"></trkpt>
    <trkpt lat="42.011717" lon="2.810916"></trkpt>
    <trkpt lat="42.012054" lon="2.811213"></trkpt>
    <trkpt lat="42.013176" lon="2.812139"></trkpt>
    <trkpt lat="42.013726" lon="2.812546"></trkpt>
    <trkpt lat="42.014311" lon="2.812952"></trkpt>
    <trkpt lat="42.014985" lon="2.813349"></trkpt>
    <trkpt lat="42.015787" lon="2.813795"></trkpt>
    <trkpt lat="42.017344" lon="2.814538"></trkpt>
    <trkpt lat="42.017828" lon="2.814755"></trkpt>
    <trkpt lat="42.018633" lon="2.815120"></trkpt>
    <trkpt lat="42.018958" lon="2.815286"></trkpt>
    <trkpt lat="42.019483" lon="2.815537"></trkpt>
    <trkpt lat="42.019986" lon="2.815805"></trkpt>
    <trkpt lat="42.020554" lon="2.816137"></trkpt>
    <trkpt lat="42.020685" lon="2.816218"></trkpt>
    <trkpt lat="42.020870" lon="2.816339"></trkpt>
    <trkpt lat="42.021553" lon="2.816803"></trkpt>
    <trkpt lat="42.022049" lon="2.817182"></trkpt>
    <trkpt lat="42.022319" lon="2.817403"></trkpt>
    <trkpt lat="42.022559" lon="2.817607"></trkpt>
    <trkpt lat="42.022779" lon="2.817807"></trkpt>
    <trkpt lat="42.023182" lon="2.818194"></trkpt>
    <trkpt lat="42.023678" lon="2.818672"></trkpt>
    <trkpt lat="42.023766" lon="2.818761"></trkpt>
    <trkpt lat="42.024253" lon="2.819303"></trkpt>
    <trkpt lat="42.024797" lon="2.819970"></trkpt>
    <trkpt lat="42.025366" lon="2.820728"></trkpt>
    <trkpt lat="42.025682" lon="2.821206"></trkpt>
    <trkpt lat="42.026192" lon="2.822024"></trkpt>
    <trkpt lat="42.026480" lon="2.822534"></trkpt>
    <trkpt lat="42.027341" lon="2.824207"></trkpt>
    <trkpt lat="42.027487" lon="2.824498"></trkpt>
    <trkpt lat="42.027555" lon="2.824650"></trkpt>
    <trkpt lat="42.028094" lon="2.825969"></trkpt>
    <trkpt lat="42.028349" lon="2.826680"></trkpt>
    <trkpt lat="42.028392" lon="2.826895"></trkpt>
    <trkpt lat="42.028420" lon="2.827068"></trkpt>
    <trkpt lat="42.028428" lon="2.827243"></trkpt>
    <trkpt lat="42.028428" lon="2.827413"></trkpt>
    <trkpt lat="42.028417" lon="2.827591"></trkpt>
    <trkpt lat="42.028391" lon="2.827764"></trkpt>
    <trkpt lat="42.028353" lon="2.827937"></trkpt>
    <trkpt lat="42.028290" lon="2.828155"></trkpt>
    <trkpt lat="42.028155" lon="2.828518"></trkpt>
    <trkpt lat="42.028102" lon="2.828713"></trkpt>
    <trkpt lat="42.028069" lon="2.828878"></trkpt>
    <trkpt lat="42.028056" lon="2.829089"></trkpt>
    <trkpt lat="42.028069" lon="2.829228"></trkpt>
    <trkpt lat="42.028092" lon="2.829347"></trkpt>
    <trkpt lat="42.028129" lon="2.829471"></trkpt>
    <trkpt lat="42.028187" lon="2.829605"></trkpt>
    <trkpt lat="42.028267" lon="2.829730"></trkpt>
    <trkpt lat="42.028371" lon="2.829837"></trkpt>
    <trkpt lat="42.028464" lon="2.829909"></trkpt>
    <trkpt lat="42.028558" lon="2.829960"></trkpt>
    <trkpt lat="42.028677" lon="2.829995"></trkpt>
    <trkpt lat="42.028774" lon="2.830005"></trkpt>
    <trkpt lat="42.028874" lon="2.829995"></trkpt>
    <trkpt lat="42.028994" lon="2.829974"></trkpt>
    <trkpt lat="42.029088" lon="2.829949"></trkpt>
    <trkpt lat="42.029196" lon="2.829903"></trkpt>
    <trkpt lat="42.029321" lon="2.829847"></trkpt>
    <trkpt lat="42.029418" lon="2.829792"></trkpt>
    <trkpt lat="42.029526" lon="2.829724"></trkpt>
    <trkpt lat="42.029684" lon="2.829605"></trkpt>
    <trkpt lat="42.029826" lon="2.829469"></trkpt>
    <trkpt lat="42.029957" lon="2.829330"></trkpt>
    <trkpt lat="42.030068" lon="2.829178"></trkpt>
    <trkpt lat="42.030195" lon="2.828975"></trkpt>
    <trkpt lat="42.030304" lon="2.828765"></trkpt>
    <trkpt lat="42.030406" lon="2.828520"></trkpt>
    <trkpt lat="42.030503" lon="2.828308"></trkpt>
    <trkpt lat="42.031269" lon="2.826005"></trkpt>
    <trkpt lat="42.031304" lon="2.825940"></trkpt>
    <trkpt lat="42.031315" lon="2.825894"></trkpt>
    <trkpt lat="42.031362" lon="2.825833"></trkpt>
    <trkpt lat="42.031417" lon="2.825783"></trkpt>
    <trkpt lat="42.031502" lon="2.825708"></trkpt>
    <trkpt lat="42.031629" lon="2.825648"></trkpt>
    <trkpt lat="42.031699" lon="2.825624"></trkpt>
    <trkpt lat="42.031782" lon="2.825614"></trkpt>
    <trkpt lat="42.031911" lon="2.825621"></trkpt>
    <trkpt lat="42.032040" lon="2.825658"></trkpt>
    <trkpt lat="42.032183" lon="2.825732"></trkpt>
    <trkpt lat="42.032313" lon="2.825833"></trkpt>
    <trkpt lat="42.032401" lon="2.825921"></trkpt>
    <trkpt lat="42.032492" lon="2.826038"></trkpt>
    <trkpt lat="42.032585" lon="2.826210"></trkpt>
    <trkpt lat="42.032655" lon="2.826396"></trkpt>
    <trkpt lat="42.032709" lon="2.826612"></trkpt>
    <trkpt lat="42.032729" lon="2.826834"></trkpt>
    <trkpt lat="42.032722" lon="2.827072"></trkpt>
    <trkpt lat="42.032684" lon="2.827289"></trkpt>
    <trkpt lat="42.032622" lon="2.827514"></trkpt>
    <trkpt lat="42.032539" lon="2.827666"></trkpt>
    <trkpt lat="42.032453" lon="2.827799"></trkpt>
    <trkpt lat="42.032362" lon="2.827904"></trkpt>
    <trkpt lat="42.032258" lon="2.827988"></trkpt>
    <trkpt lat="42.032172" lon="2.828029"></trkpt>
    <trkpt lat="42.032067" lon="2.828045"></trkpt>
    <trkpt lat="42.031966" lon="2.828025"></trkpt>
    <trkpt lat="42.031880" lon="2.827986"></trkpt>
    <trkpt lat="42.031811" lon="2.827931"></trkpt>
    <trkpt lat="42.031756" lon="2.827862"></trkpt>
    <trkpt lat="42.031703" lon="2.827775"></trkpt>
    <trkpt lat="42.031671" lon="2.827679"></trkpt>
    <trkpt lat="42.031650" lon="2.827565"></trkpt>
    <trkpt lat="42.031648" lon="2.827383"></trkpt>
    <trkpt lat="42.031686" lon="2.827237"></trkpt>
    <trkpt lat="42.031740" lon="2.827086"></trkpt>
    <trkpt lat="42.031822" lon="2.826925"></trkpt>
    <trkpt lat="42.032051" lon="2.826517"></trkpt>
    <trkpt lat="42.032309" lon="2.826132"></trkpt>
    <trkpt lat="42.032558" lon="2.825810"></trkpt>
    <trkpt lat="42.032882" lon="2.825436"></trkpt>
    <trkpt lat="42.032936" lon="2.825344"></trkpt>
    <trkpt lat="42.033227" lon="2.825079"></trkpt>
    <trkpt lat="42.033324" lon="2.824990"></trkpt>
    <trkpt lat="42.033749" lon="2.824665"></trkpt>
    <trkpt lat="42.034162" lon="2.824408"></trkpt>
    <trkpt lat="42.034453" lon="2.824261"></trkpt>
    <trkpt lat="42.034731" lon="2.824141"></trkpt>
    <trkpt lat="42.035306" lon="2.823950"></trkpt>
    <trkpt lat="42.036788" lon="2.823508"></trkpt>
    <trkpt lat="42.037706" lon="2.823205"></trkpt>
    <trkpt lat="42.037976" lon="2.823117"></trkpt>
    <trkpt lat="42.038495" lon="2.822945"></trkpt>
    <trkpt lat="42.038754" lon="2.822860"></trkpt>
    <trkpt lat="42.039486" lon="2.822589"></trkpt>
    <trkpt lat="42.039960" lon="2.822410"></trkpt>
    <trkpt lat="42.040061" lon="2.822373"></trkpt>
    <trkpt lat="42.040535" lon="2.822200"></trkpt>
    <trkpt lat="42.041555" lon="2.821827"></trkpt>
    <trkpt lat="42.041728" lon="2.821763"></trkpt>
    <trkpt lat="42.042080" lon="2.821618"></trkpt>
    <trkpt lat="42.042518" lon="2.821437"></trkpt>
    <trkpt lat="42.042905" lon="2.821266"></trkpt>
    <trkpt lat="42.043131" lon="2.821165"></trkpt>
    <trkpt lat="42.043392" lon="2.821049"></trkpt>
    <trkpt lat="42.044403" lon="2.820567"></trkpt>
    <trkpt lat="42.044795" lon="2.820380"></trkpt>
    <trkpt lat="42.045164" lon="2.820199"></trkpt>
    <trkpt lat="42.046321" lon="2.819651"></trkpt>
    <trkpt lat="42.046558" lon="2.819545"></trkpt>
    <trkpt lat="42.047099" lon="2.819328"></trkpt>
    <trkpt lat="42.047264" lon="2.819270"></trkpt>
    <trkpt lat="42.047446" lon="2.819211"></trkpt>
    <trkpt lat="42.048030" lon="2.819061"></trkpt>
    <trkpt lat="42.048598" lon="2.818927"></trkpt>
    <trkpt lat="42.048866" lon="2.818880"></trkpt>
    <trkpt lat="42.051755" lon="2.818283"></trkpt>
    <trkpt lat="42.052512" lon="2.818129"></trkpt>
    <trkpt lat="42.052787" lon="2.818069"></trkpt>
    <trkpt lat="42.053021" lon="2.818008"></trkpt>
    <trkpt lat="42.053208" lon="2.817952"></trkpt>
    <trkpt lat="42.053463" lon="2.817866"></trkpt>
    <trkpt lat="42.053784" lon="2.817738"></trkpt>
    <trkpt lat="42.054071" lon="2.817599"></trkpt>
    <trkpt lat="42.054361" lon="2.817449"></trkpt>
    <trkpt lat="42.054656" lon="2.817272"></trkpt>
    <trkpt lat="42.054831" lon="2.817161"></trkpt>
    <trkpt lat="42.055348" lon="2.816776"></trkpt>
    <trkpt lat="42.055716" lon="2.816476"></trkpt>
    <trkpt lat="42.056538" lon="2.815816"></trkpt>
    <trkpt lat="42.056989" lon="2.815445"></trkpt>
    <trkpt lat="42.057778" lon="2.814814"></trkpt>
    <trkpt lat="42.058456" lon="2.814277"></trkpt>
    <trkpt lat="42.058821" lon="2.813981"></trkpt>
    <trkpt lat="42.059106" lon="2.813760"></trkpt>
    <trkpt lat="42.059421" lon="2.813537"></trkpt>
    <trkpt lat="42.059590" lon="2.813432"></trkpt>
    <trkpt lat="42.059706" lon="2.813359"></trkpt>
    <trkpt lat="42.059984" lon="2.813201"></trkpt>
    <trkpt lat="42.060235" lon="2.813076"></trkpt>
    <trkpt lat="42.060446" lon="2.812983"></trkpt>
    <trkpt lat="42.060730" lon="2.812873"></trkpt>
    <trkpt lat="42.061034" lon="2.812772"></trkpt>
    <trkpt lat="42.061361" lon="2.812680"></trkpt>
    <trkpt lat="42.061614" lon="2.812619"></trkpt>
    <trkpt lat="42.061849" lon="2.812573"></trkpt>
    <trkpt lat="42.061962" lon="2.812552"></trkpt>
    <trkpt lat="42.062345" lon="2.812498"></trkpt>
    <trkpt lat="42.062446" lon="2.812485"></trkpt>
    <trkpt lat="42.062774" lon="2.812457"></trkpt>
    <trkpt lat="42.063035" lon="2.812441"></trkpt>
    <trkpt lat="42.063290" lon="2.812437"></trkpt>
    <trkpt lat="42.063555" lon="2.812437"></trkpt>
    <trkpt lat="42.063763" lon="2.812449"></trkpt>
    <trkpt lat="42.064105" lon="2.812477"></trkpt>
    <trkpt lat="42.064326" lon="2.812498"></trkpt>
    <trkpt lat="42.064534" lon="2.812527"></trkpt>
    <trkpt lat="42.064823" lon="2.812578"></trkpt>
    <trkpt lat="42.065234" lon="2.812666"></trkpt>
    <trkpt lat="42.065426" lon="2.812706"></trkpt>
    <trkpt lat="42.065566" lon="2.812754"></trkpt>
    <trkpt lat="42.066237" lon="2.812970"></trkpt>
    <trkpt lat="42.066326" lon="2.813078"></trkpt>
    <trkpt lat="42.066458" lon="2.813156"></trkpt>
    <trkpt lat="42.066688" lon="2.813300"></trkpt>
    <trkpt lat="42.066847" lon="2.813393"></trkpt>
    <trkpt lat="42.067152" lon="2.813505"></trkpt>
    <trkpt lat="42.067364" lon="2.813568"></trkpt>
    <trkpt lat="42.067416" lon="2.813588"></trkpt>
    <trkpt lat="42.067499" lon="2.813621"></trkpt>
    <trkpt lat="42.067510" lon="2.813624"></trkpt>
    <trkpt lat="42.067537" lon="2.813618"></trkpt>
    <trkpt lat="42.069253" lon="2.814289"></trkpt>
    <trkpt lat="42.070067" lon="2.814616"></trkpt>
    <trkpt lat="42.071106" lon="2.815038"></trkpt>
    <trkpt lat="42.071575" lon="2.815216"></trkpt>
    <trkpt lat="42.071679" lon="2.815264"></trkpt>
    <trkpt lat="42.071805" lon="2.815338"></trkpt>
    <trkpt lat="42.071995" lon="2.815462"></trkpt>
    <trkpt lat="42.072309" lon="2.815716"></trkpt>
    <trkpt lat="42.072363" lon="2.815847"></trkpt>
    <trkpt lat="42.072499" lon="2.816120"></trkpt>
    <trkpt lat="42.072523" lon="2.816175"></trkpt>
    <trkpt lat="42.072557" lon="2.816220"></trkpt>
    <trkpt lat="42.072599" lon="2.816251"></trkpt>
    <trkpt lat="42.072645" lon="2.816266"></trkpt>
    <trkpt lat="42.072712" lon="2.816259"></trkpt>
    <trkpt lat="42.072754" lon="2.816232"></trkpt>
    <trkpt lat="42.072772" lon="2.816220"></trkpt>
    <trkpt lat="42.072818" lon="2.816153"></trkpt>
    <trkpt lat="42.072842" lon="2.816069"></trkpt>
    <trkpt lat="42.072843" lon="2.815994"></trkpt>
    <trkpt lat="42.072828" lon="2.815923"></trkpt>
    <trkpt lat="42.072797" lon="2.815861"></trkpt>
    <trkpt lat="42.072758" lon="2.815645"></trkpt>
    <trkpt lat="42.072856" lon="2.815201"></trkpt>
    <trkpt lat="42.072920" lon="2.815203"></trkpt>
    <trkpt lat="42.072966" lon="2.815179"></trkpt>
    <trkpt lat="42.073003" lon="2.815135"></trkpt>
    <trkpt lat="42.073026" lon="2.815079"></trkpt>
    <trkpt lat="42.073034" lon="2.815014"></trkpt>
    <trkpt lat="42.073030" lon="2.814983"></trkpt>
    <trkpt lat="42.073025" lon="2.814948"></trkpt>
    <trkpt lat="42.073009" lon="2.814907"></trkpt>
    <trkpt lat="42.072975" lon="2.814860"></trkpt>
    <trkpt lat="42.072930" lon="2.814831"></trkpt>
    <trkpt lat="42.072899" lon="2.814825"></trkpt>
    <trkpt lat="42.072850" lon="2.814833"></trkpt>
    <trkpt lat="42.072790" lon="2.814884"></trkpt>
    <trkpt lat="42.072761" lon="2.814895"></trkpt>
    <trkpt lat="42.072629" lon="2.814937"></trkpt>
    <trkpt lat="42.072537" lon="2.814956"></trkpt>
    <trkpt lat="42.072136" lon="2.814918"></trkpt>
    <trkpt lat="42.072121" lon="2.814917"></trkpt>
    <trkpt lat="42.071881" lon="2.814874"></trkpt>
    <trkpt lat="42.071856" lon="2.814871"></trkpt>
    <trkpt lat="42.071793" lon="2.814828"></trkpt>
    <trkpt lat="42.071640" lon="2.814597"></trkpt>
    <trkpt lat="42.071624" lon="2.814565"></trkpt>
    <trkpt lat="42.071520" lon="2.814376"></trkpt>
    <trkpt lat="42.071305" lon="2.813993"></trkpt>
    <trkpt lat="42.071262" lon="2.813907"></trkpt>
    <trkpt lat="42.071225" lon="2.813811"></trkpt>
    <trkpt lat="42.071193" lon="2.813684"></trkpt>
    <trkpt lat="42.071168" lon="2.813556"></trkpt>
    <trkpt lat="42.071138" lon="2.813363"></trkpt>
    <trkpt lat="42.071109" lon="2.813135"></trkpt>
    <trkpt lat="42.071091" lon="2.812958"></trkpt>
    <trkpt lat="42.071077" lon="2.812767"></trkpt>
    <trkpt lat="42.071033" lon="2.812106"></trkpt>
    <trkpt lat="42.071013" lon="2.811741"></trkpt>
    <trkpt lat="42.071000" lon="2.811566"></trkpt>
    <trkpt lat="42.070992" lon="2.811375"></trkpt>
    <trkpt lat="42.070987" lon="2.811215"></trkpt>
    <trkpt lat="42.070985" lon="2.811019"></trkpt>
    <trkpt lat="42.070991" lon="2.810845"></trkpt>
    <trkpt lat="42.071001" lon="2.810623"></trkpt>
    <trkpt lat="42.071033" lon="2.810327"></trkpt>
    <trkpt lat="42.071084" lon="2.809840"></trkpt>
    <trkpt lat="42.071100" lon="2.809621"></trkpt>
    <trkpt lat="42.071107" lon="2.809470"></trkpt>
    <trkpt lat="42.071104" lon="2.809308"></trkpt>
    <trkpt lat="42.071101" lon="2.809212"></trkpt>
    <trkpt lat="42.071090" lon="2.809075"></trkpt>
    <trkpt lat="42.071064" lon="2.808880"></trkpt>
    <trkpt lat="42.071014" lon="2.808585"></trkpt>
    <trkpt lat="42.070892" lon="2.807888"></trkpt>
    <trkpt lat="42.070878" lon="2.807738"></trkpt>
    <trkpt lat="42.070870" lon="2.807582"></trkpt>
    <trkpt lat="42.070871" lon="2.807473"></trkpt>
    <trkpt lat="42.070875" lon="2.807372"></trkpt>
    <trkpt lat="42.070884" lon="2.807274"></trkpt>
    <trkpt lat="42.070897" lon="2.807177"></trkpt>
    <trkpt lat="42.070918" lon="2.807083"></trkpt>
    <trkpt lat="42.070938" lon="2.807003"></trkpt>
    <trkpt lat="42.070984" lon="2.806845"></trkpt>
    <trkpt lat="42.071028" lon="2.806719"></trkpt>
    <trkpt lat="42.071075" lon="2.806597"></trkpt>
    <trkpt lat="42.071206" lon="2.806255"></trkpt>
    <trkpt lat="42.071244" lon="2.806150"></trkpt>
    <trkpt lat="42.071282" lon="2.806030"></trkpt>
    <trkpt lat="42.071293" lon="2.805995"></trkpt>
    <trkpt lat="42.071313" lon="2.805910"></trkpt>
    <trkpt lat="42.071331" lon="2.805826"></trkpt>
    <trkpt lat="42.071346" lon="2.805732"></trkpt>
    <trkpt lat="42.071356" lon="2.805647"></trkpt>
    <trkpt lat="42.071366" lon="2.805524"></trkpt>
    <trkpt lat="42.071366" lon="2.805474"></trkpt>
    <trkpt lat="42.071365" lon="2.805379"></trkpt>
    <trkpt lat="42.071361" lon="2.805274"></trkpt>
    <trkpt lat="42.071347" lon="2.805157"></trkpt>
    <trkpt lat="42.071329" lon="2.805055"></trkpt>
    <trkpt lat="42.071275" lon="2.804842"></trkpt>
    <trkpt lat="42.071184" lon="2.804549"></trkpt>
    <trkpt lat="42.071016" lon="2.804062"></trkpt>
    <trkpt lat="42.070931" lon="2.803810"></trkpt>
    <trkpt lat="42.070902" lon="2.803713"></trkpt>
    <trkpt lat="42.070881" lon="2.803629"></trkpt>
    <trkpt lat="42.070865" lon="2.803546"></trkpt>
    <trkpt lat="42.070854" lon="2.803458"></trkpt>
    <trkpt lat="42.070850" lon="2.803407"></trkpt>
    <trkpt lat="42.070850" lon="2.803347"></trkpt>
    <trkpt lat="42.070854" lon="2.803294"></trkpt>
    <trkpt lat="42.070868" lon="2.803217"></trkpt>
    <trkpt lat="42.070887" lon="2.803152"></trkpt>
    <trkpt lat="42.070914" lon="2.803084"></trkpt>
    <trkpt lat="42.070935" lon="2.803044"></trkpt>
    <trkpt lat="42.070961" lon="2.803004"></trkpt>
    <trkpt lat="42.070987" lon="2.802972"></trkpt>
    <trkpt lat="42.071038" lon="2.802922"></trkpt>
    <trkpt lat="42.071085" lon="2.802887"></trkpt>
    <trkpt lat="42.071161" lon="2.802833"></trkpt>
    <trkpt lat="42.071233" lon="2.802789"></trkpt>
    <trkpt lat="42.071285" lon="2.802748"></trkpt>
    <trkpt lat="42.071325" lon="2.802706"></trkpt>
    <trkpt lat="42.071367" lon="2.802652"></trkpt>
    <trkpt lat="42.071398" lon="2.802601"></trkpt>
    <trkpt lat="42.071416" lon="2.802561"></trkpt>
    <trkpt lat="42.071426" lon="2.802537"></trkpt>
    <trkpt lat="42.071435" lon="2.802509"></trkpt>
    <trkpt lat="42.071444" lon="2.802474"></trkpt>
    <trkpt lat="42.071456" lon="2.802408"></trkpt>
    <trkpt lat="42.071463" lon="2.802329"></trkpt>
    <trkpt lat="42.071464" lon="2.802253"></trkpt>
    <trkpt lat="42.071456" lon="2.802166"></trkpt>
    <trkpt lat="42.071445" lon="2.802078"></trkpt>
    <trkpt lat="42.071418" lon="2.801952"></trkpt>
    <trkpt lat="42.071327" lon="2.801616"></trkpt>
    <trkpt lat="42.071219" lon="2.801291"></trkpt>
    <trkpt lat="42.071077" lon="2.800922"></trkpt>
    <trkpt lat="42.070895" lon="2.800468"></trkpt>
    <trkpt lat="42.070801" lon="2.800237"></trkpt>
    <trkpt lat="42.070755" lon="2.800095"></trkpt>
    <trkpt lat="42.070720" lon="2.799976"></trkpt>
    <trkpt lat="42.070695" lon="2.799866"></trkpt>
    <trkpt lat="42.070679" lon="2.799760"></trkpt>
    <trkpt lat="42.070667" lon="2.799669"></trkpt>
    <trkpt lat="42.070660" lon="2.799535"></trkpt>
    <trkpt lat="42.070662" lon="2.799369"></trkpt>
    <trkpt lat="42.070679" lon="2.799174"></trkpt>
    <trkpt lat="42.070697" lon="2.799032"></trkpt>
    <trkpt lat="42.070748" lon="2.798711"></trkpt>
    <trkpt lat="42.070854" lon="2.798043"></trkpt>
    <trkpt lat="42.070949" lon="2.797305"></trkpt>
    <trkpt lat="42.071014" lon="2.796728"></trkpt>
    <trkpt lat="42.071038" lon="2.796388"></trkpt>
    <trkpt lat="42.071063" lon="2.796047"></trkpt>
    <trkpt lat="42.071089" lon="2.795735"></trkpt>
    <trkpt lat="42.071102" lon="2.795592"></trkpt>
    <trkpt lat="42.071117" lon="2.795499"></trkpt>
    <trkpt lat="42.071137" lon="2.795405"></trkpt>
    <trkpt lat="42.071165" lon="2.795316"></trkpt>
    <trkpt lat="42.071197" lon="2.795235"></trkpt>
    <trkpt lat="42.071266" lon="2.795084"></trkpt>
    <trkpt lat="42.071358" lon="2.794910"></trkpt>
    <trkpt lat="42.071415" lon="2.794799"></trkpt>
    <trkpt lat="42.071471" lon="2.794663"></trkpt>
    <trkpt lat="42.071506" lon="2.794528"></trkpt>
    <trkpt lat="42.071524" lon="2.794444"></trkpt>
    <trkpt lat="42.071539" lon="2.794326"></trkpt>
    <trkpt lat="42.071543" lon="2.794226"></trkpt>
    <trkpt lat="42.071542" lon="2.794147"></trkpt>
    <trkpt lat="42.071528" lon="2.794011"></trkpt>
    <trkpt lat="42.071502" lon="2.793866"></trkpt>
    <trkpt lat="42.071466" lon="2.793745"></trkpt>
    <trkpt lat="42.071425" lon="2.793640"></trkpt>
    <trkpt lat="42.071366" lon="2.793533"></trkpt>
    <trkpt lat="42.071216" lon="2.793336"></trkpt>
    <trkpt lat="42.071066" lon="2.793138"></trkpt>
    <trkpt lat="42.070902" lon="2.792890"></trkpt>
    <trkpt lat="42.070849" lon="2.792765"></trkpt>
    <trkpt lat="42.070775" lon="2.792514"></trkpt>
    <trkpt lat="42.070696" lon="2.792156"></trkpt>
    <trkpt lat="42.070648" lon="2.791940"></trkpt>
    <trkpt lat="42.070581" lon="2.791745"></trkpt>
    <trkpt lat="42.070458" lon="2.791445"></trkpt>
    <trkpt lat="42.070342" lon="2.791123"></trkpt>
    <trkpt lat="42.070284" lon="2.790913"></trkpt>
    <trkpt lat="42.070216" lon="2.790514"></trkpt>
    <trkpt lat="42.070141" lon="2.790009"></trkpt>
    <trkpt lat="42.070013" lon="2.789163"></trkpt>
    <trkpt lat="42.069971" lon="2.788852"></trkpt>
    <trkpt lat="42.069899" lon="2.788317"></trkpt>
    <trkpt lat="42.069881" lon="2.788128"></trkpt>
    <trkpt lat="42.069878" lon="2.787990"></trkpt>
    <trkpt lat="42.069895" lon="2.787846"></trkpt>
    <trkpt lat="42.069934" lon="2.787706"></trkpt>
    <trkpt lat="42.070001" lon="2.787578"></trkpt>
    <trkpt lat="42.070160" lon="2.787356"></trkpt>
    <trkpt lat="42.070397" lon="2.787002"></trkpt>
    <trkpt lat="42.070478" lon="2.786898"></trkpt>
    <trkpt lat="42.070501" lon="2.786876"></trkpt>
    <trkpt lat="42.070533" lon="2.786846"></trkpt>
    <trkpt lat="42.070648" lon="2.786773"></trkpt>
    <trkpt lat="42.070768" lon="2.786742"></trkpt>
    <trkpt lat="42.070962" lon="2.786689"></trkpt>
    <trkpt lat="42.071102" lon="2.786636"></trkpt>
    <trkpt lat="42.071208" lon="2.786588"></trkpt>
    <trkpt lat="42.071747" lon="2.786276"></trkpt>
    <trkpt lat="42.072220" lon="2.785995"></trkpt>
    <trkpt lat="42.072558" lon="2.785794"></trkpt>
    <trkpt lat="42.072659" lon="2.785728"></trkpt>
    <trkpt lat="42.072727" lon="2.785648"></trkpt>
    <trkpt lat="42.072780" lon="2.785587"></trkpt>
    <trkpt lat="42.072841" lon="2.785473"></trkpt>
    <trkpt lat="42.072876" lon="2.785378"></trkpt>
    <trkpt lat="42.072904" lon="2.785242"></trkpt>
    <trkpt lat="42.072909" lon="2.785145"></trkpt>
    <trkpt lat="42.072889" lon="2.784891"></trkpt>
    <trkpt lat="42.072885" lon="2.784671"></trkpt>
    <trkpt lat="42.072936" lon="2.784495"></trkpt>
    <trkpt lat="42.073005" lon="2.784316"></trkpt>
    <trkpt lat="42.073102" lon="2.784112"></trkpt>
    <trkpt lat="42.073189" lon="2.784038"></trkpt>
    <trkpt lat="42.073295" lon="2.783993"></trkpt>
    <trkpt lat="42.073472" lon="2.783962"></trkpt>
    <trkpt lat="42.073599" lon="2.783946"></trkpt>
    <trkpt lat="42.073948" lon="2.783919"></trkpt>
    <trkpt lat="42.074175" lon="2.783893"></trkpt>
    <trkpt lat="42.074321" lon="2.783868"></trkpt>
    <trkpt lat="42.074420" lon="2.783840"></trkpt>
    <trkpt lat="42.074476" lon="2.783786"></trkpt>
    <trkpt lat="42.074521" lon="2.783722"></trkpt>
    <trkpt lat="42.074547" lon="2.783651"></trkpt>
    <trkpt lat="42.074566" lon="2.783573"></trkpt>
    <trkpt lat="42.074581" lon="2.783454"></trkpt>
    <trkpt lat="42.074596" lon="2.783290"></trkpt>
    <trkpt lat="42.074611" lon="2.783142"></trkpt>
    <trkpt lat="42.074624" lon="2.783020"></trkpt>
    <trkpt lat="42.074661" lon="2.782541"></trkpt>
    <trkpt lat="42.074697" lon="2.782328"></trkpt>
    <trkpt lat="42.074770" lon="2.782032"></trkpt>
    <trkpt lat="42.074847" lon="2.781822"></trkpt>
    <trkpt lat="42.074941" lon="2.781674"></trkpt>
    <trkpt lat="42.075042" lon="2.781546"></trkpt>
    <trkpt lat="42.075130" lon="2.781411"></trkpt>
    <trkpt lat="42.075184" lon="2.781303"></trkpt>
    <trkpt lat="42.075212" lon="2.781195"></trkpt>
    <trkpt lat="42.075233" lon="2.781084"></trkpt>
    <trkpt lat="42.075232" lon="2.780931"></trkpt>
    <trkpt lat="42.075237" lon="2.780791"></trkpt>
    <trkpt lat="42.075248" lon="2.780684"></trkpt>
    <trkpt lat="42.075284" lon="2.780547"></trkpt>
    <trkpt lat="42.075332" lon="2.780451"></trkpt>
    <trkpt lat="42.075402" lon="2.780350"></trkpt>
    <trkpt lat="42.075472" lon="2.780291"></trkpt>
    <trkpt lat="42.075559" lon="2.780246"></trkpt>
    <trkpt lat="42.075627" lon="2.780229"></trkpt>
    <trkpt lat="42.075689" lon="2.780226"></trkpt>
    <trkpt lat="42.075728" lon="2.780228"></trkpt>
    <trkpt lat="42.075880" lon="2.780271"></trkpt>
    <trkpt lat="42.075963" lon="2.780279"></trkpt>
    <trkpt lat="42.076038" lon="2.780274"></trkpt>
    <trkpt lat="42.076104" lon="2.780249"></trkpt>
    <trkpt lat="42.076169" lon="2.780201"></trkpt>
    <trkpt lat="42.076224" lon="2.780159"></trkpt>
    <trkpt lat="42.076261" lon="2.780114"></trkpt>
    <trkpt lat="42.076302" lon="2.780053"></trkpt>
    <trkpt lat="42.076336" lon="2.779994"></trkpt>
    <trkpt lat="42.076359" lon="2.779929"></trkpt>
    <trkpt lat="42.076385" lon="2.779843"></trkpt>
    <trkpt lat="42.076403" lon="2.779736"></trkpt>
    <trkpt lat="42.076416" lon="2.779578"></trkpt>
    <trkpt lat="42.076436" lon="2.779361"></trkpt>
    <trkpt lat="42.076457" lon="2.779253"></trkpt>
    <trkpt lat="42.076487" lon="2.779155"></trkpt>
    <trkpt lat="42.076529" lon="2.779060"></trkpt>
    <trkpt lat="42.076583" lon="2.778978"></trkpt>
    <trkpt lat="42.076639" lon="2.778918"></trkpt>
    <trkpt lat="42.076694" lon="2.778871"></trkpt>
    <trkpt lat="42.076769" lon="2.778824"></trkpt>
    <trkpt lat="42.076919" lon="2.778721"></trkpt>
    <trkpt lat="42.077016" lon="2.778643"></trkpt>
    <trkpt lat="42.077091" lon="2.778573"></trkpt>
    <trkpt lat="42.077189" lon="2.778459"></trkpt>
    <trkpt lat="42.077272" lon="2.778347"></trkpt>
    <trkpt lat="42.077344" lon="2.778229"></trkpt>
    <trkpt lat="42.077396" lon="2.778128"></trkpt>
    <trkpt lat="42.077511" lon="2.777865"></trkpt>
    <trkpt lat="42.077562" lon="2.777735"></trkpt>
    <trkpt lat="42.077619" lon="2.777641"></trkpt>
    <trkpt lat="42.077689" lon="2.777558"></trkpt>
    <trkpt lat="42.077742" lon="2.777515"></trkpt>
    <trkpt lat="42.077805" lon="2.777478"></trkpt>
    <trkpt lat="42.077862" lon="2.777459"></trkpt>
    <trkpt lat="42.077918" lon="2.777448"></trkpt>
    <trkpt lat="42.077992" lon="2.777454"></trkpt>
    <trkpt lat="42.078069" lon="2.777477"></trkpt>
    <trkpt lat="42.078153" lon="2.777504"></trkpt>
    <trkpt lat="42.078214" lon="2.777527"></trkpt>
    <trkpt lat="42.078276" lon="2.777539"></trkpt>
    <trkpt lat="42.078326" lon="2.777545"></trkpt>
    <trkpt lat="42.078373" lon="2.777546"></trkpt>
    <trkpt lat="42.078430" lon="2.777545"></trkpt>
    <trkpt lat="42.078633" lon="2.777532"></trkpt>
    <trkpt lat="42.079243" lon="2.777511"></trkpt>
    <trkpt lat="42.079350" lon="2.777510"></trkpt>
    <trkpt lat="42.079428" lon="2.777519"></trkpt>
    <trkpt lat="42.079498" lon="2.777538"></trkpt>
    <trkpt lat="42.079579" lon="2.777577"></trkpt>
    <trkpt lat="42.079887" lon="2.777754"></trkpt>
    <trkpt lat="42.079970" lon="2.777795"></trkpt>
    <trkpt lat="42.080076" lon="2.777833"></trkpt>
    <trkpt lat="42.080245" lon="2.777872"></trkpt>
    <trkpt lat="42.080395" lon="2.777903"></trkpt>
    <trkpt lat="42.080512" lon="2.777944"></trkpt>
    <trkpt lat="42.080655" lon="2.778001"></trkpt>
    <trkpt lat="42.080984" lon="2.778150"></trkpt>
    <trkpt lat="42.080948" lon="2.778273"></trkpt>
    <trkpt lat="42.081067" lon="2.778809"></trkpt>
    <trkpt lat="42.081130" lon="2.778995"></trkpt>
    <trkpt lat="42.081216" lon="2.779116"></trkpt>
    <trkpt lat="42.081354" lon="2.779242"></trkpt>
    <trkpt lat="42.081584" lon="2.779347"></trkpt>
    <trkpt lat="42.081827" lon="2.779511"></trkpt>
    <trkpt lat="42.082089" lon="2.779745"></trkpt>
    <trkpt lat="42.082340" lon="2.780013"></trkpt>
    <trkpt lat="42.082446" lon="2.780240"></trkpt>
    <trkpt lat="42.082460" lon="2.780361"></trkpt>
    <trkpt lat="42.082454" lon="2.780522"></trkpt>
    <trkpt lat="42.082380" lon="2.780665"></trkpt>
    <trkpt lat="42.082107" lon="2.780961"></trkpt>
    <trkpt lat="42.082029" lon="2.781208"></trkpt>
    <trkpt lat="42.081979" lon="2.781453"></trkpt>
    <trkpt lat="42.081987" lon="2.781873"></trkpt>
    <trkpt lat="42.082010" lon="2.782032"></trkpt>
    <trkpt lat="42.082147" lon="2.782241"></trkpt>
    <trkpt lat="42.082250" lon="2.782359"></trkpt>
    <trkpt lat="42.082318" lon="2.782497"></trkpt>
    <trkpt lat="42.082414" lon="2.782706"></trkpt>
    <trkpt lat="42.082526" lon="2.782841"></trkpt>
    <trkpt lat="42.082640" lon="2.782919"></trkpt>
    <trkpt lat="42.082721" lon="2.782930"></trkpt>
    <trkpt lat="42.082773" lon="2.782956"></trkpt>
    <trkpt lat="42.082855" lon="2.783072"></trkpt>
    <trkpt lat="42.082855" lon="2.783072"></trkpt>
    <trkpt lat="42.082773" lon="2.782956"></trkpt>
    <trkpt lat="42.082721" lon="2.782930"></trkpt>
    <trkpt lat="42.082640" lon="2.782919"></trkpt>
    <trkpt lat="42.082526" lon="2.782841"></trkpt>
    <trkpt lat="42.082414" lon="2.782706"></trkpt>
    <trkpt lat="42.082318" lon="2.782497"></trkpt>
    <trkpt lat="42.082250" lon="2.782359"></trkpt>
    <trkpt lat="42.082147" lon="2.782241"></trkpt>
    <trkpt lat="42.082010" lon="2.782032"></trkpt>
    <trkpt lat="42.081987" lon="2.781873"></trkpt>
    <trkpt lat="42.081979" lon="2.781453"></trkpt>
    <trkpt lat="42.082029" lon="2.781208"></trkpt>
    <trkpt lat="42.082107" lon="2.780961"></trkpt>
    <trkpt lat="42.082380" lon="2.780665"></trkpt>
    <trkpt lat="42.082454" lon="2.780522"></trkpt>
    <trkpt lat="42.082460" lon="2.780361"></trkpt>
    <trkpt lat="42.082446" lon="2.780240"></trkpt>
    <trkpt lat="42.082340" lon="2.780013"></trkpt>
    <trkpt lat="42.082089" lon="2.779745"></trkpt>
    <trkpt lat="42.081827" lon="2.779511"></trkpt>
    <trkpt lat="42.081584" lon="2.779347"></trkpt>
    <trkpt lat="42.081354" lon="2.779242"></trkpt>
    <trkpt lat="42.081216" lon="2.779116"></trkpt>
    <trkpt lat="42.081130" lon="2.778995"></trkpt>
    <trkpt lat="42.081067" lon="2.778809"></trkpt>
    <trkpt lat="42.080948" lon="2.778273"></trkpt>
    <trkpt lat="42.080984" lon="2.778150"></trkpt>
    <trkpt lat="42.080655" lon="2.778001"></trkpt>
    <trkpt lat="42.080512" lon="2.777944"></trkpt>
    <trkpt lat="42.080395" lon="2.777903"></trkpt>
    <trkpt lat="42.080245" lon="2.777872"></trkpt>
    <trkpt lat="42.080076" lon="2.777833"></trkpt>
    <trkpt lat="42.079970" lon="2.777795"></trkpt>
    <trkpt lat="42.079887" lon="2.777754"></trkpt>
    <trkpt lat="42.079579" lon="2.777577"></trkpt>
    <trkpt lat="42.079498" lon="2.777538"></trkpt>
    <trkpt lat="42.079428" lon="2.777519"></trkpt>
    <trkpt lat="42.079350" lon="2.777510"></trkpt>
    <trkpt lat="42.079243" lon="2.777511"></trkpt>
    <trkpt lat="42.078633" lon="2.777532"></trkpt>
    <trkpt lat="42.078430" lon="2.777545"></trkpt>
    <trkpt lat="42.078373" lon="2.777546"></trkpt>
    <trkpt lat="42.078326" lon="2.777545"></trkpt>
    <trkpt lat="42.078276" lon="2.777539"></trkpt>
    <trkpt lat="42.078214" lon="2.777527"></trkpt>
    <trkpt lat="42.078153" lon="2.777504"></trkpt>
    <trkpt lat="42.078069" lon="2.777477"></trkpt>
    <trkpt lat="42.077992" lon="2.777454"></trkpt>
    <trkpt lat="42.077918" lon="2.777448"></trkpt>
    <trkpt lat="42.077862" lon="2.777459"></trkpt>
    <trkpt lat="42.077805" lon="2.777478"></trkpt>
    <trkpt lat="42.077742" lon="2.777515"></trkpt>
    <trkpt lat="42.077689" lon="2.777558"></trkpt>
    <trkpt lat="42.077619" lon="2.777641"></trkpt>
    <trkpt lat="42.077562" lon="2.777735"></trkpt>
    <trkpt lat="42.077511" lon="2.777865"></trkpt>
    <trkpt lat="42.077396" lon="2.778128"></trkpt>
    <trkpt lat="42.077344" lon="2.778229"></trkpt>
    <trkpt lat="42.077272" lon="2.778347"></trkpt>
    <trkpt lat="42.077189" lon="2.778459"></trkpt>
    <trkpt lat="42.077091" lon="2.778573"></trkpt>
    <trkpt lat="42.077016" lon="2.778643"></trkpt>
    <trkpt lat="42.076919" lon="2.778721"></trkpt>
    <trkpt lat="42.076769" lon="2.778824"></trkpt>
    <trkpt lat="42.076694" lon="2.778871"></trkpt>
    <trkpt lat="42.076639" lon="2.778918"></trkpt>
    <trkpt lat="42.076583" lon="2.778978"></trkpt>
    <trkpt lat="42.076529" lon="2.779060"></trkpt>
    <trkpt lat="42.076487" lon="2.779155"></trkpt>
    <trkpt lat="42.076457" lon="2.779253"></trkpt>
    <trkpt lat="42.076436" lon="2.779361"></trkpt>
    <trkpt lat="42.076416" lon="2.779578"></trkpt>
    <trkpt lat="42.076403" lon="2.779736"></trkpt>
    <trkpt lat="42.076385" lon="2.779843"></trkpt>
    <trkpt lat="42.076359" lon="2.779929"></trkpt>
    <trkpt lat="42.076336" lon="2.779994"></trkpt>
    <trkpt lat="42.076302" lon="2.780053"></trkpt>
    <trkpt lat="42.076261" lon="2.780114"></trkpt>
    <trkpt lat="42.076224" lon="2.780159"></trkpt>
    <trkpt lat="42.076169" lon="2.780201"></trkpt>
    <trkpt lat="42.076104" lon="2.780249"></trkpt>
    <trkpt lat="42.076038" lon="2.780274"></trkpt>
    <trkpt lat="42.075963" lon="2.780279"></trkpt>
    <trkpt lat="42.075880" lon="2.780271"></trkpt>
    <trkpt lat="42.075728" lon="2.780228"></trkpt>
    <trkpt lat="42.075689" lon="2.780226"></trkpt>
    <trkpt lat="42.075627" lon="2.780229"></trkpt>
    <trkpt lat="42.075559" lon="2.780246"></trkpt>
    <trkpt lat="42.075472" lon="2.780291"></trkpt>
    <trkpt lat="42.075402" lon="2.780350"></trkpt>
    <trkpt lat="42.075332" lon="2.780451"></trkpt>
    <trkpt lat="42.075284" lon="2.780547"></trkpt>
    <trkpt lat="42.075248" lon="2.780684"></trkpt>
    <trkpt lat="42.075237" lon="2.780791"></trkpt>
    <trkpt lat="42.075232" lon="2.780931"></trkpt>
    <trkpt lat="42.075233" lon="2.781084"></trkpt>
    <trkpt lat="42.075212" lon="2.781195"></trkpt>
    <trkpt lat="42.075184" lon="2.781303"></trkpt>
    <trkpt lat="42.075130" lon="2.781411"></trkpt>
    <trkpt lat="42.075042" lon="2.781546"></trkpt>
    <trkpt lat="42.074941" lon="2.781674"></trkpt>
    <trkpt lat="42.074847" lon="2.781822"></trkpt>
    <trkpt lat="42.074770" lon="2.782032"></trkpt>
    <trkpt lat="42.074697" lon="2.782328"></trkpt>
    <trkpt lat="42.074661" lon="2.782541"></trkpt>
    <trkpt lat="42.074624" lon="2.783020"></trkpt>
    <trkpt lat="42.074611" lon="2.783142"></trkpt>
    <trkpt lat="42.074596" lon="2.783290"></trkpt>
    <trkpt lat="42.074581" lon="2.783454"></trkpt>
    <trkpt lat="42.074566" lon="2.783573"></trkpt>
    <trkpt lat="42.074547" lon="2.783651"></trkpt>
    <trkpt lat="42.074521" lon="2.783722"></trkpt>
    <trkpt lat="42.074476" lon="2.783786"></trkpt>
    <trkpt lat="42.074420" lon="2.783840"></trkpt>
    <trkpt lat="42.074321" lon="2.783868"></trkpt>
    <trkpt lat="42.074175" lon="2.783893"></trkpt>
    <trkpt lat="42.073948" lon="2.783919"></trkpt>
    <trkpt lat="42.073599" lon="2.783946"></trkpt>
    <trkpt lat="42.073472" lon="2.783962"></trkpt>
    <trkpt lat="42.073295" lon="2.783993"></trkpt>
    <trkpt lat="42.073189" lon="2.784038"></trkpt>
    <trkpt lat="42.073102" lon="2.784112"></trkpt>
    <trkpt lat="42.073005" lon="2.784316"></trkpt>
    <trkpt lat="42.072936" lon="2.784495"></trkpt>
    <trkpt lat="42.072885" lon="2.784671"></trkpt>
    <trkpt lat="42.072889" lon="2.784891"></trkpt>
    <trkpt lat="42.072909" lon="2.785145"></trkpt>
    <trkpt lat="42.072904" lon="2.785242"></trkpt>
    <trkpt lat="42.072876" lon="2.785378"></trkpt>
    <trkpt lat="42.072841" lon="2.785473"></trkpt>
    <trkpt lat="42.072780" lon="2.785587"></trkpt>
    <trkpt lat="42.072727" lon="2.785648"></trkpt>
    <trkpt lat="42.072659" lon="2.785728"></trkpt>
    <trkpt lat="42.072558" lon="2.785794"></trkpt>
    <trkpt lat="42.072220" lon="2.785995"></trkpt>
    <trkpt lat="42.071747" lon="2.786276"></trkpt>
    <trkpt lat="42.071208" lon="2.786588"></trkpt>
    <trkpt lat="42.071102" lon="2.786636"></trkpt>
    <trkpt lat="42.070962" lon="2.786689"></trkpt>
    <trkpt lat="42.070768" lon="2.786742"></trkpt>
    <trkpt lat="42.070648" lon="2.786773"></trkpt>
    <trkpt lat="42.070533" lon="2.786846"></trkpt>
    <trkpt lat="42.070501" lon="2.786876"></trkpt>
    <trkpt lat="42.070478" lon="2.786898"></trkpt>
    <trkpt lat="42.070397" lon="2.787002"></trkpt>
    <trkpt lat="42.070160" lon="2.787356"></trkpt>
    <trkpt lat="42.070001" lon="2.787578"></trkpt>
    <trkpt lat="42.069934" lon="2.787706"></trkpt>
    <trkpt lat="42.069895" lon="2.787846"></trkpt>
    <trkpt lat="42.069878" lon="2.787990"></trkpt>
    <trkpt lat="42.069881" lon="2.788128"></trkpt>
    <trkpt lat="42.069899" lon="2.788317"></trkpt>
    <trkpt lat="42.069971" lon="2.788852"></trkpt>
    <trkpt lat="42.070013" lon="2.789163"></trkpt>
    <trkpt lat="42.070141" lon="2.790009"></trkpt>
    <trkpt lat="42.070216" lon="2.790514"></trkpt>
    <trkpt lat="42.070284" lon="2.790913"></trkpt>
    <trkpt lat="42.070342" lon="2.791123"></trkpt>
    <trkpt lat="42.070458" lon="2.791445"></trkpt>
    <trkpt lat="42.070581" lon="2.791745"></trkpt>
    <trkpt lat="42.070648" lon="2.791940"></trkpt>
    <trkpt lat="42.070696" lon="2.792156"></trkpt>
    <trkpt lat="42.070775" lon="2.792514"></trkpt>
    <trkpt lat="42.070849" lon="2.792765"></trkpt>
    <trkpt lat="42.070902" lon="2.792890"></trkpt>
    <trkpt lat="42.071066" lon="2.793138"></trkpt>
    <trkpt lat="42.071216" lon="2.793336"></trkpt>
    <trkpt lat="42.071366" lon="2.793533"></trkpt>
    <trkpt lat="42.071425" lon="2.793640"></trkpt>
    <trkpt lat="42.071466" lon="2.793745"></trkpt>
    <trkpt lat="42.071502" lon="2.793866"></trkpt>
    <trkpt lat="42.071528" lon="2.794011"></trkpt>
    <trkpt lat="42.071542" lon="2.794147"></trkpt>
    <trkpt lat="42.071543" lon="2.794226"></trkpt>
    <trkpt lat="42.071539" lon="2.794326"></trkpt>
    <trkpt lat="42.071524" lon="2.794444"></trkpt>
    <trkpt lat="42.071506" lon="2.794528"></trkpt>
    <trkpt lat="42.071471" lon="2.794663"></trkpt>
    <trkpt lat="42.071415" lon="2.794799"></trkpt>
    <trkpt lat="42.071358" lon="2.794910"></trkpt>
    <trkpt lat="42.071266" lon="2.795084"></trkpt>
    <trkpt lat="42.071197" lon="2.795235"></trkpt>
    <trkpt lat="42.071165" lon="2.795316"></trkpt>
    <trkpt lat="42.071137" lon="2.795405"></trkpt>
    <trkpt lat="42.071117" lon="2.795499"></trkpt>
    <trkpt lat="42.071102" lon="2.795592"></trkpt>
    <trkpt lat="42.071089" lon="2.795735"></trkpt>
    <trkpt lat="42.071063" lon="2.796047"></trkpt>
    <trkpt lat="42.071038" lon="2.796388"></trkpt>
    <trkpt lat="42.071014" lon="2.796728"></trkpt>
    <trkpt lat="42.070949" lon="2.797305"></trkpt>
    <trkpt lat="42.070854" lon="2.798043"></trkpt>
    <trkpt lat="42.070748" lon="2.798711"></trkpt>
    <trkpt lat="42.070697" lon="2.799032"></trkpt>
    <trkpt lat="42.070679" lon="2.799174"></trkpt>
    <trkpt lat="42.070662" lon="2.799369"></trkpt>
    <trkpt lat="42.070660" lon="2.799535"></trkpt>
    <trkpt lat="42.070667" lon="2.799669"></trkpt>
    <trkpt lat="42.070679" lon="2.799760"></trkpt>
    <trkpt lat="42.070695" lon="2.799866"></trkpt>
    <trkpt lat="42.070720" lon="2.799976"></trkpt>
    <trkpt lat="42.070755" lon="2.800095"></trkpt>
    <trkpt lat="42.070801" lon="2.800237"></trkpt>
    <trkpt lat="42.070895" lon="2.800468"></trkpt>
    <trkpt lat="42.071077" lon="2.800922"></trkpt>
    <trkpt lat="42.071219" lon="2.801291"></trkpt>
    <trkpt lat="42.071327" lon="2.801616"></trkpt>
    <trkpt lat="42.071418" lon="2.801952"></trkpt>
    <trkpt lat="42.071445" lon="2.802078"></trkpt>
    <trkpt lat="42.071456" lon="2.802166"></trkpt>
    <trkpt lat="42.071464" lon="2.802253"></trkpt>
    <trkpt lat="42.071463" lon="2.802329"></trkpt>
    <trkpt lat="42.071456" lon="2.802408"></trkpt>
    <trkpt lat="42.071444" lon="2.802474"></trkpt>
    <trkpt lat="42.071435" lon="2.802509"></trkpt>
    <trkpt lat="42.071426" lon="2.802537"></trkpt>
    <trkpt lat="42.071416" lon="2.802561"></trkpt>
    <trkpt lat="42.071398" lon="2.802601"></trkpt>
    <trkpt lat="42.071367" lon="2.802652"></trkpt>
    <trkpt lat="42.071325" lon="2.802706"></trkpt>
    <trkpt lat="42.071285" lon="2.802748"></trkpt>
    <trkpt lat="42.071233" lon="2.802789"></trkpt>
    <trkpt lat="42.071161" lon="2.802833"></trkpt>
    <trkpt lat="42.071085" lon="2.802887"></trkpt>
    <trkpt lat="42.071038" lon="2.802922"></trkpt>
    <trkpt lat="42.070987" lon="2.802972"></trkpt>
    <trkpt lat="42.070961" lon="2.803004"></trkpt>
    <trkpt lat="42.070935" lon="2.803044"></trkpt>
    <trkpt lat="42.070914" lon="2.803084"></trkpt>
    <trkpt lat="42.070887" lon="2.803152"></trkpt>
    <trkpt lat="42.070868" lon="2.803217"></trkpt>
    <trkpt lat="42.070854" lon="2.803294"></trkpt>
    <trkpt lat="42.070850" lon="2.803347"></trkpt>
    <trkpt lat="42.070850" lon="2.803407"></trkpt>
    <trkpt lat="42.070854" lon="2.803458"></trkpt>
    <trkpt lat="42.070865" lon="2.803546"></trkpt>
    <trkpt lat="42.070881" lon="2.803629"></trkpt>
    <trkpt lat="42.070902" lon="2.803713"></trkpt>
    <trkpt lat="42.070931" lon="2.803810"></trkpt>
    <trkpt lat="42.071016" lon="2.804062"></trkpt>
    <trkpt lat="42.071184" lon="2.804549"></trkpt>
    <trkpt lat="42.071275" lon="2.804842"></trkpt>
    <trkpt lat="42.071329" lon="2.805055"></trkpt>
    <trkpt lat="42.071347" lon="2.805157"></trkpt>
    <trkpt lat="42.071361" lon="2.805274"></trkpt>
    <trkpt lat="42.071365" lon="2.805379"></trkpt>
    <trkpt lat="42.071366" lon="2.805474"></trkpt>
    <trkpt lat="42.071366" lon="2.805524"></trkpt>
    <trkpt lat="42.071356" lon="2.805647"></trkpt>
    <trkpt lat="42.071346" lon="2.805732"></trkpt>
    <trkpt lat="42.071331" lon="2.805826"></trkpt>
    <trkpt lat="42.071313" lon="2.805910"></trkpt>
    <trkpt lat="42.071293" lon="2.805995"></trkpt>
    <trkpt lat="42.071282" lon="2.806030"></trkpt>
    <trkpt lat="42.071244" lon="2.806150"></trkpt>
    <trkpt lat="42.071206" lon="2.806255"></trkpt>
    <trkpt lat="42.071075" lon="2.806597"></trkpt>
    <trkpt lat="42.071028" lon="2.806719"></trkpt>
    <trkpt lat="42.070984" lon="2.806845"></trkpt>
    <trkpt lat="42.070938" lon="2.807003"></trkpt>
    <trkpt lat="42.070918" lon="2.807083"></trkpt>
    <trkpt lat="42.070897" lon="2.807177"></trkpt>
    <trkpt lat="42.070884" lon="2.807274"></trkpt>
    <trkpt lat="42.070875" lon="2.807372"></trkpt>
    <trkpt lat="42.070871" lon="2.807473"></trkpt>
    <trkpt lat="42.070870" lon="2.807582"></trkpt>
    <trkpt lat="42.070878" lon="2.807738"></trkpt>
    <trkpt lat="42.070892" lon="2.807888"></trkpt>
    <trkpt lat="42.071014" lon="2.808585"></trkpt>
    <trkpt lat="42.071064" lon="2.808880"></trkpt>
    <trkpt lat="42.071090" lon="2.809075"></trkpt>
    <trkpt lat="42.071101" lon="2.809212"></trkpt>
    <trkpt lat="42.071104" lon="2.809308"></trkpt>
    <trkpt lat="42.071107" lon="2.809470"></trkpt>
    <trkpt lat="42.071100" lon="2.809621"></trkpt>
    <trkpt lat="42.071084" lon="2.809840"></trkpt>
    <trkpt lat="42.071033" lon="2.810327"></trkpt>
    <trkpt lat="42.071001" lon="2.810623"></trkpt>
    <trkpt lat="42.070991" lon="2.810845"></trkpt>
    <trkpt lat="42.070985" lon="2.811019"></trkpt>
    <trkpt lat="42.070987" lon="2.811215"></trkpt>
    <trkpt lat="42.070992" lon="2.811375"></trkpt>
    <trkpt lat="42.071000" lon="2.811566"></trkpt>
    <trkpt lat="42.071013" lon="2.811741"></trkpt>
    <trkpt lat="42.071033" lon="2.812106"></trkpt>
    <trkpt lat="42.071077" lon="2.812767"></trkpt>
    <trkpt lat="42.071091" lon="2.812958"></trkpt>
    <trkpt lat="42.071109" lon="2.813135"></trkpt>
    <trkpt lat="42.071138" lon="2.813363"></trkpt>
    <trkpt lat="42.071168" lon="2.813556"></trkpt>
    <trkpt lat="42.071193" lon="2.813684"></trkpt>
    <trkpt lat="42.071225" lon="2.813811"></trkpt>
    <trkpt lat="42.071262" lon="2.813907"></trkpt>
    <trkpt lat="42.071305" lon="2.813993"></trkpt>
    <trkpt lat="42.071520" lon="2.814376"></trkpt>
    <trkpt lat="42.071624" lon="2.814565"></trkpt>
    <trkpt lat="42.071640" lon="2.814597"></trkpt>
    <trkpt lat="42.071632" lon="2.814687"></trkpt>
    <trkpt lat="42.071624" lon="2.814731"></trkpt>
    <trkpt lat="42.071598" lon="2.814779"></trkpt>
    <trkpt lat="42.071538" lon="2.814826"></trkpt>
    <trkpt lat="42.071348" lon="2.814787"></trkpt>
    <trkpt lat="42.071236" lon="2.814790"></trkpt>
    <trkpt lat="42.067649" lon="2.813397"></trkpt>
    <trkpt lat="42.066369" lon="2.812902"></trkpt>
    <trkpt lat="42.066333" lon="2.812890"></trkpt>
    <trkpt lat="42.065580" lon="2.812637"></trkpt>
    <trkpt lat="42.065419" lon="2.812589"></trkpt>
    <trkpt lat="42.065372" lon="2.812589"></trkpt>
    <trkpt lat="42.065097" lon="2.812517"></trkpt>
    <trkpt lat="42.064807" lon="2.812456"></trkpt>
    <trkpt lat="42.064380" lon="2.812386"></trkpt>
    <trkpt lat="42.064154" lon="2.812363"></trkpt>
    <trkpt lat="42.063839" lon="2.812335"></trkpt>
    <trkpt lat="42.063570" lon="2.812323"></trkpt>
    <trkpt lat="42.063151" lon="2.812322"></trkpt>
    <trkpt lat="42.062819" lon="2.812332"></trkpt>
    <trkpt lat="42.062430" lon="2.812367"></trkpt>
    <trkpt lat="42.062291" lon="2.812383"></trkpt>
    <trkpt lat="42.061942" lon="2.812439"></trkpt>
    <trkpt lat="42.061748" lon="2.812474"></trkpt>
    <trkpt lat="42.061529" lon="2.812519"></trkpt>
    <trkpt lat="42.061083" lon="2.812633"></trkpt>
    <trkpt lat="42.060862" lon="2.812703"></trkpt>
    <trkpt lat="42.060566" lon="2.812812"></trkpt>
    <trkpt lat="42.060350" lon="2.812897"></trkpt>
    <trkpt lat="42.060021" lon="2.813057"></trkpt>
    <trkpt lat="42.059323" lon="2.813464"></trkpt>
    <trkpt lat="42.059025" lon="2.813690"></trkpt>
    <trkpt lat="42.058777" lon="2.813875"></trkpt>
    <trkpt lat="42.058551" lon="2.814060"></trkpt>
    <trkpt lat="42.057692" lon="2.814749"></trkpt>
    <trkpt lat="42.056949" lon="2.815340"></trkpt>
    <trkpt lat="42.056171" lon="2.815976"></trkpt>
    <trkpt lat="42.055665" lon="2.816388"></trkpt>
    <trkpt lat="42.055428" lon="2.816556"></trkpt>
    <trkpt lat="42.054841" lon="2.817018"></trkpt>
    <trkpt lat="42.054633" lon="2.817155"></trkpt>
    <trkpt lat="42.054331" lon="2.817339"></trkpt>
    <trkpt lat="42.054042" lon="2.817491"></trkpt>
    <trkpt lat="42.053837" lon="2.817591"></trkpt>
    <trkpt lat="42.053518" lon="2.817724"></trkpt>
    <trkpt lat="42.053195" lon="2.817836"></trkpt>
    <trkpt lat="42.052904" lon="2.817921"></trkpt>
    <trkpt lat="42.052562" lon="2.818002"></trkpt>
    <trkpt lat="42.052134" lon="2.818093"></trkpt>
    <trkpt lat="42.051959" lon="2.818126"></trkpt>
    <trkpt lat="42.051827" lon="2.818153"></trkpt>
    <trkpt lat="42.051711" lon="2.818178"></trkpt>
    <trkpt lat="42.049726" lon="2.818563"></trkpt>
    <trkpt lat="42.048734" lon="2.818772"></trkpt>
    <trkpt lat="42.048591" lon="2.818803"></trkpt>
    <trkpt lat="42.048121" lon="2.818907"></trkpt>
    <trkpt lat="42.047648" lon="2.819030"></trkpt>
    <trkpt lat="42.047525" lon="2.819070"></trkpt>
    <trkpt lat="42.047382" lon="2.819109"></trkpt>
    <trkpt lat="42.047039" lon="2.819230"></trkpt>
    <trkpt lat="42.046743" lon="2.819344"></trkpt>
    <trkpt lat="42.046435" lon="2.819476"></trkpt>
    <trkpt lat="42.045808" lon="2.819766"></trkpt>
    <trkpt lat="42.044976" lon="2.820167"></trkpt>
    <trkpt lat="42.043845" lon="2.820708"></trkpt>
    <trkpt lat="42.043513" lon="2.820856"></trkpt>
    <trkpt lat="42.043331" lon="2.820951"></trkpt>
    <trkpt lat="42.043008" lon="2.821102"></trkpt>
    <trkpt lat="42.042634" lon="2.821263"></trkpt>
    <trkpt lat="42.042297" lon="2.821405"></trkpt>
    <trkpt lat="42.042058" lon="2.821504"></trkpt>
    <trkpt lat="42.041620" lon="2.821680"></trkpt>
    <trkpt lat="42.040509" lon="2.822081"></trkpt>
    <trkpt lat="42.040040" lon="2.822264"></trkpt>
    <trkpt lat="42.038958" lon="2.822661"></trkpt>
    <trkpt lat="42.038269" lon="2.822896"></trkpt>
    <trkpt lat="42.037762" lon="2.823076"></trkpt>
    <trkpt lat="42.036896" lon="2.823342"></trkpt>
    <trkpt lat="42.036021" lon="2.823607"></trkpt>
    <trkpt lat="42.035274" lon="2.823842"></trkpt>
    <trkpt lat="42.034694" lon="2.824034"></trkpt>
    <trkpt lat="42.034624" lon="2.824065"></trkpt>
    <trkpt lat="42.034491" lon="2.824122"></trkpt>
    <trkpt lat="42.034212" lon="2.824253"></trkpt>
    <trkpt lat="42.033681" lon="2.824598"></trkpt>
    <trkpt lat="42.033570" lon="2.824635"></trkpt>
    <trkpt lat="42.033336" lon="2.824807"></trkpt>
    <trkpt lat="42.033150" lon="2.824929"></trkpt>
    <trkpt lat="42.033044" lon="2.824988"></trkpt>
    <trkpt lat="42.032927" lon="2.825037"></trkpt>
    <trkpt lat="42.032834" lon="2.825069"></trkpt>
    <trkpt lat="42.032697" lon="2.825118"></trkpt>
    <trkpt lat="42.032155" lon="2.825205"></trkpt>
    <trkpt lat="42.031942" lon="2.825245"></trkpt>
    <trkpt lat="42.031844" lon="2.825280"></trkpt>
    <trkpt lat="42.031749" lon="2.825325"></trkpt>
    <trkpt lat="42.031575" lon="2.825438"></trkpt>
    <trkpt lat="42.031431" lon="2.825565"></trkpt>
    <trkpt lat="42.031342" lon="2.825670"></trkpt>
    <trkpt lat="42.031306" lon="2.825713"></trkpt>
    <trkpt lat="42.031220" lon="2.825830"></trkpt>
    <trkpt lat="42.031183" lon="2.825959"></trkpt>
    <trkpt lat="42.031087" lon="2.826168"></trkpt>
    <trkpt lat="42.031014" lon="2.826371"></trkpt>
    <trkpt lat="42.030609" lon="2.827644"></trkpt>
    <trkpt lat="42.030408" lon="2.828259"></trkpt>
    <trkpt lat="42.030349" lon="2.828336"></trkpt>
    <trkpt lat="42.030272" lon="2.828439"></trkpt>
    <trkpt lat="42.030167" lon="2.828531"></trkpt>
    <trkpt lat="42.030052" lon="2.828584"></trkpt>
    <trkpt lat="42.029944" lon="2.828594"></trkpt>
    <trkpt lat="42.029855" lon="2.828582"></trkpt>
    <trkpt lat="42.029767" lon="2.828543"></trkpt>
    <trkpt lat="42.029694" lon="2.828488"></trkpt>
    <trkpt lat="42.029622" lon="2.828410"></trkpt>
    <trkpt lat="42.029550" lon="2.828316"></trkpt>
    <trkpt lat="42.029457" lon="2.828191"></trkpt>
    <trkpt lat="42.029355" lon="2.828037"></trkpt>
    <trkpt lat="42.028722" lon="2.826857"></trkpt>
    <trkpt lat="42.028486" lon="2.826325"></trkpt>
    <trkpt lat="42.028142" lon="2.825557"></trkpt>
    <trkpt lat="42.027806" lon="2.824791"></trkpt>
    <trkpt lat="42.027614" lon="2.824376"></trkpt>
    <trkpt lat="42.027475" lon="2.824091"></trkpt>
    <trkpt lat="42.026616" lon="2.822400"></trkpt>
    <trkpt lat="42.026359" lon="2.821960"></trkpt>
    <trkpt lat="42.026124" lon="2.821575"></trkpt>
    <trkpt lat="42.025771" lon="2.821036"></trkpt>
    <trkpt lat="42.025423" lon="2.820527"></trkpt>
    <trkpt lat="42.025142" lon="2.820146"></trkpt>
    <trkpt lat="42.024864" lon="2.819788"></trkpt>
    <trkpt lat="42.024650" lon="2.819517"></trkpt>
    <trkpt lat="42.024339" lon="2.819148"></trkpt>
    <trkpt lat="42.023843" lon="2.818600"></trkpt>
    <trkpt lat="42.023226" lon="2.817977"></trkpt>
    <trkpt lat="42.022850" lon="2.817628"></trkpt>
    <trkpt lat="42.022610" lon="2.817418"></trkpt>
    <trkpt lat="42.022376" lon="2.817223"></trkpt>
    <trkpt lat="42.022117" lon="2.817008"></trkpt>
    <trkpt lat="42.021844" lon="2.816796"></trkpt>
    <trkpt lat="42.021608" lon="2.816618"></trkpt>
    <trkpt lat="42.020968" lon="2.816197"></trkpt>
    <trkpt lat="42.020777" lon="2.816065"></trkpt>
    <trkpt lat="42.020614" lon="2.815963"></trkpt>
    <trkpt lat="42.020243" lon="2.815752"></trkpt>
    <trkpt lat="42.020030" lon="2.815632"></trkpt>
    <trkpt lat="42.019518" lon="2.815362"></trkpt>
    <trkpt lat="42.018969" lon="2.815095"></trkpt>
    <trkpt lat="42.018643" lon="2.814938"></trkpt>
    <trkpt lat="42.017854" lon="2.814572"></trkpt>
    <trkpt lat="42.017341" lon="2.814339"></trkpt>
    <trkpt lat="42.015803" lon="2.813603"></trkpt>
    <trkpt lat="42.015065" lon="2.813213"></trkpt>
    <trkpt lat="42.014329" lon="2.812759"></trkpt>
    <trkpt lat="42.013780" lon="2.812379"></trkpt>
    <trkpt lat="42.013248" lon="2.811984"></trkpt>
    <trkpt lat="42.012135" lon="2.811051"></trkpt>
    <trkpt lat="42.011779" lon="2.810744"></trkpt>
    <trkpt lat="42.011169" lon="2.810221"></trkpt>
    <trkpt lat="42.010893" lon="2.809995"></trkpt>
    <trkpt lat="42.010656" lon="2.809824"></trkpt>
    <trkpt lat="42.010469" lon="2.809693"></trkpt>
    <trkpt lat="42.010282" lon="2.809555"></trkpt>
    <trkpt lat="42.009965" lon="2.809347"></trkpt>
    <trkpt lat="42.009746" lon="2.809206"></trkpt>
    <trkpt lat="42.009419" lon="2.808999"></trkpt>
    <trkpt lat="42.008981" lon="2.808753"></trkpt>
    <trkpt lat="42.008589" lon="2.808555"></trkpt>
    <trkpt lat="42.008283" lon="2.808407"></trkpt>
    <trkpt lat="42.007919" lon="2.808239"></trkpt>
    <trkpt lat="42.007243" lon="2.807940"></trkpt>
    <trkpt lat="42.006994" lon="2.807843"></trkpt>
    <trkpt lat="42.006506" lon="2.807607"></trkpt>
    <trkpt lat="42.005441" lon="2.807066"></trkpt>
    <trkpt lat="42.004835" lon="2.806720"></trkpt>
    <trkpt lat="42.004146" lon="2.806293"></trkpt>
    <trkpt lat="42.003568" lon="2.805868"></trkpt>
    <trkpt lat="42.002864" lon="2.805321"></trkpt>
    <trkpt lat="42.002280" lon="2.804833"></trkpt>
    <trkpt lat="42.001546" lon="2.804139"></trkpt>
    <trkpt lat="42.000984" lon="2.803559"></trkpt>
    <trkpt lat="42.000510" lon="2.803034"></trkpt>
    <trkpt lat="41.999955" lon="2.802411"></trkpt>
    <trkpt lat="41.999356" lon="2.801724"></trkpt>
    <trkpt lat="41.998811" lon="2.801052"></trkpt>
    <trkpt lat="41.998248" lon="2.800329"></trkpt>
    <trkpt lat="41.997707" lon="2.799619"></trkpt>
    <trkpt lat="41.996972" lon="2.798584"></trkpt>
    <trkpt lat="41.996496" lon="2.797902"></trkpt>
    <trkpt lat="41.996407" lon="2.797761"></trkpt>
    <trkpt lat="41.996274" lon="2.797420"></trkpt>
    <trkpt lat="41.996106" lon="2.797147"></trkpt>
    <trkpt lat="41.995883" lon="2.796801"></trkpt>
    <trkpt lat="41.995727" lon="2.796501"></trkpt>
    <trkpt lat="41.995617" lon="2.796236"></trkpt>
    <trkpt lat="41.995529" lon="2.795913"></trkpt>
    <trkpt lat="41.995444" lon="2.795564"></trkpt>
    <trkpt lat="41.995386" lon="2.794907"></trkpt>
    <trkpt lat="41.995359" lon="2.794336"></trkpt>
    <trkpt lat="41.995333" lon="2.794093"></trkpt>
    <trkpt lat="41.995306" lon="2.793961"></trkpt>
    <trkpt lat="41.995268" lon="2.793823"></trkpt>
    <trkpt lat="41.995171" lon="2.793556"></trkpt>
    <trkpt lat="41.995068" lon="2.793366"></trkpt>
    <trkpt lat="41.994923" lon="2.793186"></trkpt>
    <trkpt lat="41.994796" lon="2.793064"></trkpt>
    <trkpt lat="41.994689" lon="2.792973"></trkpt>
    <trkpt lat="41.994528" lon="2.792883"></trkpt>
    <trkpt lat="41.994335" lon="2.792821"></trkpt>
    <trkpt lat="41.994107" lon="2.792787"></trkpt>
    <trkpt lat="41.993766" lon="2.792799"></trkpt>
    <trkpt lat="41.993481" lon="2.792845"></trkpt>
    <trkpt lat="41.992944" lon="2.792993"></trkpt>
    <trkpt lat="41.992672" lon="2.793100"></trkpt>
    <trkpt lat="41.992314" lon="2.793287"></trkpt>
    <trkpt lat="41.992052" lon="2.793460"></trkpt>
    <trkpt lat="41.991529" lon="2.793823"></trkpt>
    <trkpt lat="41.991509" lon="2.793838"></trkpt>
    <trkpt lat="41.991098" lon="2.794171"></trkpt>
    <trkpt lat="41.991024" lon="2.794236"></trkpt>
    <trkpt lat="41.990884" lon="2.794398"></trkpt>
    <trkpt lat="41.990812" lon="2.794501"></trkpt>
    <trkpt lat="41.990734" lon="2.794643"></trkpt>
    <trkpt lat="41.990661" lon="2.794736"></trkpt>
    <trkpt lat="41.990611" lon="2.794779"></trkpt>
    <trkpt lat="41.990536" lon="2.794822"></trkpt>
    <trkpt lat="41.990488" lon="2.794811"></trkpt>
    <trkpt lat="41.990397" lon="2.794714"></trkpt>
    <trkpt lat="41.990368" lon="2.794659"></trkpt>
    <trkpt lat="41.990343" lon="2.794608"></trkpt>
    <trkpt lat="41.990321" lon="2.794546"></trkpt>
    <trkpt lat="41.990187" lon="2.793747"></trkpt>
    <trkpt lat="41.990152" lon="2.793540"></trkpt>
    <trkpt lat="41.990147" lon="2.793511"></trkpt>
    <trkpt lat="41.990131" lon="2.793419"></trkpt>
    <trkpt lat="41.990036" lon="2.792848"></trkpt>
    <trkpt lat="41.989924" lon="2.792179"></trkpt>
    <trkpt lat="41.989884" lon="2.791896"></trkpt>
    <trkpt lat="41.989862" lon="2.791649"></trkpt>
    <trkpt lat="41.989844" lon="2.791358"></trkpt>
    <trkpt lat="41.989838" lon="2.790881"></trkpt>
    <trkpt lat="41.989897" lon="2.789924"></trkpt>
    <trkpt lat="41.989951" lon="2.788978"></trkpt>
    <trkpt lat="41.989960" lon="2.788685"></trkpt>
    <trkpt lat="41.989980" lon="2.788367"></trkpt>
    <trkpt lat="41.989994" lon="2.788152"></trkpt>
    <trkpt lat="41.990004" lon="2.787926"></trkpt>
    <trkpt lat="41.990007" lon="2.787860"></trkpt>
    <trkpt lat="41.990013" lon="2.787427"></trkpt>
    <trkpt lat="41.990005" lon="2.787106"></trkpt>
    <trkpt lat="41.989919" lon="2.785710"></trkpt>
    <trkpt lat="41.989911" lon="2.785545"></trkpt>
    <trkpt lat="41.989901" lon="2.785110"></trkpt>
    <trkpt lat="41.989904" lon="2.784821"></trkpt>
    <trkpt lat="41.989915" lon="2.784364"></trkpt>
    <trkpt lat="41.989932" lon="2.783732"></trkpt>
    <trkpt lat="41.989947" lon="2.783124"></trkpt>
    <trkpt lat="41.989961" lon="2.782554"></trkpt>
    <trkpt lat="41.989978" lon="2.781931"></trkpt>
    <trkpt lat="41.989989" lon="2.781563"></trkpt>
    <trkpt lat="41.989996" lon="2.781440"></trkpt>
    <trkpt lat="41.990043" lon="2.779545"></trkpt>
    <trkpt lat="41.990103" lon="2.777155"></trkpt>
    <trkpt lat="41.990106" lon="2.777059"></trkpt>
    <trkpt lat="41.990126" lon="2.776516"></trkpt>
    <trkpt lat="41.990127" lon="2.776444"></trkpt>
    <trkpt lat="41.990132" lon="2.776243"></trkpt>
    <trkpt lat="41.990146" lon="2.775895"></trkpt>
    <trkpt lat="41.990156" lon="2.775438"></trkpt>
    <trkpt lat="41.990167" lon="2.775014"></trkpt>
    <trkpt lat="41.990174" lon="2.774721"></trkpt>
    <trkpt lat="41.990178" lon="2.774587"></trkpt>
    <trkpt lat="41.990225" lon="2.774399"></trkpt>
    <trkpt lat="41.990288" lon="2.774305"></trkpt>
    <trkpt lat="41.990319" lon="2.774269"></trkpt>
    <trkpt lat="41.990344" lon="2.774221"></trkpt>
    <trkpt lat="41.990360" lon="2.774167"></trkpt>
    <trkpt lat="41.990365" lon="2.774109"></trkpt>
    <trkpt lat="41.990359" lon="2.774053"></trkpt>
    <trkpt lat="41.990344" lon="2.774000"></trkpt>
    <trkpt lat="41.990320" lon="2.773954"></trkpt>
    <trkpt lat="41.990287" lon="2.773916"></trkpt>
    <trkpt lat="41.990227" lon="2.773784"></trkpt>
    <trkpt lat="41.990211" lon="2.773674"></trkpt>
    <trkpt lat="41.990229" lon="2.772713"></trkpt>
    <trkpt lat="41.990241" lon="2.772276"></trkpt>
    <trkpt lat="41.990243" lon="2.772202"></trkpt>
    <trkpt lat="41.990333" lon="2.769199"></trkpt>
    <trkpt lat="41.990356" lon="2.767706"></trkpt>
    <trkpt lat="41.990358" lon="2.767602"></trkpt>
    <trkpt lat="41.990379" lon="2.767084"></trkpt>
    <trkpt lat="41.990387" lon="2.767037"></trkpt>
    <trkpt lat="41.990401" lon="2.766944"></trkpt>
    <trkpt lat="41.990417" lon="2.766883"></trkpt>
    <trkpt lat="41.990445" lon="2.766813"></trkpt>
    <trkpt lat="41.990481" lon="2.766743"></trkpt>
    <trkpt lat="41.990527" lon="2.766706"></trkpt>
    <trkpt lat="41.990564" lon="2.766656"></trkpt>
    <trkpt lat="41.990591" lon="2.766594"></trkpt>
    <trkpt lat="41.990608" lon="2.766513"></trkpt>
    <trkpt lat="41.990608" lon="2.766429"></trkpt>
    <trkpt lat="41.990589" lon="2.766349"></trkpt>
    <trkpt lat="41.990572" lon="2.766308"></trkpt>
    <trkpt lat="41.990550" lon="2.766272"></trkpt>
    <trkpt lat="41.990537" lon="2.766254"></trkpt>
    <trkpt lat="41.990488" lon="2.766131"></trkpt>
    <trkpt lat="41.990452" lon="2.766036"></trkpt>
    <trkpt lat="41.990431" lon="2.765960"></trkpt>
    <trkpt lat="41.990410" lon="2.765822"></trkpt>
    <trkpt lat="41.990455" lon="2.764160"></trkpt>
    <trkpt lat="41.990461" lon="2.764040"></trkpt>
    <trkpt lat="41.990461" lon="2.763979"></trkpt>
    <trkpt lat="41.990484" lon="2.763355"></trkpt>
    <trkpt lat="41.990487" lon="2.762938"></trkpt>
    <trkpt lat="41.990492" lon="2.762517"></trkpt>
    <trkpt lat="41.990509" lon="2.762077"></trkpt>
    <trkpt lat="41.990528" lon="2.761468"></trkpt>
    <trkpt lat="41.990540" lon="2.761058"></trkpt>
    <trkpt lat="41.990544" lon="2.760926"></trkpt>
    <trkpt lat="41.990551" lon="2.760722"></trkpt>
    <trkpt lat="41.990556" lon="2.760559"></trkpt>
    <trkpt lat="41.990558" lon="2.760488"></trkpt>
    <trkpt lat="41.990587" lon="2.759500"></trkpt>
    <trkpt lat="41.990589" lon="2.759410"></trkpt>
    <trkpt lat="41.990591" lon="2.759360"></trkpt>
    <trkpt lat="41.990601" lon="2.758925"></trkpt>
    <trkpt lat="41.990604" lon="2.758812"></trkpt>
    <trkpt lat="41.990611" lon="2.758326"></trkpt>
    <trkpt lat="41.990618" lon="2.757799"></trkpt>
    <trkpt lat="41.990628" lon="2.757100"></trkpt>
    <trkpt lat="41.990629" lon="2.757020"></trkpt>
    <trkpt lat="41.990633" lon="2.756892"></trkpt>
    <trkpt lat="41.990663" lon="2.755871"></trkpt>
    <trkpt lat="41.990666" lon="2.755780"></trkpt>
    <trkpt lat="41.990669" lon="2.755676"></trkpt>
    <trkpt lat="41.990677" lon="2.755376"></trkpt>
    <trkpt lat="41.990691" lon="2.754856"></trkpt>
    <trkpt lat="41.990702" lon="2.754663"></trkpt>
    <trkpt lat="41.990718" lon="2.754520"></trkpt>
    <trkpt lat="41.990740" lon="2.754418"></trkpt>
    <trkpt lat="41.990767" lon="2.754326"></trkpt>
    <trkpt lat="41.990836" lon="2.754170"></trkpt>
    <trkpt lat="41.990898" lon="2.754075"></trkpt>
    <trkpt lat="41.990953" lon="2.754006"></trkpt>
    <trkpt lat="41.991054" lon="2.753875"></trkpt>
    <trkpt lat="41.991159" lon="2.753738"></trkpt>
    <trkpt lat="41.991250" lon="2.753631"></trkpt>
    <trkpt lat="41.991382" lon="2.753464"></trkpt>
    <trkpt lat="41.991475" lon="2.753415"></trkpt>
    <trkpt lat="41.991573" lon="2.753386"></trkpt>
    <trkpt lat="41.991592" lon="2.753387"></trkpt>
    <trkpt lat="41.991611" lon="2.753385"></trkpt>
    <trkpt lat="41.991630" lon="2.753378"></trkpt>
    <trkpt lat="41.991645" lon="2.753369"></trkpt>
    <trkpt lat="41.991659" lon="2.753357"></trkpt>
    <trkpt lat="41.991672" lon="2.753342"></trkpt>
    <trkpt lat="41.991683" lon="2.753324"></trkpt>
    <trkpt lat="41.991691" lon="2.753305"></trkpt>
    <trkpt lat="41.991698" lon="2.753286"></trkpt>
    <trkpt lat="41.991702" lon="2.753267"></trkpt>
    <trkpt lat="41.991704" lon="2.753247"></trkpt>
    <trkpt lat="41.991704" lon="2.753226"></trkpt>
    <trkpt lat="41.991715" lon="2.753159"></trkpt>
    <trkpt lat="41.991730" lon="2.753086"></trkpt>
    <trkpt lat="41.991786" lon="2.752946"></trkpt>
    <trkpt lat="41.991835" lon="2.752885"></trkpt>
    <trkpt lat="41.992167" lon="2.752471"></trkpt>
    <trkpt lat="41.992437" lon="2.752133"></trkpt>
    <trkpt lat="41.993004" lon="2.751431"></trkpt>
    <trkpt lat="41.993832" lon="2.750338"></trkpt>
    <trkpt lat="41.994239" lon="2.749816"></trkpt>
    <trkpt lat="41.994310" lon="2.749724"></trkpt>
    <trkpt lat="41.994942" lon="2.748923"></trkpt>
    <trkpt lat="41.995325" lon="2.748411"></trkpt>
    <trkpt lat="41.996043" lon="2.747480"></trkpt>
    <trkpt lat="41.996365" lon="2.747080"></trkpt>
    <trkpt lat="41.997013" lon="2.746265"></trkpt>
    <trkpt lat="41.997239" lon="2.745969"></trkpt>
    <trkpt lat="41.997706" lon="2.745348"></trkpt>
    <trkpt lat="41.998216" lon="2.744707"></trkpt>
    <trkpt lat="41.998784" lon="2.743999"></trkpt>
    <trkpt lat="41.999031" lon="2.743685"></trkpt>
    <trkpt lat="42.000313" lon="2.742052"></trkpt>
    <trkpt lat="42.001140" lon="2.741008"></trkpt>
    <trkpt lat="42.001699" lon="2.740300"></trkpt>
    <trkpt lat="42.002702" lon="2.739023"></trkpt>
    <trkpt lat="42.003110" lon="2.738500"></trkpt>
    <trkpt lat="42.003389" lon="2.738153"></trkpt>
    <trkpt lat="42.003467" lon="2.738075"></trkpt>
    <trkpt lat="42.003508" lon="2.738029"></trkpt>
    <trkpt lat="42.003602" lon="2.737971"></trkpt>
    <trkpt lat="42.003669" lon="2.737941"></trkpt>
    <trkpt lat="42.003772" lon="2.737908"></trkpt>
    <trkpt lat="42.003878" lon="2.737885"></trkpt>
    <trkpt lat="42.004462" lon="2.737850"></trkpt>
    <trkpt lat="42.005133" lon="2.737809"></trkpt>
    <trkpt lat="42.005674" lon="2.737775"></trkpt>
    <trkpt lat="42.006183" lon="2.737742"></trkpt>
    <trkpt lat="42.006331" lon="2.737750"></trkpt>
    <trkpt lat="42.006566" lon="2.737743"></trkpt>
    <trkpt lat="42.006728" lon="2.737764"></trkpt>
    <trkpt lat="42.007113" lon="2.737748"></trkpt>
    <trkpt lat="42.007207" lon="2.737756"></trkpt>
    <trkpt lat="42.007268" lon="2.737790"></trkpt>
    <trkpt lat="42.007356" lon="2.737879"></trkpt>
    <trkpt lat="42.007368" lon="2.737922"></trkpt>
    <trkpt lat="42.007419" lon="2.738023"></trkpt>
    <trkpt lat="42.007689" lon="2.739014"></trkpt>
    <trkpt lat="42.007757" lon="2.739264"></trkpt>
    <trkpt lat="42.007809" lon="2.739480"></trkpt>
    <trkpt lat="42.007849" lon="2.739675"></trkpt>
    <trkpt lat="42.007876" lon="2.739849"></trkpt>
    <trkpt lat="42.007895" lon="2.740019"></trkpt>
    <trkpt lat="42.007901" lon="2.740187"></trkpt>
    <trkpt lat="42.007899" lon="2.740429"></trkpt>
    <trkpt lat="42.007882" lon="2.740716"></trkpt>
    <trkpt lat="42.007864" lon="2.740935"></trkpt>
    <trkpt lat="42.007863" lon="2.741054"></trkpt>
    <trkpt lat="42.007865" lon="2.741164"></trkpt>
    <trkpt lat="42.007875" lon="2.741247"></trkpt>
    <trkpt lat="42.007889" lon="2.741324"></trkpt>
    <trkpt lat="42.007917" lon="2.741425"></trkpt>
    <trkpt lat="42.007945" lon="2.741506"></trkpt>
    <trkpt lat="42.007982" lon="2.741597"></trkpt>
    <trkpt lat="42.008024" lon="2.741682"></trkpt>
    <trkpt lat="42.008127" lon="2.741837"></trkpt>
    <trkpt lat="42.008186" lon="2.741906"></trkpt>
    <trkpt lat="42.008259" lon="2.741983"></trkpt>
    <trkpt lat="42.008329" lon="2.742042"></trkpt>
    <trkpt lat="42.008389" lon="2.742088"></trkpt>
    <trkpt lat="42.008506" lon="2.742159"></trkpt>
    <trkpt lat="42.008739" lon="2.742284"></trkpt>
    <trkpt lat="42.008804" lon="2.742314"></trkpt>
    <trkpt lat="42.008942" lon="2.742377"></trkpt>
    <trkpt lat="42.009152" lon="2.742442"></trkpt>
    <trkpt lat="42.009577" lon="2.742544"></trkpt>
    <trkpt lat="42.009821" lon="2.742605"></trkpt>
    <trkpt lat="42.009895" lon="2.742623"></trkpt>
    <trkpt lat="42.009978" lon="2.742656"></trkpt>
    <trkpt lat="42.010041" lon="2.742691"></trkpt>
    <trkpt lat="42.010271" lon="2.742842"></trkpt>
    <trkpt lat="42.010402" lon="2.742921"></trkpt>
    <trkpt lat="42.010970" lon="2.743185"></trkpt>
    <trkpt lat="42.011150" lon="2.743260"></trkpt>
    <trkpt lat="42.011266" lon="2.743300"></trkpt>
    <trkpt lat="42.011375" lon="2.743323"></trkpt>
    <trkpt lat="42.011486" lon="2.743326"></trkpt>
    <trkpt lat="42.011617" lon="2.743319"></trkpt>
    <trkpt lat="42.011713" lon="2.743304"></trkpt>
    <trkpt lat="42.011869" lon="2.743270"></trkpt>
    <trkpt lat="42.012410" lon="2.743091"></trkpt>
    <trkpt lat="42.013137" lon="2.742844"></trkpt>
    <trkpt lat="42.013413" lon="2.742746"></trkpt>
    <trkpt lat="42.013514" lon="2.742721"></trkpt>
    <trkpt lat="42.013619" lon="2.742702"></trkpt>
    <trkpt lat="42.013775" lon="2.742683"></trkpt>
    <trkpt lat="42.013966" lon="2.742688"></trkpt>
    <trkpt lat="42.014801" lon="2.742690"></trkpt>
    <trkpt lat="42.015313" lon="2.742685"></trkpt>
    <trkpt lat="42.015527" lon="2.742701"></trkpt>
    <trkpt lat="42.015700" lon="2.742759"></trkpt>
    <trkpt lat="42.015810" lon="2.742826"></trkpt>
    <trkpt lat="42.015910" lon="2.742913"></trkpt>
    <trkpt lat="42.015997" lon="2.743004"></trkpt>
    <trkpt lat="42.016067" lon="2.743091"></trkpt>
    <trkpt lat="42.016408" lon="2.743567"></trkpt>
    <trkpt lat="42.016906" lon="2.744156"></trkpt>
    <trkpt lat="42.017003" lon="2.744256"></trkpt>
    <trkpt lat="42.017082" lon="2.744319"></trkpt>
    <trkpt lat="42.017200" lon="2.744394"></trkpt>
    <trkpt lat="42.017333" lon="2.744445"></trkpt>
    <trkpt lat="42.017758" lon="2.744578"></trkpt>
    <trkpt lat="42.018212" lon="2.744718"></trkpt>
    <trkpt lat="42.019154" lon="2.745014"></trkpt>
    <trkpt lat="42.019287" lon="2.745044"></trkpt>
    <trkpt lat="42.019428" lon="2.745057"></trkpt>
    <trkpt lat="42.019524" lon="2.745046"></trkpt>
    <trkpt lat="42.019638" lon="2.745023"></trkpt>
    <trkpt lat="42.019841" lon="2.744948"></trkpt>
    <trkpt lat="42.020438" lon="2.744688"></trkpt>
    <trkpt lat="42.020657" lon="2.744589"></trkpt>
    <trkpt lat="42.023125" lon="2.743537"></trkpt>
    <trkpt lat="42.024305" lon="2.743029"></trkpt>
    <trkpt lat="42.026304" lon="2.742167"></trkpt>
    <trkpt lat="42.026903" lon="2.741916"></trkpt>
    <trkpt lat="42.027194" lon="2.741778"></trkpt>
    <trkpt lat="42.027332" lon="2.741697"></trkpt>
    <trkpt lat="42.027522" lon="2.741562"></trkpt>
    <trkpt lat="42.027730" lon="2.741394"></trkpt>
    <trkpt lat="42.028528" lon="2.740784"></trkpt>
    <trkpt lat="42.028808" lon="2.740566"></trkpt>
    <trkpt lat="42.029093" lon="2.740386"></trkpt>
    <trkpt lat="42.029474" lon="2.740153"></trkpt>
    <trkpt lat="42.029735" lon="2.740006"></trkpt>
    <trkpt lat="42.029893" lon="2.739933"></trkpt>
    <trkpt lat="42.029984" lon="2.739895"></trkpt>
    <trkpt lat="42.030180" lon="2.739837"></trkpt>
    <trkpt lat="42.030455" lon="2.739775"></trkpt>
    <trkpt lat="42.030690" lon="2.739729"></trkpt>
    <trkpt lat="42.031278" lon="2.739643"></trkpt>
    <trkpt lat="42.031361" lon="2.739618"></trkpt>
    <trkpt lat="42.031453" lon="2.739579"></trkpt>
    <trkpt lat="42.031542" lon="2.739526"></trkpt>
    <trkpt lat="42.031615" lon="2.739473"></trkpt>
    <trkpt lat="42.031940" lon="2.739191"></trkpt>
    <trkpt lat="42.032017" lon="2.739118"></trkpt>
    <trkpt lat="42.032105" lon="2.739026"></trkpt>
    <trkpt lat="42.032194" lon="2.738930"></trkpt>
    <trkpt lat="42.032268" lon="2.738846"></trkpt>
    <trkpt lat="42.032337" lon="2.738765"></trkpt>
    <trkpt lat="42.032460" lon="2.738605"></trkpt>
    <trkpt lat="42.032717" lon="2.738243"></trkpt>
    <trkpt lat="42.032948" lon="2.737918"></trkpt>
    <trkpt lat="42.033239" lon="2.737518"></trkpt>
    <trkpt lat="42.033373" lon="2.737345"></trkpt>
    <trkpt lat="42.033451" lon="2.737254"></trkpt>
    <trkpt lat="42.033479" lon="2.737220"></trkpt>
    <trkpt lat="42.033518" lon="2.737175"></trkpt>
    <trkpt lat="42.033704" lon="2.737001"></trkpt>
    <trkpt lat="42.034205" lon="2.736585"></trkpt>
    <trkpt lat="42.034509" lon="2.736337"></trkpt>
    <trkpt lat="42.034751" lon="2.736139"></trkpt>
    <trkpt lat="42.035004" lon="2.735923"></trkpt>
    <trkpt lat="42.035262" lon="2.735676"></trkpt>
    <trkpt lat="42.035478" lon="2.735441"></trkpt>
    <trkpt lat="42.035710" lon="2.735189"></trkpt>
    <trkpt lat="42.035833" lon="2.735066"></trkpt>
    <trkpt lat="42.035909" lon="2.735003"></trkpt>
    <trkpt lat="42.035998" lon="2.734936"></trkpt>
    <trkpt lat="42.036199" lon="2.734813"></trkpt>
    <trkpt lat="42.036352" lon="2.734748"></trkpt>
    <trkpt lat="42.036515" lon="2.734685"></trkpt>
    <trkpt lat="42.036686" lon="2.734645"></trkpt>
    <trkpt lat="42.036827" lon="2.734613"></trkpt>
    <trkpt lat="42.036961" lon="2.734584"></trkpt>
    <trkpt lat="42.037106" lon="2.734560"></trkpt>
    <trkpt lat="42.037239" lon="2.734542"></trkpt>
    <trkpt lat="42.037393" lon="2.734535"></trkpt>
    <trkpt lat="42.037566" lon="2.734530"></trkpt>
    <trkpt lat="42.037724" lon="2.734520"></trkpt>
    <trkpt lat="42.037834" lon="2.734511"></trkpt>
    <trkpt lat="42.037906" lon="2.734498"></trkpt>
    <trkpt lat="42.037953" lon="2.734482"></trkpt>
    <trkpt lat="42.038034" lon="2.734440"></trkpt>
    <trkpt lat="42.038085" lon="2.734412"></trkpt>
    <trkpt lat="42.038115" lon="2.734396"></trkpt>
    <trkpt lat="42.038150" lon="2.734372"></trkpt>
    <trkpt lat="42.038190" lon="2.734346"></trkpt>
    <trkpt lat="42.038290" lon="2.734267"></trkpt>
    <trkpt lat="42.038383" lon="2.734198"></trkpt>
    <trkpt lat="42.038609" lon="2.734022"></trkpt>
    <trkpt lat="42.038852" lon="2.733833"></trkpt>
    <trkpt lat="42.039082" lon="2.733654"></trkpt>
    <trkpt lat="42.039325" lon="2.733466"></trkpt>
    <trkpt lat="42.039495" lon="2.733332"></trkpt>
    <trkpt lat="42.039508" lon="2.733321"></trkpt>
    <trkpt lat="42.039564" lon="2.733275"></trkpt>
    <trkpt lat="42.039603" lon="2.733232"></trkpt>
    <trkpt lat="42.039645" lon="2.733177"></trkpt>
    <trkpt lat="42.039653" lon="2.733162"></trkpt>
    <trkpt lat="42.039669" lon="2.733130"></trkpt>
    <trkpt lat="42.039692" lon="2.733060"></trkpt>
    <trkpt lat="42.039720" lon="2.732949"></trkpt>
    <trkpt lat="42.039754" lon="2.732829"></trkpt>
    <trkpt lat="42.039780" lon="2.732756"></trkpt>
    <trkpt lat="42.039797" lon="2.732713"></trkpt>
    <trkpt lat="42.039826" lon="2.732657"></trkpt>
    <trkpt lat="42.039961" lon="2.732435"></trkpt>
    <trkpt lat="42.040110" lon="2.732202"></trkpt>
    <trkpt lat="42.040170" lon="2.732119"></trkpt>
    <trkpt lat="42.040223" lon="2.732052"></trkpt>
    <trkpt lat="42.040271" lon="2.732002"></trkpt>
    <trkpt lat="42.040333" lon="2.731946"></trkpt>
    <trkpt lat="42.040554" lon="2.731788"></trkpt>
    <trkpt lat="42.040812" lon="2.731562"></trkpt>
    <trkpt lat="42.040844" lon="2.731527"></trkpt>
    <trkpt lat="42.040892" lon="2.731470"></trkpt>
    <trkpt lat="42.040952" lon="2.731385"></trkpt>
    <trkpt lat="42.041015" lon="2.731284"></trkpt>
    <trkpt lat="42.041071" lon="2.731191"></trkpt>
    <trkpt lat="42.041112" lon="2.731126"></trkpt>
    <trkpt lat="42.041154" lon="2.731066"></trkpt>
    <trkpt lat="42.041200" lon="2.731003"></trkpt>
    <trkpt lat="42.041274" lon="2.730921"></trkpt>
    <trkpt lat="42.041363" lon="2.730837"></trkpt>
    <trkpt lat="42.041463" lon="2.730754"></trkpt>
    <trkpt lat="42.041578" lon="2.730660"></trkpt>
    <trkpt lat="42.041713" lon="2.730546"></trkpt>
    <trkpt lat="42.041983" lon="2.730319"></trkpt>
    <trkpt lat="42.042144" lon="2.730182"></trkpt>
    <trkpt lat="42.042243" lon="2.730097"></trkpt>
    <trkpt lat="42.042387" lon="2.729971"></trkpt>
    <trkpt lat="42.042521" lon="2.729859"></trkpt>
    <trkpt lat="42.042621" lon="2.729782"></trkpt>
    <trkpt lat="42.042783" lon="2.729682"></trkpt>
    <trkpt lat="42.042974" lon="2.729492"></trkpt>
    <trkpt lat="42.043129" lon="2.729364"></trkpt>
    <trkpt lat="42.043311" lon="2.729259"></trkpt>
    <trkpt lat="42.043482" lon="2.729179"></trkpt>
    <trkpt lat="42.043627" lon="2.729136"></trkpt>
    <trkpt lat="42.043742" lon="2.729080"></trkpt>
    <trkpt lat="42.043899" lon="2.728968"></trkpt>
    <trkpt lat="42.044041" lon="2.728889"></trkpt>
    <trkpt lat="42.044221" lon="2.728813"></trkpt>
    <trkpt lat="42.044925" lon="2.728570"></trkpt>
    <trkpt lat="42.045084" lon="2.728479"></trkpt>
    <trkpt lat="42.045175" lon="2.728417"></trkpt>
    <trkpt lat="42.045279" lon="2.728320"></trkpt>
    <trkpt lat="42.045448" lon="2.728151"></trkpt>
    <trkpt lat="42.045526" lon="2.728077"></trkpt>
    <trkpt lat="42.045653" lon="2.727935"></trkpt>
    <trkpt lat="42.045785" lon="2.727785"></trkpt>
    <trkpt lat="42.045987" lon="2.727585"></trkpt>
    <trkpt lat="42.046226" lon="2.727387"></trkpt>
    <trkpt lat="42.046378" lon="2.727270"></trkpt>
    <trkpt lat="42.046508" lon="2.727237"></trkpt>
    <trkpt lat="42.046620" lon="2.727259"></trkpt>
    <trkpt lat="42.046896" lon="2.727438"></trkpt>
    <trkpt lat="42.047262" lon="2.727733"></trkpt>
    <trkpt lat="42.047521" lon="2.727935"></trkpt>
    <trkpt lat="42.047719" lon="2.728025"></trkpt>
    <trkpt lat="42.048004" lon="2.727981"></trkpt>
    <trkpt lat="42.048511" lon="2.727859"></trkpt>
    <trkpt lat="42.048933" lon="2.727728"></trkpt>
    <trkpt lat="42.049382" lon="2.727763"></trkpt>
    <trkpt lat="42.049829" lon="2.727887"></trkpt>
    <trkpt lat="42.050218" lon="2.727875"></trkpt>
    <trkpt lat="42.050356" lon="2.727867"></trkpt>
    <trkpt lat="42.050438" lon="2.727877"></trkpt>
    <trkpt lat="42.050533" lon="2.727903"></trkpt>
    <trkpt lat="42.050600" lon="2.727939"></trkpt>
    <trkpt lat="42.050748" lon="2.728059"></trkpt>
    <trkpt lat="42.050863" lon="2.728160"></trkpt>
    <trkpt lat="42.051041" lon="2.728320"></trkpt>
    <trkpt lat="42.051136" lon="2.728417"></trkpt>
    <trkpt lat="42.051192" lon="2.728479"></trkpt>
    <trkpt lat="42.051294" lon="2.728450"></trkpt>
    <trkpt lat="42.051382" lon="2.728434"></trkpt>
    <trkpt lat="42.051478" lon="2.728406"></trkpt>
    <trkpt lat="42.051575" lon="2.728367"></trkpt>
    <trkpt lat="42.051671" lon="2.728333"></trkpt>
    <trkpt lat="42.051699" lon="2.728324"></trkpt>
    <trkpt lat="42.051806" lon="2.728294"></trkpt>
    <trkpt lat="42.051914" lon="2.728269"></trkpt>
    <trkpt lat="42.052016" lon="2.728248"></trkpt>
    <trkpt lat="42.052126" lon="2.728225"></trkpt>
    <trkpt lat="42.052226" lon="2.728206"></trkpt>
    <trkpt lat="42.052318" lon="2.728181"></trkpt>
    <trkpt lat="42.052397" lon="2.728154"></trkpt>
    <trkpt lat="42.052461" lon="2.728126"></trkpt>
    <trkpt lat="42.052514" lon="2.728092"></trkpt>
    <trkpt lat="42.052568" lon="2.728050"></trkpt>
    <trkpt lat="42.052628" lon="2.727987"></trkpt>
    <trkpt lat="42.052689" lon="2.727919"></trkpt>
    <trkpt lat="42.052794" lon="2.727800"></trkpt>
    <trkpt lat="42.052869" lon="2.727718"></trkpt>
    <trkpt lat="42.052929" lon="2.727660"></trkpt>
    <trkpt lat="42.052988" lon="2.727612"></trkpt>
    <trkpt lat="42.053040" lon="2.727578"></trkpt>
    <trkpt lat="42.053107" lon="2.727512"></trkpt>
    <trkpt lat="42.053170" lon="2.727514"></trkpt>
    <trkpt lat="42.053221" lon="2.727499"></trkpt>
    <trkpt lat="42.053268" lon="2.727482"></trkpt>
    <trkpt lat="42.053328" lon="2.727467"></trkpt>
    <trkpt lat="42.053465" lon="2.727452"></trkpt>
    <trkpt lat="42.053655" lon="2.727426"></trkpt>
    <trkpt lat="42.053781" lon="2.727406"></trkpt>
    <trkpt lat="42.053886" lon="2.727396"></trkpt>
    <trkpt lat="42.053993" lon="2.727380"></trkpt>
    <trkpt lat="42.054105" lon="2.727362"></trkpt>
    <trkpt lat="42.054217" lon="2.727347"></trkpt>
    <trkpt lat="42.054323" lon="2.727336"></trkpt>
    <trkpt lat="42.054393" lon="2.727319"></trkpt>
    <trkpt lat="42.054463" lon="2.727289"></trkpt>
    <trkpt lat="42.054535" lon="2.727258"></trkpt>
    <trkpt lat="42.054609" lon="2.727211"></trkpt>
    <trkpt lat="42.054683" lon="2.727164"></trkpt>
    <trkpt lat="42.054764" lon="2.727107"></trkpt>
    <trkpt lat="42.054845" lon="2.727040"></trkpt>
    <trkpt lat="42.054919" lon="2.726969"></trkpt>
    <trkpt lat="42.054986" lon="2.726896"></trkpt>
    <trkpt lat="42.055069" lon="2.726797"></trkpt>
    <trkpt lat="42.055125" lon="2.726724"></trkpt>
    <trkpt lat="42.055178" lon="2.726667"></trkpt>
    <trkpt lat="42.055270" lon="2.726576"></trkpt>
    <trkpt lat="42.055335" lon="2.726508"></trkpt>
    <trkpt lat="42.055402" lon="2.726453"></trkpt>
    <trkpt lat="42.055462" lon="2.726412"></trkpt>
    <trkpt lat="42.055546" lon="2.726357"></trkpt>
    <trkpt lat="42.055626" lon="2.726308"></trkpt>
    <trkpt lat="42.055799" lon="2.726221"></trkpt>
    <trkpt lat="42.055938" lon="2.726153"></trkpt>
    <trkpt lat="42.056080" lon="2.726080"></trkpt>
    <trkpt lat="42.056137" lon="2.726050"></trkpt>
    <trkpt lat="42.056219" lon="2.726014"></trkpt>
    <trkpt lat="42.056304" lon="2.725979"></trkpt>
    <trkpt lat="42.056370" lon="2.725964"></trkpt>
    <trkpt lat="42.056443" lon="2.725953"></trkpt>
    <trkpt lat="42.056503" lon="2.725951"></trkpt>
    <trkpt lat="42.056562" lon="2.725962"></trkpt>
    <trkpt lat="42.056626" lon="2.725981"></trkpt>
    <trkpt lat="42.056718" lon="2.726020"></trkpt>
    <trkpt lat="42.056824" lon="2.726060"></trkpt>
    <trkpt lat="42.056949" lon="2.726110"></trkpt>
    <trkpt lat="42.057051" lon="2.726150"></trkpt>
    <trkpt lat="42.057121" lon="2.726172"></trkpt>
    <trkpt lat="42.057212" lon="2.726196"></trkpt>
    <trkpt lat="42.057306" lon="2.726213"></trkpt>
    <trkpt lat="42.057378" lon="2.726224"></trkpt>
    <trkpt lat="42.057435" lon="2.726222"></trkpt>
    <trkpt lat="42.057496" lon="2.726212"></trkpt>
    <trkpt lat="42.057545" lon="2.726203"></trkpt>
    <trkpt lat="42.057545" lon="2.726203"></trkpt>
    <trkpt lat="42.057585" lon="2.726186"></trkpt>
    <trkpt lat="42.057670" lon="2.726151"></trkpt>
    <trkpt lat="42.057743" lon="2.726125"></trkpt>
    <trkpt lat="42.057813" lon="2.726110"></trkpt>
    <trkpt lat="42.057860" lon="2.726104"></trkpt>
    <trkpt lat="42.057904" lon="2.726104"></trkpt>
    <trkpt lat="42.057966" lon="2.726104"></trkpt>
    <trkpt lat="42.058033" lon="2.726110"></trkpt>
    <trkpt lat="42.058124" lon="2.726121"></trkpt>
    <trkpt lat="42.058213" lon="2.726130"></trkpt>
    <trkpt lat="42.058285" lon="2.726131"></trkpt>
    <trkpt lat="42.058318" lon="2.726127"></trkpt>
    <trkpt lat="42.058348" lon="2.726111"></trkpt>
    <trkpt lat="42.058383" lon="2.726083"></trkpt>
    <trkpt lat="42.058414" lon="2.726047"></trkpt>
    <trkpt lat="42.058457" lon="2.725970"></trkpt>
    <trkpt lat="42.058490" lon="2.725906"></trkpt>
    <trkpt lat="42.058508" lon="2.725869"></trkpt>
    <trkpt lat="42.058575" lon="2.725736"></trkpt>
    <trkpt lat="42.058642" lon="2.725589"></trkpt>
    <trkpt lat="42.058707" lon="2.725448"></trkpt>
    <trkpt lat="42.058773" lon="2.725289"></trkpt>
    <trkpt lat="42.058808" lon="2.725203"></trkpt>
    <trkpt lat="42.058838" lon="2.725113"></trkpt>
    <trkpt lat="42.058872" lon="2.724990"></trkpt>
    <trkpt lat="42.058897" lon="2.724878"></trkpt>
    <trkpt lat="42.058924" lon="2.724749"></trkpt>
    <trkpt lat="42.058936" lon="2.724703"></trkpt>
    <trkpt lat="42.058952" lon="2.724637"></trkpt>
    <trkpt lat="42.058996" lon="2.724482"></trkpt>
    <trkpt lat="42.059041" lon="2.724315"></trkpt>
    <trkpt lat="42.059087" lon="2.724177"></trkpt>
    <trkpt lat="42.059151" lon="2.724017"></trkpt>
    <trkpt lat="42.059228" lon="2.723819"></trkpt>
    <trkpt lat="42.059328" lon="2.723590"></trkpt>
    <trkpt lat="42.059403" lon="2.723406"></trkpt>
    <trkpt lat="42.059452" lon="2.723288"></trkpt>
    <trkpt lat="42.059493" lon="2.723189"></trkpt>
    <trkpt lat="42.059531" lon="2.723107"></trkpt>
    <trkpt lat="42.059574" lon="2.723032"></trkpt>
    <trkpt lat="42.059618" lon="2.722961"></trkpt>
    <trkpt lat="42.059684" lon="2.722880"></trkpt>
    <trkpt lat="42.059739" lon="2.722834"></trkpt>
    <trkpt lat="42.059780" lon="2.722800"></trkpt>
    <trkpt lat="42.059843" lon="2.722750"></trkpt>
    <trkpt lat="42.059910" lon="2.722682"></trkpt>
    <trkpt lat="42.059988" lon="2.722600"></trkpt>
    <trkpt lat="42.060085" lon="2.722493"></trkpt>
    <trkpt lat="42.060161" lon="2.722404"></trkpt>
    <trkpt lat="42.060254" lon="2.722268"></trkpt>
    <trkpt lat="42.060329" lon="2.722167"></trkpt>
    <trkpt lat="42.060390" lon="2.722080"></trkpt>
    <trkpt lat="42.060451" lon="2.721981"></trkpt>
    <trkpt lat="42.060503" lon="2.721884"></trkpt>
    <trkpt lat="42.060591" lon="2.721720"></trkpt>
    <trkpt lat="42.060655" lon="2.721603"></trkpt>
    <trkpt lat="42.060727" lon="2.721475"></trkpt>
    <trkpt lat="42.060814" lon="2.721337"></trkpt>
    <trkpt lat="42.060891" lon="2.721230"></trkpt>
    <trkpt lat="42.060936" lon="2.721161"></trkpt>
    <trkpt lat="42.060979" lon="2.721099"></trkpt>
    <trkpt lat="42.061021" lon="2.721038"></trkpt>
    <trkpt lat="42.061052" lon="2.720997"></trkpt>
    <trkpt lat="42.061093" lon="2.720949"></trkpt>
    <trkpt lat="42.061142" lon="2.720894"></trkpt>
    <trkpt lat="42.061170" lon="2.720852"></trkpt>
    <trkpt lat="42.061191" lon="2.720816"></trkpt>
    <trkpt lat="42.061207" lon="2.720769"></trkpt>
    <trkpt lat="42.061222" lon="2.720711"></trkpt>
    <trkpt lat="42.061233" lon="2.720649"></trkpt>
    <trkpt lat="42.061245" lon="2.720547"></trkpt>
    <trkpt lat="42.061267" lon="2.720469"></trkpt>
    <trkpt lat="42.061288" lon="2.720400"></trkpt>
    <trkpt lat="42.061322" lon="2.720319"></trkpt>
    <trkpt lat="42.061353" lon="2.720253"></trkpt>
    <trkpt lat="42.061397" lon="2.720169"></trkpt>
    <trkpt lat="42.061439" lon="2.720092"></trkpt>
    <trkpt lat="42.061464" lon="2.720039"></trkpt>
    <trkpt lat="42.061480" lon="2.719989"></trkpt>
    <trkpt lat="42.061492" lon="2.719939"></trkpt>
    <trkpt lat="42.061508" lon="2.719861"></trkpt>
    <trkpt lat="42.061532" lon="2.719757"></trkpt>
    <trkpt lat="42.061556" lon="2.719674"></trkpt>
    <trkpt lat="42.061580" lon="2.719605"></trkpt>
    <trkpt lat="42.061614" lon="2.719529"></trkpt>
    <trkpt lat="42.061664" lon="2.719430"></trkpt>
    <trkpt lat="42.061711" lon="2.719340"></trkpt>
    <trkpt lat="42.061766" lon="2.719240"></trkpt>
    <trkpt lat="42.061812" lon="2.719143"></trkpt>
    <trkpt lat="42.061850" lon="2.719069"></trkpt>
    <trkpt lat="42.061889" lon="2.719006"></trkpt>
    <trkpt lat="42.061949" lon="2.718923"></trkpt>
    <trkpt lat="42.062022" lon="2.718811"></trkpt>
    <trkpt lat="42.062065" lon="2.718744"></trkpt>
    <trkpt lat="42.062090" lon="2.718694"></trkpt>
    <trkpt lat="42.062109" lon="2.718652"></trkpt>
    <trkpt lat="42.062127" lon="2.718602"></trkpt>
    <trkpt lat="42.062143" lon="2.718545"></trkpt>
    <trkpt lat="42.062157" lon="2.718495"></trkpt>
    <trkpt lat="42.062179" lon="2.718439"></trkpt>
    <trkpt lat="42.062207" lon="2.718378"></trkpt>
    <trkpt lat="42.062246" lon="2.718304"></trkpt>
    <trkpt lat="42.062309" lon="2.718197"></trkpt>
    <trkpt lat="42.062371" lon="2.718098"></trkpt>
    <trkpt lat="42.062431" lon="2.718015"></trkpt>
    <trkpt lat="42.062471" lon="2.717971"></trkpt>
    <trkpt lat="42.062531" lon="2.717915"></trkpt>
    <trkpt lat="42.062608" lon="2.717850"></trkpt>
    <trkpt lat="42.062684" lon="2.717789"></trkpt>
    <trkpt lat="42.062775" lon="2.717709"></trkpt>
    <trkpt lat="42.062851" lon="2.717641"></trkpt>
    <trkpt lat="42.062930" lon="2.717566"></trkpt>
    <trkpt lat="42.063000" lon="2.717493"></trkpt>
    <trkpt lat="42.063068" lon="2.717424"></trkpt>
    <trkpt lat="42.063118" lon="2.717374"></trkpt>
    <trkpt lat="42.063168" lon="2.717312"></trkpt>
    <trkpt lat="42.063196" lon="2.717273"></trkpt>
    <trkpt lat="42.063236" lon="2.717208"></trkpt>
    <trkpt lat="42.063281" lon="2.717133"></trkpt>
    <trkpt lat="42.063325" lon="2.717060"></trkpt>
    <trkpt lat="42.063398" lon="2.716942"></trkpt>
    <trkpt lat="42.063452" lon="2.716859"></trkpt>
    <trkpt lat="42.063503" lon="2.716784"></trkpt>
    <trkpt lat="42.063563" lon="2.716711"></trkpt>
    <trkpt lat="42.063627" lon="2.716630"></trkpt>
    <trkpt lat="42.063704" lon="2.716540"></trkpt>
    <trkpt lat="42.063755" lon="2.716472"></trkpt>
    <trkpt lat="42.063818" lon="2.716401"></trkpt>
    <trkpt lat="42.063874" lon="2.716343"></trkpt>
    <trkpt lat="42.063931" lon="2.716293"></trkpt>
    <trkpt lat="42.063980" lon="2.716257"></trkpt>
    <trkpt lat="42.064027" lon="2.716230"></trkpt>
    <trkpt lat="42.064091" lon="2.716202"></trkpt>
    <trkpt lat="42.064153" lon="2.716181"></trkpt>
    <trkpt lat="42.064220" lon="2.716160"></trkpt>
    <trkpt lat="42.064270" lon="2.716147"></trkpt>
    <trkpt lat="42.064322" lon="2.716140"></trkpt>
    <trkpt lat="42.064387" lon="2.716136"></trkpt>
    <trkpt lat="42.064443" lon="2.716139"></trkpt>
    <trkpt lat="42.064511" lon="2.716143"></trkpt>
    <trkpt lat="42.064588" lon="2.716148"></trkpt>
    <trkpt lat="42.064678" lon="2.716161"></trkpt>
    <trkpt lat="42.064751" lon="2.716165"></trkpt>
    <trkpt lat="42.064824" lon="2.716164"></trkpt>
    <trkpt lat="42.064891" lon="2.716155"></trkpt>
    <trkpt lat="42.064959" lon="2.716146"></trkpt>
    <trkpt lat="42.065048" lon="2.716139"></trkpt>
    <trkpt lat="42.065133" lon="2.716141"></trkpt>
    <trkpt lat="42.065206" lon="2.716151"></trkpt>
    <trkpt lat="42.065280" lon="2.716168"></trkpt>
    <trkpt lat="42.065353" lon="2.716192"></trkpt>
    <trkpt lat="42.065409" lon="2.716211"></trkpt>
    <trkpt lat="42.065457" lon="2.716239"></trkpt>
    <trkpt lat="42.065517" lon="2.716275"></trkpt>
    <trkpt lat="42.065575" lon="2.716316"></trkpt>
    <trkpt lat="42.065617" lon="2.716341"></trkpt>
    <trkpt lat="42.065654" lon="2.716357"></trkpt>
    <trkpt lat="42.065693" lon="2.716363"></trkpt>
    <trkpt lat="42.065735" lon="2.716362"></trkpt>
    <trkpt lat="42.065819" lon="2.716350"></trkpt>
    <trkpt lat="42.065901" lon="2.716333"></trkpt>
    <trkpt lat="42.065960" lon="2.716322"></trkpt>
    <trkpt lat="42.066001" lon="2.716313"></trkpt>
    <trkpt lat="42.066050" lon="2.716299"></trkpt>
    <trkpt lat="42.066099" lon="2.716274"></trkpt>
    <trkpt lat="42.066166" lon="2.716251"></trkpt>
    <trkpt lat="42.066251" lon="2.716226"></trkpt>
    <trkpt lat="42.066331" lon="2.716203"></trkpt>
    <trkpt lat="42.066412" lon="2.716189"></trkpt>
    <trkpt lat="42.066525" lon="2.716169"></trkpt>
    <trkpt lat="42.066612" lon="2.716151"></trkpt>
    <trkpt lat="42.066647" lon="2.716145"></trkpt>
    <trkpt lat="42.066676" lon="2.716140"></trkpt>
    <trkpt lat="42.066728" lon="2.716132"></trkpt>
    <trkpt lat="42.066774" lon="2.716117"></trkpt>
    <trkpt lat="42.066852" lon="2.716088"></trkpt>
    <trkpt lat="42.066931" lon="2.716057"></trkpt>
    <trkpt lat="42.067000" lon="2.716037"></trkpt>
    <trkpt lat="42.067087" lon="2.716018"></trkpt>
    <trkpt lat="42.067167" lon="2.716003"></trkpt>
    <trkpt lat="42.067248" lon="2.715993"></trkpt>
    <trkpt lat="42.067351" lon="2.715978"></trkpt>
    <trkpt lat="42.067452" lon="2.715969"></trkpt>
    <trkpt lat="42.067535" lon="2.715958"></trkpt>
    <trkpt lat="42.067597" lon="2.715951"></trkpt>
    <trkpt lat="42.067636" lon="2.715941"></trkpt>
    <trkpt lat="42.067669" lon="2.715924"></trkpt>
    <trkpt lat="42.067695" lon="2.715903"></trkpt>
    <trkpt lat="42.067718" lon="2.715876"></trkpt>
    <trkpt lat="42.067739" lon="2.715846"></trkpt>
    <trkpt lat="42.067788" lon="2.715778"></trkpt>
    <trkpt lat="42.067836" lon="2.715716"></trkpt>
    <trkpt lat="42.067869" lon="2.715686"></trkpt>
    <trkpt lat="42.067904" lon="2.715661"></trkpt>
    <trkpt lat="42.067949" lon="2.715642"></trkpt>
    <trkpt lat="42.068003" lon="2.715634"></trkpt>
    <trkpt lat="42.068094" lon="2.715627"></trkpt>
    <trkpt lat="42.068173" lon="2.715628"></trkpt>
    <trkpt lat="42.068230" lon="2.715631"></trkpt>
    <trkpt lat="42.068302" lon="2.715645"></trkpt>
    <trkpt lat="42.068373" lon="2.715664"></trkpt>
    <trkpt lat="42.068437" lon="2.715681"></trkpt>
    <trkpt lat="42.068513" lon="2.715706"></trkpt>
    <trkpt lat="42.068569" lon="2.715724"></trkpt>
    <trkpt lat="42.068641" lon="2.715747"></trkpt>
    <trkpt lat="42.068718" lon="2.715761"></trkpt>
    <trkpt lat="42.068835" lon="2.715776"></trkpt>
    <trkpt lat="42.068935" lon="2.715785"></trkpt>
    <trkpt lat="42.069017" lon="2.715785"></trkpt>
    <trkpt lat="42.069111" lon="2.715784"></trkpt>
    <trkpt lat="42.069176" lon="2.715776"></trkpt>
    <trkpt lat="42.069251" lon="2.715757"></trkpt>
    <trkpt lat="42.069321" lon="2.715736"></trkpt>
    <trkpt lat="42.069381" lon="2.715720"></trkpt>
    <trkpt lat="42.069455" lon="2.715686"></trkpt>
    <trkpt lat="42.069536" lon="2.715642"></trkpt>
    <trkpt lat="42.069603" lon="2.715602"></trkpt>
    <trkpt lat="42.069668" lon="2.715559"></trkpt>
    <trkpt lat="42.069738" lon="2.715510"></trkpt>
    <trkpt lat="42.069825" lon="2.715441"></trkpt>
    <trkpt lat="42.069889" lon="2.715396"></trkpt>
    <trkpt lat="42.069933" lon="2.715358"></trkpt>
    <trkpt lat="42.069973" lon="2.715323"></trkpt>
    <trkpt lat="42.070010" lon="2.715286"></trkpt>
    <trkpt lat="42.070043" lon="2.715248"></trkpt>
    <trkpt lat="42.070225" lon="2.715321"></trkpt>
    <trkpt lat="42.070353" lon="2.715349"></trkpt>
    <trkpt lat="42.070556" lon="2.715332"></trkpt>
    <trkpt lat="42.070682" lon="2.715360"></trkpt>
    <trkpt lat="42.070771" lon="2.715402"></trkpt>
    <trkpt lat="42.070860" lon="2.715484"></trkpt>
    <trkpt lat="42.070916" lon="2.715567"></trkpt>
    <trkpt lat="42.070924" lon="2.715651"></trkpt>
    <trkpt lat="42.070856" lon="2.715762"></trkpt>
    <trkpt lat="42.070738" lon="2.715878"></trkpt>
    <trkpt lat="42.070635" lon="2.715915"></trkpt>
    <trkpt lat="42.070432" lon="2.715986"></trkpt>
    <trkpt lat="42.070243" lon="2.716135"></trkpt>
    <trkpt lat="42.070036" lon="2.716337"></trkpt>
    <trkpt lat="42.070018" lon="2.716383"></trkpt>
    <trkpt lat="42.070038" lon="2.716436"></trkpt>
    <trkpt lat="42.070085" lon="2.716464"></trkpt>
    <trkpt lat="42.070145" lon="2.716492"></trkpt>
    <trkpt lat="42.070194" lon="2.716558"></trkpt>
    <trkpt lat="42.070203" lon="2.716638"></trkpt>
    <trkpt lat="42.070194" lon="2.716764"></trkpt>
    <trkpt lat="42.070174" lon="2.716834"></trkpt>
    <trkpt lat="42.070141" lon="2.716883"></trkpt>
    <trkpt lat="42.070027" lon="2.716910"></trkpt>
    <trkpt lat="42.069399" lon="2.717090"></trkpt>
    <trkpt lat="42.069150" lon="2.717227"></trkpt>
    <trkpt lat="42.069113" lon="2.717294"></trkpt>
    <trkpt lat="42.069130" lon="2.717363"></trkpt>
    <trkpt lat="42.069302" lon="2.717399"></trkpt>
    <trkpt lat="42.069368" lon="2.717466"></trkpt>
    <trkpt lat="42.069413" lon="2.717548"></trkpt>
    <trkpt lat="42.069368" lon="2.717466"></trkpt>
    <trkpt lat="42.069302" lon="2.717399"></trkpt>
    <trkpt lat="42.069130" lon="2.717363"></trkpt>
    <trkpt lat="42.069113" lon="2.717294"></trkpt>
    <trkpt lat="42.069150" lon="2.717227"></trkpt>
    <trkpt lat="42.069399" lon="2.717090"></trkpt>
    <trkpt lat="42.070027" lon="2.716910"></trkpt>
    <trkpt lat="42.070141" lon="2.716883"></trkpt>
    <trkpt lat="42.070174" lon="2.716834"></trkpt>
    <trkpt lat="42.070194" lon="2.716764"></trkpt>
    <trkpt lat="42.070203" lon="2.716638"></trkpt>
    <trkpt lat="42.070194" lon="2.716558"></trkpt>
    <trkpt lat="42.070145" lon="2.716492"></trkpt>
    <trkpt lat="42.070085" lon="2.716464"></trkpt>
    <trkpt lat="42.070038" lon="2.716436"></trkpt>
    <trkpt lat="42.070018" lon="2.716383"></trkpt>
    <trkpt lat="42.070036" lon="2.716337"></trkpt>
    <trkpt lat="42.070243" lon="2.716135"></trkpt>
    <trkpt lat="42.070432" lon="2.715986"></trkpt>
    <trkpt lat="42.070635" lon="2.715915"></trkpt>
    <trkpt lat="42.070738" lon="2.715878"></trkpt>
    <trkpt lat="42.070856" lon="2.715762"></trkpt>
    <trkpt lat="42.070924" lon="2.715651"></trkpt>
    <trkpt lat="42.070916" lon="2.715567"></trkpt>
    <trkpt lat="42.070860" lon="2.715484"></trkpt>
    <trkpt lat="42.070771" lon="2.715402"></trkpt>
    <trkpt lat="42.070682" lon="2.715360"></trkpt>
    <trkpt lat="42.070556" lon="2.715332"></trkpt>
    <trkpt lat="42.070353" lon="2.715349"></trkpt>
    <trkpt lat="42.070225" lon="2.715321"></trkpt>
    <trkpt lat="42.070043" lon="2.715248"></trkpt>
    <trkpt lat="42.070010" lon="2.715286"></trkpt>
    <trkpt lat="42.069973" lon="2.715323"></trkpt>
    <trkpt lat="42.069933" lon="2.715358"></trkpt>
    <trkpt lat="42.069889" lon="2.715396"></trkpt>
    <trkpt lat="42.069825" lon="2.715441"></trkpt>
    <trkpt lat="42.069738" lon="2.715510"></trkpt>
    <trkpt lat="42.069668" lon="2.715559"></trkpt>
    <trkpt lat="42.069603" lon="2.715602"></trkpt>
    <trkpt lat="42.069536" lon="2.715642"></trkpt>
    <trkpt lat="42.069455" lon="2.715686"></trkpt>
    <trkpt lat="42.069381" lon="2.715720"></trkpt>
    <trkpt lat="42.069321" lon="2.715736"></trkpt>
    <trkpt lat="42.069251" lon="2.715757"></trkpt>
    <trkpt lat="42.069176" lon="2.715776"></trkpt>
    <trkpt lat="42.069111" lon="2.715784"></trkpt>
    <trkpt lat="42.069017" lon="2.715785"></trkpt>
    <trkpt lat="42.068935" lon="2.715785"></trkpt>
    <trkpt lat="42.068835" lon="2.715776"></trkpt>
    <trkpt lat="42.068718" lon="2.715761"></trkpt>
    <trkpt lat="42.068641" lon="2.715747"></trkpt>
    <trkpt lat="42.068569" lon="2.715724"></trkpt>
    <trkpt lat="42.068513" lon="2.715706"></trkpt>
    <trkpt lat="42.068437" lon="2.715681"></trkpt>
    <trkpt lat="42.068373" lon="2.715664"></trkpt>
    <trkpt lat="42.068302" lon="2.715645"></trkpt>
    <trkpt lat="42.068230" lon="2.715631"></trkpt>
    <trkpt lat="42.068173" lon="2.715628"></trkpt>
    <trkpt lat="42.068094" lon="2.715627"></trkpt>
    <trkpt lat="42.068003" lon="2.715634"></trkpt>
    <trkpt lat="42.067949" lon="2.715642"></trkpt>
    <trkpt lat="42.067904" lon="2.715661"></trkpt>
    <trkpt lat="42.067869" lon="2.715686"></trkpt>
    <trkpt lat="42.067836" lon="2.715716"></trkpt>
    <trkpt lat="42.067788" lon="2.715778"></trkpt>
    <trkpt lat="42.067739" lon="2.715846"></trkpt>
    <trkpt lat="42.067718" lon="2.715876"></trkpt>
    <trkpt lat="42.067695" lon="2.715903"></trkpt>
    <trkpt lat="42.067669" lon="2.715924"></trkpt>
    <trkpt lat="42.067636" lon="2.715941"></trkpt>
    <trkpt lat="42.067597" lon="2.715951"></trkpt>
    <trkpt lat="42.067535" lon="2.715958"></trkpt>
    <trkpt lat="42.067452" lon="2.715969"></trkpt>
    <trkpt lat="42.067351" lon="2.715978"></trkpt>
    <trkpt lat="42.067248" lon="2.715993"></trkpt>
    <trkpt lat="42.067167" lon="2.716003"></trkpt>
    <trkpt lat="42.067087" lon="2.716018"></trkpt>
    <trkpt lat="42.067000" lon="2.716037"></trkpt>
    <trkpt lat="42.066931" lon="2.716057"></trkpt>
    <trkpt lat="42.066852" lon="2.716088"></trkpt>
    <trkpt lat="42.066774" lon="2.716117"></trkpt>
    <trkpt lat="42.066728" lon="2.716132"></trkpt>
    <trkpt lat="42.066676" lon="2.716140"></trkpt>
    <trkpt lat="42.066612" lon="2.716151"></trkpt>
    <trkpt lat="42.066525" lon="2.716169"></trkpt>
    <trkpt lat="42.066412" lon="2.716189"></trkpt>
    <trkpt lat="42.066331" lon="2.716203"></trkpt>
    <trkpt lat="42.066251" lon="2.716226"></trkpt>
    <trkpt lat="42.066166" lon="2.716251"></trkpt>
    <trkpt lat="42.066099" lon="2.716274"></trkpt>
    <trkpt lat="42.066050" lon="2.716299"></trkpt>
    <trkpt lat="42.066001" lon="2.716313"></trkpt>
    <trkpt lat="42.065960" lon="2.716322"></trkpt>
    <trkpt lat="42.065901" lon="2.716333"></trkpt>
    <trkpt lat="42.065819" lon="2.716350"></trkpt>
    <trkpt lat="42.065735" lon="2.716362"></trkpt>
    <trkpt lat="42.065693" lon="2.716363"></trkpt>
    <trkpt lat="42.065654" lon="2.716357"></trkpt>
    <trkpt lat="42.065617" lon="2.716341"></trkpt>
    <trkpt lat="42.065575" lon="2.716316"></trkpt>
    <trkpt lat="42.065517" lon="2.716275"></trkpt>
    <trkpt lat="42.065457" lon="2.716239"></trkpt>
    <trkpt lat="42.065409" lon="2.716211"></trkpt>
    <trkpt lat="42.065353" lon="2.716192"></trkpt>
    <trkpt lat="42.065280" lon="2.716168"></trkpt>
    <trkpt lat="42.065206" lon="2.716151"></trkpt>
    <trkpt lat="42.065133" lon="2.716141"></trkpt>
    <trkpt lat="42.065048" lon="2.716139"></trkpt>
    <trkpt lat="42.064959" lon="2.716146"></trkpt>
    <trkpt lat="42.064891" lon="2.716155"></trkpt>
    <trkpt lat="42.064824" lon="2.716164"></trkpt>
    <trkpt lat="42.064751" lon="2.716165"></trkpt>
    <trkpt lat="42.064678" lon="2.716161"></trkpt>
    <trkpt lat="42.064588" lon="2.716148"></trkpt>
    <trkpt lat="42.064511" lon="2.716143"></trkpt>
    <trkpt lat="42.064443" lon="2.716139"></trkpt>
    <trkpt lat="42.064387" lon="2.716136"></trkpt>
    <trkpt lat="42.064322" lon="2.716140"></trkpt>
    <trkpt lat="42.064270" lon="2.716147"></trkpt>
    <trkpt lat="42.064220" lon="2.716160"></trkpt>
    <trkpt lat="42.064153" lon="2.716181"></trkpt>
    <trkpt lat="42.064091" lon="2.716202"></trkpt>
    <trkpt lat="42.064027" lon="2.716230"></trkpt>
    <trkpt lat="42.063980" lon="2.716257"></trkpt>
    <trkpt lat="42.063931" lon="2.716293"></trkpt>
    <trkpt lat="42.063874" lon="2.716343"></trkpt>
    <trkpt lat="42.063818" lon="2.716401"></trkpt>
    <trkpt lat="42.063755" lon="2.716472"></trkpt>
    <trkpt lat="42.063704" lon="2.716540"></trkpt>
    <trkpt lat="42.063627" lon="2.716630"></trkpt>
    <trkpt lat="42.063563" lon="2.716711"></trkpt>
    <trkpt lat="42.063503" lon="2.716784"></trkpt>
    <trkpt lat="42.063452" lon="2.716859"></trkpt>
    <trkpt lat="42.063398" lon="2.716942"></trkpt>
    <trkpt lat="42.063325" lon="2.717060"></trkpt>
    <trkpt lat="42.063281" lon="2.717133"></trkpt>
    <trkpt lat="42.063236" lon="2.717208"></trkpt>
    <trkpt lat="42.063196" lon="2.717273"></trkpt>
    <trkpt lat="42.063168" lon="2.717312"></trkpt>
    <trkpt lat="42.063118" lon="2.717374"></trkpt>
    <trkpt lat="42.063068" lon="2.717424"></trkpt>
    <trkpt lat="42.063000" lon="2.717493"></trkpt>
    <trkpt lat="42.062930" lon="2.717566"></trkpt>
    <trkpt lat="42.062851" lon="2.717641"></trkpt>
    <trkpt lat="42.062775" lon="2.717709"></trkpt>
    <trkpt lat="42.062684" lon="2.717789"></trkpt>
    <trkpt lat="42.062608" lon="2.717850"></trkpt>
    <trkpt lat="42.062531" lon="2.717915"></trkpt>
    <trkpt lat="42.062471" lon="2.717971"></trkpt>
    <trkpt lat="42.062431" lon="2.718015"></trkpt>
    <trkpt lat="42.062371" lon="2.718098"></trkpt>
    <trkpt lat="42.062309" lon="2.718197"></trkpt>
    <trkpt lat="42.062246" lon="2.718304"></trkpt>
    <trkpt lat="42.062207" lon="2.718378"></trkpt>
    <trkpt lat="42.062179" lon="2.718439"></trkpt>
    <trkpt lat="42.062157" lon="2.718495"></trkpt>
    <trkpt lat="42.062143" lon="2.718545"></trkpt>
    <trkpt lat="42.062127" lon="2.718602"></trkpt>
    <trkpt lat="42.062109" lon="2.718652"></trkpt>
    <trkpt lat="42.062090" lon="2.718694"></trkpt>
    <trkpt lat="42.062065" lon="2.718744"></trkpt>
    <trkpt lat="42.062022" lon="2.718811"></trkpt>
    <trkpt lat="42.061949" lon="2.718923"></trkpt>
    <trkpt lat="42.061889" lon="2.719006"></trkpt>
    <trkpt lat="42.061850" lon="2.719069"></trkpt>
    <trkpt lat="42.061812" lon="2.719143"></trkpt>
    <trkpt lat="42.061766" lon="2.719240"></trkpt>
    <trkpt lat="42.061711" lon="2.719340"></trkpt>
    <trkpt lat="42.061664" lon="2.719430"></trkpt>
    <trkpt lat="42.061614" lon="2.719529"></trkpt>
    <trkpt lat="42.061580" lon="2.719605"></trkpt>
    <trkpt lat="42.061556" lon="2.719674"></trkpt>
    <trkpt lat="42.061532" lon="2.719757"></trkpt>
    <trkpt lat="42.061508" lon="2.719861"></trkpt>
    <trkpt lat="42.061492" lon="2.719939"></trkpt>
    <trkpt lat="42.061480" lon="2.719989"></trkpt>
    <trkpt lat="42.061464" lon="2.720039"></trkpt>
    <trkpt lat="42.061439" lon="2.720092"></trkpt>
    <trkpt lat="42.061397" lon="2.720169"></trkpt>
    <trkpt lat="42.061353" lon="2.720253"></trkpt>
    <trkpt lat="42.061322" lon="2.720319"></trkpt>
    <trkpt lat="42.061288" lon="2.720400"></trkpt>
    <trkpt lat="42.061267" lon="2.720469"></trkpt>
    <trkpt lat="42.061245" lon="2.720547"></trkpt>
    <trkpt lat="42.061233" lon="2.720649"></trkpt>
    <trkpt lat="42.061222" lon="2.720711"></trkpt>
    <trkpt lat="42.061207" lon="2.720769"></trkpt>
    <trkpt lat="42.061191" lon="2.720816"></trkpt>
    <trkpt lat="42.061170" lon="2.720852"></trkpt>
    <trkpt lat="42.061142" lon="2.720894"></trkpt>
    <trkpt lat="42.061093" lon="2.720949"></trkpt>
    <trkpt lat="42.061052" lon="2.720997"></trkpt>
    <trkpt lat="42.061021" lon="2.721038"></trkpt>
    <trkpt lat="42.060979" lon="2.721099"></trkpt>
    <trkpt lat="42.060936" lon="2.721161"></trkpt>
    <trkpt lat="42.060891" lon="2.721230"></trkpt>
    <trkpt lat="42.060814" lon="2.721337"></trkpt>
    <trkpt lat="42.060727" lon="2.721475"></trkpt>
    <trkpt lat="42.060655" lon="2.721603"></trkpt>
    <trkpt lat="42.060591" lon="2.721720"></trkpt>
    <trkpt lat="42.060503" lon="2.721884"></trkpt>
    <trkpt lat="42.060451" lon="2.721981"></trkpt>
    <trkpt lat="42.060390" lon="2.722080"></trkpt>
    <trkpt lat="42.060329" lon="2.722167"></trkpt>
    <trkpt lat="42.060254" lon="2.722268"></trkpt>
    <trkpt lat="42.060161" lon="2.722404"></trkpt>
    <trkpt lat="42.060085" lon="2.722493"></trkpt>
    <trkpt lat="42.059988" lon="2.722600"></trkpt>
    <trkpt lat="42.059910" lon="2.722682"></trkpt>
    <trkpt lat="42.059843" lon="2.722750"></trkpt>
    <trkpt lat="42.059780" lon="2.722800"></trkpt>
    <trkpt lat="42.059739" lon="2.722834"></trkpt>
    <trkpt lat="42.059684" lon="2.722880"></trkpt>
    <trkpt lat="42.059618" lon="2.722961"></trkpt>
    <trkpt lat="42.059574" lon="2.723032"></trkpt>
    <trkpt lat="42.059531" lon="2.723107"></trkpt>
    <trkpt lat="42.059493" lon="2.723189"></trkpt>
    <trkpt lat="42.059452" lon="2.723288"></trkpt>
    <trkpt lat="42.059403" lon="2.723406"></trkpt>
    <trkpt lat="42.059328" lon="2.723590"></trkpt>
    <trkpt lat="42.059228" lon="2.723819"></trkpt>
    <trkpt lat="42.059151" lon="2.724017"></trkpt>
    <trkpt lat="42.059087" lon="2.724177"></trkpt>
    <trkpt lat="42.059041" lon="2.724315"></trkpt>
    <trkpt lat="42.058996" lon="2.724482"></trkpt>
    <trkpt lat="42.058952" lon="2.724637"></trkpt>
    <trkpt lat="42.058936" lon="2.724703"></trkpt>
    <trkpt lat="42.058924" lon="2.724749"></trkpt>
    <trkpt lat="42.058897" lon="2.724878"></trkpt>
    <trkpt lat="42.058872" lon="2.724990"></trkpt>
    <trkpt lat="42.058838" lon="2.725113"></trkpt>
    <trkpt lat="42.058808" lon="2.725203"></trkpt>
    <trkpt lat="42.058773" lon="2.725289"></trkpt>
    <trkpt lat="42.058707" lon="2.725448"></trkpt>
    <trkpt lat="42.058642" lon="2.725589"></trkpt>
    <trkpt lat="42.058575" lon="2.725736"></trkpt>
    <trkpt lat="42.058508" lon="2.725869"></trkpt>
    <trkpt lat="42.058490" lon="2.725906"></trkpt>
    <trkpt lat="42.058457" lon="2.725970"></trkpt>
    <trkpt lat="42.058414" lon="2.726047"></trkpt>
    <trkpt lat="42.058383" lon="2.726083"></trkpt>
    <trkpt lat="42.058348" lon="2.726111"></trkpt>
    <trkpt lat="42.058318" lon="2.726127"></trkpt>
    <trkpt lat="42.058285" lon="2.726131"></trkpt>
    <trkpt lat="42.058213" lon="2.726130"></trkpt>
    <trkpt lat="42.058124" lon="2.726121"></trkpt>
    <trkpt lat="42.058033" lon="2.726110"></trkpt>
    <trkpt lat="42.057966" lon="2.726104"></trkpt>
    <trkpt lat="42.057904" lon="2.726104"></trkpt>
    <trkpt lat="42.057860" lon="2.726104"></trkpt>
    <trkpt lat="42.057813" lon="2.726110"></trkpt>
    <trkpt lat="42.057743" lon="2.726125"></trkpt>
    <trkpt lat="42.057670" lon="2.726151"></trkpt>
    <trkpt lat="42.057585" lon="2.726186"></trkpt>
    <trkpt lat="42.057545" lon="2.726203"></trkpt>
    <trkpt lat="42.057496" lon="2.726212"></trkpt>
    <trkpt lat="42.057435" lon="2.726222"></trkpt>
    <trkpt lat="42.057378" lon="2.726224"></trkpt>
    <trkpt lat="42.057306" lon="2.726213"></trkpt>
    <trkpt lat="42.057212" lon="2.726196"></trkpt>
    <trkpt lat="42.057121" lon="2.726172"></trkpt>
    <trkpt lat="42.057051" lon="2.726150"></trkpt>
    <trkpt lat="42.056949" lon="2.726110"></trkpt>
    <trkpt lat="42.056824" lon="2.726060"></trkpt>
    <trkpt lat="42.056718" lon="2.726020"></trkpt>
    <trkpt lat="42.056626" lon="2.725981"></trkpt>
    <trkpt lat="42.056562" lon="2.725962"></trkpt>
    <trkpt lat="42.056503" lon="2.725951"></trkpt>
    <trkpt lat="42.056443" lon="2.725953"></trkpt>
    <trkpt lat="42.056370" lon="2.725964"></trkpt>
    <trkpt lat="42.056304" lon="2.725979"></trkpt>
    <trkpt lat="42.056219" lon="2.726014"></trkpt>
    <trkpt lat="42.056137" lon="2.726050"></trkpt>
    <trkpt lat="42.056080" lon="2.726080"></trkpt>
    <trkpt lat="42.055938" lon="2.726153"></trkpt>
    <trkpt lat="42.055799" lon="2.726221"></trkpt>
    <trkpt lat="42.055626" lon="2.726308"></trkpt>
    <trkpt lat="42.055546" lon="2.726357"></trkpt>
    <trkpt lat="42.055462" lon="2.726412"></trkpt>
    <trkpt lat="42.055402" lon="2.726453"></trkpt>
    <trkpt lat="42.055335" lon="2.726508"></trkpt>
    <trkpt lat="42.055270" lon="2.726576"></trkpt>
    <trkpt lat="42.055178" lon="2.726667"></trkpt>
    <trkpt lat="42.055125" lon="2.726724"></trkpt>
    <trkpt lat="42.055069" lon="2.726797"></trkpt>
    <trkpt lat="42.054986" lon="2.726896"></trkpt>
    <trkpt lat="42.054919" lon="2.726969"></trkpt>
    <trkpt lat="42.054845" lon="2.727040"></trkpt>
    <trkpt lat="42.054764" lon="2.727107"></trkpt>
    <trkpt lat="42.054683" lon="2.727164"></trkpt>
    <trkpt lat="42.054609" lon="2.727211"></trkpt>
    <trkpt lat="42.054535" lon="2.727258"></trkpt>
    <trkpt lat="42.054463" lon="2.727289"></trkpt>
    <trkpt lat="42.054393" lon="2.727319"></trkpt>
    <trkpt lat="42.054323" lon="2.727336"></trkpt>
    <trkpt lat="42.054217" lon="2.727347"></trkpt>
    <trkpt lat="42.054105" lon="2.727362"></trkpt>
    <trkpt lat="42.053993" lon="2.727380"></trkpt>
    <trkpt lat="42.053886" lon="2.727396"></trkpt>
    <trkpt lat="42.053781" lon="2.727406"></trkpt>
    <trkpt lat="42.053655" lon="2.727426"></trkpt>
    <trkpt lat="42.053465" lon="2.727452"></trkpt>
    <trkpt lat="42.053328" lon="2.727467"></trkpt>
    <trkpt lat="42.053268" lon="2.727482"></trkpt>
    <trkpt lat="42.053221" lon="2.727499"></trkpt>
    <trkpt lat="42.053170" lon="2.727514"></trkpt>
    <trkpt lat="42.053107" lon="2.727512"></trkpt>
    <trkpt lat="42.053040" lon="2.727578"></trkpt>
    <trkpt lat="42.052988" lon="2.727612"></trkpt>
    <trkpt lat="42.052929" lon="2.727660"></trkpt>
    <trkpt lat="42.052869" lon="2.727718"></trkpt>
    <trkpt lat="42.052794" lon="2.727800"></trkpt>
    <trkpt lat="42.052689" lon="2.727919"></trkpt>
    <trkpt lat="42.052628" lon="2.727987"></trkpt>
    <trkpt lat="42.052568" lon="2.728050"></trkpt>
    <trkpt lat="42.052514" lon="2.728092"></trkpt>
    <trkpt lat="42.052461" lon="2.728126"></trkpt>
    <trkpt lat="42.052397" lon="2.728154"></trkpt>
    <trkpt lat="42.052318" lon="2.728181"></trkpt>
    <trkpt lat="42.052226" lon="2.728206"></trkpt>
    <trkpt lat="42.052126" lon="2.728225"></trkpt>
    <trkpt lat="42.052016" lon="2.728248"></trkpt>
    <trkpt lat="42.051914" lon="2.728269"></trkpt>
    <trkpt lat="42.051806" lon="2.728294"></trkpt>
    <trkpt lat="42.051699" lon="2.728324"></trkpt>
    <trkpt lat="42.051671" lon="2.728333"></trkpt>
    <trkpt lat="42.051575" lon="2.728367"></trkpt>
    <trkpt lat="42.051478" lon="2.728406"></trkpt>
    <trkpt lat="42.051382" lon="2.728434"></trkpt>
    <trkpt lat="42.051294" lon="2.728450"></trkpt>
    <trkpt lat="42.051192" lon="2.728479"></trkpt>
    <trkpt lat="42.051136" lon="2.728417"></trkpt>
    <trkpt lat="42.051041" lon="2.728320"></trkpt>
    <trkpt lat="42.050863" lon="2.728160"></trkpt>
    <trkpt lat="42.050748" lon="2.728059"></trkpt>
    <trkpt lat="42.050600" lon="2.727939"></trkpt>
    <trkpt lat="42.050533" lon="2.727903"></trkpt>
    <trkpt lat="42.050438" lon="2.727877"></trkpt>
    <trkpt lat="42.050356" lon="2.727867"></trkpt>
    <trkpt lat="42.050218" lon="2.727875"></trkpt>
    <trkpt lat="42.049829" lon="2.727887"></trkpt>
    <trkpt lat="42.049382" lon="2.727763"></trkpt>
    <trkpt lat="42.048933" lon="2.727728"></trkpt>
    <trkpt lat="42.048511" lon="2.727859"></trkpt>
    <trkpt lat="42.048004" lon="2.727981"></trkpt>
    <trkpt lat="42.047719" lon="2.728025"></trkpt>
    <trkpt lat="42.047521" lon="2.727935"></trkpt>
    <trkpt lat="42.047262" lon="2.727733"></trkpt>
    <trkpt lat="42.046896" lon="2.727438"></trkpt>
    <trkpt lat="42.046620" lon="2.727259"></trkpt>
    <trkpt lat="42.046508" lon="2.727237"></trkpt>
    <trkpt lat="42.046378" lon="2.727270"></trkpt>
    <trkpt lat="42.046226" lon="2.727387"></trkpt>
    <trkpt lat="42.045987" lon="2.727585"></trkpt>
    <trkpt lat="42.045785" lon="2.727785"></trkpt>
    <trkpt lat="42.045653" lon="2.727935"></trkpt>
    <trkpt lat="42.045526" lon="2.728077"></trkpt>
    <trkpt lat="42.045448" lon="2.728151"></trkpt>
    <trkpt lat="42.045279" lon="2.728320"></trkpt>
    <trkpt lat="42.045175" lon="2.728417"></trkpt>
    <trkpt lat="42.045084" lon="2.728479"></trkpt>
    <trkpt lat="42.044925" lon="2.728570"></trkpt>
    <trkpt lat="42.044221" lon="2.728813"></trkpt>
    <trkpt lat="42.044041" lon="2.728889"></trkpt>
    <trkpt lat="42.043899" lon="2.728968"></trkpt>
    <trkpt lat="42.043742" lon="2.729080"></trkpt>
    <trkpt lat="42.043627" lon="2.729136"></trkpt>
    <trkpt lat="42.043482" lon="2.729179"></trkpt>
    <trkpt lat="42.043311" lon="2.729259"></trkpt>
    <trkpt lat="42.043129" lon="2.729364"></trkpt>
    <trkpt lat="42.042974" lon="2.729492"></trkpt>
    <trkpt lat="42.042783" lon="2.729682"></trkpt>
    <trkpt lat="42.042621" lon="2.729782"></trkpt>
    <trkpt lat="42.042521" lon="2.729859"></trkpt>
    <trkpt lat="42.042387" lon="2.729971"></trkpt>
    <trkpt lat="42.042243" lon="2.730097"></trkpt>
    <trkpt lat="42.042144" lon="2.730182"></trkpt>
    <trkpt lat="42.041983" lon="2.730319"></trkpt>
    <trkpt lat="42.041713" lon="2.730546"></trkpt>
    <trkpt lat="42.041578" lon="2.730660"></trkpt>
    <trkpt lat="42.041463" lon="2.730754"></trkpt>
    <trkpt lat="42.041363" lon="2.730837"></trkpt>
    <trkpt lat="42.041274" lon="2.730921"></trkpt>
    <trkpt lat="42.041200" lon="2.731003"></trkpt>
    <trkpt lat="42.041154" lon="2.731066"></trkpt>
    <trkpt lat="42.041112" lon="2.731126"></trkpt>
    <trkpt lat="42.041071" lon="2.731191"></trkpt>
    <trkpt lat="42.041015" lon="2.731284"></trkpt>
    <trkpt lat="42.040952" lon="2.731385"></trkpt>
    <trkpt lat="42.040892" lon="2.731470"></trkpt>
    <trkpt lat="42.040844" lon="2.731527"></trkpt>
    <trkpt lat="42.040812" lon="2.731562"></trkpt>
    <trkpt lat="42.040554" lon="2.731788"></trkpt>
    <trkpt lat="42.040333" lon="2.731946"></trkpt>
    <trkpt lat="42.040271" lon="2.732002"></trkpt>
    <trkpt lat="42.040223" lon="2.732052"></trkpt>
    <trkpt lat="42.040170" lon="2.732119"></trkpt>
    <trkpt lat="42.040110" lon="2.732202"></trkpt>
    <trkpt lat="42.039961" lon="2.732435"></trkpt>
    <trkpt lat="42.039826" lon="2.732657"></trkpt>
    <trkpt lat="42.039797" lon="2.732713"></trkpt>
    <trkpt lat="42.039780" lon="2.732756"></trkpt>
    <trkpt lat="42.039754" lon="2.732829"></trkpt>
    <trkpt lat="42.039720" lon="2.732949"></trkpt>
    <trkpt lat="42.039692" lon="2.733060"></trkpt>
    <trkpt lat="42.039669" lon="2.733130"></trkpt>
    <trkpt lat="42.039653" lon="2.733162"></trkpt>
    <trkpt lat="42.039645" lon="2.733177"></trkpt>
    <trkpt lat="42.039603" lon="2.733232"></trkpt>
    <trkpt lat="42.039564" lon="2.733275"></trkpt>
    <trkpt lat="42.039508" lon="2.733321"></trkpt>
    <trkpt lat="42.039495" lon="2.733332"></trkpt>
    <trkpt lat="42.039325" lon="2.733466"></trkpt>
    <trkpt lat="42.039082" lon="2.733654"></trkpt>
    <trkpt lat="42.038852" lon="2.733833"></trkpt>
    <trkpt lat="42.038609" lon="2.734022"></trkpt>
    <trkpt lat="42.038383" lon="2.734198"></trkpt>
    <trkpt lat="42.038290" lon="2.734267"></trkpt>
    <trkpt lat="42.038190" lon="2.734346"></trkpt>
    <trkpt lat="42.038150" lon="2.734372"></trkpt>
    <trkpt lat="42.038115" lon="2.734396"></trkpt>
    <trkpt lat="42.038085" lon="2.734412"></trkpt>
    <trkpt lat="42.038034" lon="2.734440"></trkpt>
    <trkpt lat="42.037953" lon="2.734482"></trkpt>
    <trkpt lat="42.037906" lon="2.734498"></trkpt>
    <trkpt lat="42.037834" lon="2.734511"></trkpt>
    <trkpt lat="42.037724" lon="2.734520"></trkpt>
    <trkpt lat="42.037566" lon="2.734530"></trkpt>
    <trkpt lat="42.037393" lon="2.734535"></trkpt>
    <trkpt lat="42.037239" lon="2.734542"></trkpt>
    <trkpt lat="42.037106" lon="2.734560"></trkpt>
    <trkpt lat="42.036961" lon="2.734584"></trkpt>
    <trkpt lat="42.036827" lon="2.734613"></trkpt>
    <trkpt lat="42.036686" lon="2.734645"></trkpt>
    <trkpt lat="42.036515" lon="2.734685"></trkpt>
    <trkpt lat="42.036352" lon="2.734748"></trkpt>
    <trkpt lat="42.036199" lon="2.734813"></trkpt>
    <trkpt lat="42.035998" lon="2.734936"></trkpt>
    <trkpt lat="42.035909" lon="2.735003"></trkpt>
    <trkpt lat="42.035833" lon="2.735066"></trkpt>
    <trkpt lat="42.035710" lon="2.735189"></trkpt>
    <trkpt lat="42.035478" lon="2.735441"></trkpt>
    <trkpt lat="42.035262" lon="2.735676"></trkpt>
    <trkpt lat="42.035004" lon="2.735923"></trkpt>
    <trkpt lat="42.034751" lon="2.736139"></trkpt>
    <trkpt lat="42.034509" lon="2.736337"></trkpt>
    <trkpt lat="42.034205" lon="2.736585"></trkpt>
    <trkpt lat="42.033704" lon="2.737001"></trkpt>
    <trkpt lat="42.033518" lon="2.737175"></trkpt>
    <trkpt lat="42.033479" lon="2.737220"></trkpt>
    <trkpt lat="42.033451" lon="2.737254"></trkpt>
    <trkpt lat="42.033373" lon="2.737345"></trkpt>
    <trkpt lat="42.033239" lon="2.737518"></trkpt>
    <trkpt lat="42.032948" lon="2.737918"></trkpt>
    <trkpt lat="42.032717" lon="2.738243"></trkpt>
    <trkpt lat="42.032460" lon="2.738605"></trkpt>
    <trkpt lat="42.032337" lon="2.738765"></trkpt>
    <trkpt lat="42.032268" lon="2.738846"></trkpt>
    <trkpt lat="42.032194" lon="2.738930"></trkpt>
    <trkpt lat="42.032105" lon="2.739026"></trkpt>
    <trkpt lat="42.032017" lon="2.739118"></trkpt>
    <trkpt lat="42.031940" lon="2.739191"></trkpt>
    <trkpt lat="42.031615" lon="2.739473"></trkpt>
    <trkpt lat="42.031542" lon="2.739526"></trkpt>
    <trkpt lat="42.031453" lon="2.739579"></trkpt>
    <trkpt lat="42.031361" lon="2.739618"></trkpt>
    <trkpt lat="42.031278" lon="2.739643"></trkpt>
    <trkpt lat="42.030690" lon="2.739729"></trkpt>
    <trkpt lat="42.030455" lon="2.739775"></trkpt>
    <trkpt lat="42.030180" lon="2.739837"></trkpt>
    <trkpt lat="42.029984" lon="2.739895"></trkpt>
    <trkpt lat="42.029893" lon="2.739933"></trkpt>
    <trkpt lat="42.029735" lon="2.740006"></trkpt>
    <trkpt lat="42.029474" lon="2.740153"></trkpt>
    <trkpt lat="42.029093" lon="2.740386"></trkpt>
    <trkpt lat="42.028808" lon="2.740566"></trkpt>
    <trkpt lat="42.028528" lon="2.740784"></trkpt>
    <trkpt lat="42.027730" lon="2.741394"></trkpt>
    <trkpt lat="42.027522" lon="2.741562"></trkpt>
    <trkpt lat="42.027332" lon="2.741697"></trkpt>
    <trkpt lat="42.027194" lon="2.741778"></trkpt>
    <trkpt lat="42.026903" lon="2.741916"></trkpt>
    <trkpt lat="42.026304" lon="2.742167"></trkpt>
    <trkpt lat="42.024305" lon="2.743029"></trkpt>
    <trkpt lat="42.023125" lon="2.743537"></trkpt>
    <trkpt lat="42.020657" lon="2.744589"></trkpt>
    <trkpt lat="42.020438" lon="2.744688"></trkpt>
    <trkpt lat="42.019841" lon="2.744948"></trkpt>
    <trkpt lat="42.019638" lon="2.745023"></trkpt>
    <trkpt lat="42.019524" lon="2.745046"></trkpt>
    <trkpt lat="42.019428" lon="2.745057"></trkpt>
    <trkpt lat="42.019287" lon="2.745044"></trkpt>
    <trkpt lat="42.019154" lon="2.745014"></trkpt>
    <trkpt lat="42.018212" lon="2.744718"></trkpt>
    <trkpt lat="42.017758" lon="2.744578"></trkpt>
    <trkpt lat="42.017333" lon="2.744445"></trkpt>
    <trkpt lat="42.017200" lon="2.744394"></trkpt>
    <trkpt lat="42.017082" lon="2.744319"></trkpt>
    <trkpt lat="42.017003" lon="2.744256"></trkpt>
    <trkpt lat="42.016906" lon="2.744156"></trkpt>
    <trkpt lat="42.016408" lon="2.743567"></trkpt>
    <trkpt lat="42.016067" lon="2.743091"></trkpt>
    <trkpt lat="42.015997" lon="2.743004"></trkpt>
    <trkpt lat="42.015910" lon="2.742913"></trkpt>
    <trkpt lat="42.015810" lon="2.742826"></trkpt>
    <trkpt lat="42.015700" lon="2.742759"></trkpt>
    <trkpt lat="42.015527" lon="2.742701"></trkpt>
    <trkpt lat="42.015313" lon="2.742685"></trkpt>
    <trkpt lat="42.014801" lon="2.742690"></trkpt>
    <trkpt lat="42.013966" lon="2.742688"></trkpt>
    <trkpt lat="42.013775" lon="2.742683"></trkpt>
    <trkpt lat="42.013619" lon="2.742702"></trkpt>
    <trkpt lat="42.013514" lon="2.742721"></trkpt>
    <trkpt lat="42.013413" lon="2.742746"></trkpt>
    <trkpt lat="42.013137" lon="2.742844"></trkpt>
    <trkpt lat="42.012410" lon="2.743091"></trkpt>
    <trkpt lat="42.011869" lon="2.743270"></trkpt>
    <trkpt lat="42.011713" lon="2.743304"></trkpt>
    <trkpt lat="42.011617" lon="2.743319"></trkpt>
    <trkpt lat="42.011486" lon="2.743326"></trkpt>
    <trkpt lat="42.011375" lon="2.743323"></trkpt>
    <trkpt lat="42.011266" lon="2.743300"></trkpt>
    <trkpt lat="42.011150" lon="2.743260"></trkpt>
    <trkpt lat="42.010970" lon="2.743185"></trkpt>
    <trkpt lat="42.010402" lon="2.742921"></trkpt>
    <trkpt lat="42.010271" lon="2.742842"></trkpt>
    <trkpt lat="42.010041" lon="2.742691"></trkpt>
    <trkpt lat="42.009978" lon="2.742656"></trkpt>
    <trkpt lat="42.009895" lon="2.742623"></trkpt>
    <trkpt lat="42.009821" lon="2.742605"></trkpt>
    <trkpt lat="42.009577" lon="2.742544"></trkpt>
    <trkpt lat="42.009152" lon="2.742442"></trkpt>
    <trkpt lat="42.008942" lon="2.742377"></trkpt>
    <trkpt lat="42.008804" lon="2.742314"></trkpt>
    <trkpt lat="42.008739" lon="2.742284"></trkpt>
    <trkpt lat="42.008506" lon="2.742159"></trkpt>
    <trkpt lat="42.008389" lon="2.742088"></trkpt>
    <trkpt lat="42.008329" lon="2.742042"></trkpt>
    <trkpt lat="42.008259" lon="2.741983"></trkpt>
    <trkpt lat="42.008186" lon="2.741906"></trkpt>
    <trkpt lat="42.008127" lon="2.741837"></trkpt>
    <trkpt lat="42.008024" lon="2.741682"></trkpt>
    <trkpt lat="42.007982" lon="2.741597"></trkpt>
    <trkpt lat="42.007945" lon="2.741506"></trkpt>
    <trkpt lat="42.007917" lon="2.741425"></trkpt>
    <trkpt lat="42.007889" lon="2.741324"></trkpt>
    <trkpt lat="42.007875" lon="2.741247"></trkpt>
    <trkpt lat="42.007865" lon="2.741164"></trkpt>
    <trkpt lat="42.007863" lon="2.741054"></trkpt>
    <trkpt lat="42.007864" lon="2.740935"></trkpt>
    <trkpt lat="42.007882" lon="2.740716"></trkpt>
    <trkpt lat="42.007899" lon="2.740429"></trkpt>
    <trkpt lat="42.007901" lon="2.740187"></trkpt>
    <trkpt lat="42.007895" lon="2.740019"></trkpt>
    <trkpt lat="42.007876" lon="2.739849"></trkpt>
    <trkpt lat="42.007849" lon="2.739675"></trkpt>
    <trkpt lat="42.007809" lon="2.739480"></trkpt>
    <trkpt lat="42.007757" lon="2.739264"></trkpt>
    <trkpt lat="42.007689" lon="2.739014"></trkpt>
    <trkpt lat="42.007419" lon="2.738023"></trkpt>
    <trkpt lat="42.007419" lon="2.737940"></trkpt>
    <trkpt lat="42.007418" lon="2.737863"></trkpt>
    <trkpt lat="42.007413" lon="2.737826"></trkpt>
    <trkpt lat="42.007403" lon="2.737738"></trkpt>
    <trkpt lat="42.007361" lon="2.737684"></trkpt>
    <trkpt lat="42.007302" lon="2.737646"></trkpt>
    <trkpt lat="42.007030" lon="2.737660"></trkpt>
    <trkpt lat="42.006884" lon="2.737670"></trkpt>
    <trkpt lat="42.006788" lon="2.737634"></trkpt>
    <trkpt lat="42.006649" lon="2.737648"></trkpt>
    <trkpt lat="42.006459" lon="2.737686"></trkpt>
    <trkpt lat="42.006309" lon="2.737711"></trkpt>
    <trkpt lat="42.006183" lon="2.737742"></trkpt>
    <trkpt lat="42.005674" lon="2.737775"></trkpt>
    <trkpt lat="42.005133" lon="2.737809"></trkpt>
    <trkpt lat="42.004462" lon="2.737850"></trkpt>
    <trkpt lat="42.003878" lon="2.737885"></trkpt>
    <trkpt lat="42.003772" lon="2.737908"></trkpt>
    <trkpt lat="42.003669" lon="2.737941"></trkpt>
    <trkpt lat="42.003602" lon="2.737971"></trkpt>
    <trkpt lat="42.003508" lon="2.738029"></trkpt>
    <trkpt lat="42.003467" lon="2.738075"></trkpt>
    <trkpt lat="42.003389" lon="2.738153"></trkpt>
    <trkpt lat="42.003110" lon="2.738500"></trkpt>
    <trkpt lat="42.002702" lon="2.739023"></trkpt>
    <trkpt lat="42.001699" lon="2.740300"></trkpt>
    <trkpt lat="42.001140" lon="2.741008"></trkpt>
    <trkpt lat="42.000313" lon="2.742052"></trkpt>
    <trkpt lat="41.999031" lon="2.743685"></trkpt>
    <trkpt lat="41.998784" lon="2.743999"></trkpt>
    <trkpt lat="41.998216" lon="2.744707"></trkpt>
    <trkpt lat="41.997706" lon="2.745348"></trkpt>
    <trkpt lat="41.997239" lon="2.745969"></trkpt>
    <trkpt lat="41.997013" lon="2.746265"></trkpt>
    <trkpt lat="41.996365" lon="2.747080"></trkpt>
    <trkpt lat="41.996043" lon="2.747480"></trkpt>
    <trkpt lat="41.995325" lon="2.748411"></trkpt>
    <trkpt lat="41.994942" lon="2.748923"></trkpt>
    <trkpt lat="41.994310" lon="2.749724"></trkpt>
    <trkpt lat="41.994239" lon="2.749816"></trkpt>
    <trkpt lat="41.993832" lon="2.750338"></trkpt>
    <trkpt lat="41.993004" lon="2.751431"></trkpt>
    <trkpt lat="41.992437" lon="2.752133"></trkpt>
    <trkpt lat="41.992167" lon="2.752471"></trkpt>
    <trkpt lat="41.991835" lon="2.752885"></trkpt>
    <trkpt lat="41.991786" lon="2.752946"></trkpt>
    <trkpt lat="41.991686" lon="2.753017"></trkpt>
    <trkpt lat="41.991616" lon="2.753051"></trkpt>
    <trkpt lat="41.991564" lon="2.753085"></trkpt>
    <trkpt lat="41.991530" lon="2.753104"></trkpt>
    <trkpt lat="41.991517" lon="2.753118"></trkpt>
    <trkpt lat="41.991504" lon="2.753134"></trkpt>
    <trkpt lat="41.991494" lon="2.753152"></trkpt>
    <trkpt lat="41.991486" lon="2.753172"></trkpt>
    <trkpt lat="41.991481" lon="2.753194"></trkpt>
    <trkpt lat="41.991477" lon="2.753222"></trkpt>
    <trkpt lat="41.991477" lon="2.753234"></trkpt>
    <trkpt lat="41.991424" lon="2.753364"></trkpt>
    <trkpt lat="41.991382" lon="2.753464"></trkpt>
    <trkpt lat="41.991250" lon="2.753631"></trkpt>
    <trkpt lat="41.991159" lon="2.753738"></trkpt>
    <trkpt lat="41.991054" lon="2.753875"></trkpt>
    <trkpt lat="41.990953" lon="2.754006"></trkpt>
    <trkpt lat="41.990898" lon="2.754075"></trkpt>
    <trkpt lat="41.990836" lon="2.754170"></trkpt>
    <trkpt lat="41.990767" lon="2.754326"></trkpt>
    <trkpt lat="41.990740" lon="2.754418"></trkpt>
    <trkpt lat="41.990718" lon="2.754520"></trkpt>
    <trkpt lat="41.990702" lon="2.754663"></trkpt>
    <trkpt lat="41.990691" lon="2.754856"></trkpt>
    <trkpt lat="41.990677" lon="2.755376"></trkpt>
    <trkpt lat="41.990669" lon="2.755676"></trkpt>
    <trkpt lat="41.990666" lon="2.755780"></trkpt>
    <trkpt lat="41.990663" lon="2.755871"></trkpt>
    <trkpt lat="41.990633" lon="2.756892"></trkpt>
    <trkpt lat="41.990629" lon="2.757020"></trkpt>
    <trkpt lat="41.990628" lon="2.757100"></trkpt>
    <trkpt lat="41.990618" lon="2.757799"></trkpt>
    <trkpt lat="41.990611" lon="2.758326"></trkpt>
    <trkpt lat="41.990604" lon="2.758812"></trkpt>
    <trkpt lat="41.990601" lon="2.758925"></trkpt>
    <trkpt lat="41.990591" lon="2.759360"></trkpt>
    <trkpt lat="41.990589" lon="2.759410"></trkpt>
    <trkpt lat="41.990587" lon="2.759500"></trkpt>
    <trkpt lat="41.990558" lon="2.760488"></trkpt>
    <trkpt lat="41.990556" lon="2.760559"></trkpt>
    <trkpt lat="41.990551" lon="2.760722"></trkpt>
    <trkpt lat="41.990544" lon="2.760926"></trkpt>
    <trkpt lat="41.990540" lon="2.761058"></trkpt>
    <trkpt lat="41.990528" lon="2.761468"></trkpt>
    <trkpt lat="41.990509" lon="2.762077"></trkpt>
    <trkpt lat="41.990492" lon="2.762517"></trkpt>
    <trkpt lat="41.990487" lon="2.762938"></trkpt>
    <trkpt lat="41.990484" lon="2.763355"></trkpt>
    <trkpt lat="41.990461" lon="2.763979"></trkpt>
    <trkpt lat="41.990461" lon="2.764040"></trkpt>
    <trkpt lat="41.990455" lon="2.764160"></trkpt>
    <trkpt lat="41.990410" lon="2.765822"></trkpt>
    <trkpt lat="41.990389" lon="2.765947"></trkpt>
    <trkpt lat="41.990380" lon="2.765999"></trkpt>
    <trkpt lat="41.990367" lon="2.766051"></trkpt>
    <trkpt lat="41.990349" lon="2.766099"></trkpt>
    <trkpt lat="41.990328" lon="2.766146"></trkpt>
    <trkpt lat="41.990302" lon="2.766205"></trkpt>
    <trkpt lat="41.990268" lon="2.766231"></trkpt>
    <trkpt lat="41.990237" lon="2.766265"></trkpt>
    <trkpt lat="41.990199" lon="2.766332"></trkpt>
    <trkpt lat="41.990177" lon="2.766412"></trkpt>
    <trkpt lat="41.990173" lon="2.766497"></trkpt>
    <trkpt lat="41.990186" lon="2.766580"></trkpt>
    <trkpt lat="41.990205" lon="2.766624"></trkpt>
    <trkpt lat="41.990217" lon="2.766654"></trkpt>
    <trkpt lat="41.990262" lon="2.766713"></trkpt>
    <trkpt lat="41.990330" lon="2.766878"></trkpt>
    <trkpt lat="41.990379" lon="2.767084"></trkpt>
    <trkpt lat="41.990358" lon="2.767602"></trkpt>
    <trkpt lat="41.990356" lon="2.767706"></trkpt>
    <trkpt lat="41.990333" lon="2.769199"></trkpt>
    <trkpt lat="41.990243" lon="2.772202"></trkpt>
    <trkpt lat="41.990241" lon="2.772276"></trkpt>
    <trkpt lat="41.990229" lon="2.772713"></trkpt>
    <trkpt lat="41.990211" lon="2.773674"></trkpt>
    <trkpt lat="41.990159" lon="2.773826"></trkpt>
    <trkpt lat="41.990115" lon="2.773900"></trkpt>
    <trkpt lat="41.990081" lon="2.773930"></trkpt>
    <trkpt lat="41.990052" lon="2.773970"></trkpt>
    <trkpt lat="41.990031" lon="2.774017"></trkpt>
    <trkpt lat="41.990020" lon="2.774065"></trkpt>
    <trkpt lat="41.990017" lon="2.774114"></trkpt>
    <trkpt lat="41.990022" lon="2.774164"></trkpt>
    <trkpt lat="41.990034" lon="2.774211"></trkpt>
    <trkpt lat="41.990053" lon="2.774253"></trkpt>
    <trkpt lat="41.990059" lon="2.774263"></trkpt>
    <trkpt lat="41.990075" lon="2.774285"></trkpt>
    <trkpt lat="41.990093" lon="2.774304"></trkpt>
    <trkpt lat="41.990112" lon="2.774319"></trkpt>
    <trkpt lat="41.990151" lon="2.774449"></trkpt>
    <trkpt lat="41.990178" lon="2.774587"></trkpt>
    <trkpt lat="41.990174" lon="2.774721"></trkpt>
    <trkpt lat="41.990167" lon="2.775014"></trkpt>
    <trkpt lat="41.990156" lon="2.775438"></trkpt>
    <trkpt lat="41.990146" lon="2.775895"></trkpt>
    <trkpt lat="41.990132" lon="2.776243"></trkpt>
    <trkpt lat="41.990127" lon="2.776444"></trkpt>
    <trkpt lat="41.990126" lon="2.776516"></trkpt>
    <trkpt lat="41.990106" lon="2.777059"></trkpt>
    <trkpt lat="41.990103" lon="2.777155"></trkpt>
    <trkpt lat="41.990043" lon="2.779545"></trkpt>
    <trkpt lat="41.989996" lon="2.781440"></trkpt>
    <trkpt lat="41.989989" lon="2.781563"></trkpt>
    <trkpt lat="41.989978" lon="2.781931"></trkpt>
    <trkpt lat="41.989961" lon="2.782554"></trkpt>
    <trkpt lat="41.989947" lon="2.783124"></trkpt>
    <trkpt lat="41.989932" lon="2.783732"></trkpt>
    <trkpt lat="41.989915" lon="2.784364"></trkpt>
    <trkpt lat="41.989904" lon="2.784821"></trkpt>
    <trkpt lat="41.989901" lon="2.785110"></trkpt>
    <trkpt lat="41.989911" lon="2.785545"></trkpt>
    <trkpt lat="41.989919" lon="2.785710"></trkpt>
    <trkpt lat="41.990005" lon="2.787106"></trkpt>
    <trkpt lat="41.990013" lon="2.787427"></trkpt>
    <trkpt lat="41.990007" lon="2.787860"></trkpt>
    <trkpt lat="41.990004" lon="2.787926"></trkpt>
    <trkpt lat="41.989994" lon="2.788152"></trkpt>
    <trkpt lat="41.989980" lon="2.788367"></trkpt>
    <trkpt lat="41.989960" lon="2.788685"></trkpt>
    <trkpt lat="41.989951" lon="2.788978"></trkpt>
    <trkpt lat="41.989897" lon="2.789924"></trkpt>
    <trkpt lat="41.989838" lon="2.790881"></trkpt>
    <trkpt lat="41.989844" lon="2.791358"></trkpt>
    <trkpt lat="41.989862" lon="2.791649"></trkpt>
    <trkpt lat="41.989884" lon="2.791896"></trkpt>
    <trkpt lat="41.989924" lon="2.792179"></trkpt>
    <trkpt lat="41.990036" lon="2.792848"></trkpt>
    <trkpt lat="41.990131" lon="2.793419"></trkpt>
    <trkpt lat="41.990147" lon="2.793511"></trkpt>
    <trkpt lat="41.990152" lon="2.793540"></trkpt>
    <trkpt lat="41.990187" lon="2.793747"></trkpt>
    <trkpt lat="41.990321" lon="2.794546"></trkpt>
    <trkpt lat="41.990321" lon="2.794646"></trkpt>
    <trkpt lat="41.990311" lon="2.794754"></trkpt>
    <trkpt lat="41.990289" lon="2.794878"></trkpt>
    <trkpt lat="41.990238" lon="2.794933"></trkpt>
    <trkpt lat="41.990196" lon="2.795001"></trkpt>
    <trkpt lat="41.990166" lon="2.795080"></trkpt>
    <trkpt lat="41.990149" lon="2.795164"></trkpt>
    <trkpt lat="41.990145" lon="2.795252"></trkpt>
    <trkpt lat="41.990151" lon="2.795322"></trkpt>
    <trkpt lat="41.990166" lon="2.795389"></trkpt>
    <trkpt lat="41.990189" lon="2.795453"></trkpt>
    <trkpt lat="41.990220" lon="2.795510"></trkpt>
    <trkpt lat="41.990257" lon="2.795559"></trkpt>
    <trkpt lat="41.990289" lon="2.795591"></trkpt>
    <trkpt lat="41.990324" lon="2.795618"></trkpt>
    <trkpt lat="41.990361" lon="2.795638"></trkpt>
    <trkpt lat="41.990400" lon="2.795652"></trkpt>
    <trkpt lat="41.990460" lon="2.795660"></trkpt>
    <trkpt lat="41.990521" lon="2.795652"></trkpt>
    <trkpt lat="41.990579" lon="2.795629"></trkpt>
    <trkpt lat="41.990633" lon="2.795591"></trkpt>
    <trkpt lat="41.990666" lon="2.795558"></trkpt>
    <trkpt lat="41.990695" lon="2.795519"></trkpt>
    <trkpt lat="41.990721" lon="2.795476"></trkpt>
    <trkpt lat="41.990742" lon="2.795428"></trkpt>
    <trkpt lat="41.990758" lon="2.795377"></trkpt>
    <trkpt lat="41.990770" lon="2.795324"></trkpt>
    <trkpt lat="41.990776" lon="2.795270"></trkpt>
    <trkpt lat="41.990776" lon="2.795214"></trkpt>
    <trkpt lat="41.990770" lon="2.795145"></trkpt>
    <trkpt lat="41.990755" lon="2.795078"></trkpt>
    <trkpt lat="41.990732" lon="2.795016"></trkpt>
    <trkpt lat="41.990739" lon="2.794843"></trkpt>
    <trkpt lat="41.990779" lon="2.794743"></trkpt>
    <trkpt lat="41.990814" lon="2.794670"></trkpt>
    <trkpt lat="41.990868" lon="2.794561"></trkpt>
    <trkpt lat="41.991042" lon="2.794367"></trkpt>
    <trkpt lat="41.991219" lon="2.794211"></trkpt>
    <trkpt lat="41.991581" lon="2.793923"></trkpt>
    <trkpt lat="41.991895" lon="2.793675"></trkpt>
    <trkpt lat="41.992185" lon="2.793470"></trkpt>
    <trkpt lat="41.992494" lon="2.793379"></trkpt>
    <trkpt lat="41.992664" lon="2.793370"></trkpt>
    <trkpt lat="41.992831" lon="2.793416"></trkpt>
    <trkpt lat="41.992935" lon="2.793473"></trkpt>
    <trkpt lat="41.993064" lon="2.793590"></trkpt>
    <trkpt lat="41.993204" lon="2.793751"></trkpt>
    <trkpt lat="41.993621" lon="2.794267"></trkpt>
    <trkpt lat="41.994620" lon="2.795620"></trkpt>
    <trkpt lat="41.994962" lon="2.796131"></trkpt>
    <trkpt lat="41.995216" lon="2.796510"></trkpt>
    <trkpt lat="41.995961" lon="2.797480"></trkpt>
    <trkpt lat="41.996400" lon="2.798143"></trkpt>
    <trkpt lat="41.996838" lon="2.798764"></trkpt>
    <trkpt lat="41.997582" lon="2.799825"></trkpt>
    <trkpt lat="41.998080" lon="2.800476"></trkpt>
    <trkpt lat="41.998714" lon="2.801284"></trkpt>
    <trkpt lat="41.999269" lon="2.801941"></trkpt>
    <trkpt lat="41.999811" lon="2.802599"></trkpt>
    <trkpt lat="42.000372" lon="2.803209"></trkpt>
    <trkpt lat="42.000827" lon="2.803676"></trkpt>
    <trkpt lat="42.001452" lon="2.804306"></trkpt>
    <trkpt lat="42.002130" lon="2.804935"></trkpt>
    <trkpt lat="42.002772" lon="2.805491"></trkpt>
    <trkpt lat="42.003505" lon="2.806056"></trkpt>
    <trkpt lat="42.004084" lon="2.806463"></trkpt>
    <trkpt lat="42.004807" lon="2.806918"></trkpt>
    <trkpt lat="42.005097" lon="2.807085"></trkpt>
    <trkpt lat="42.005396" lon="2.807247"></trkpt>
    <trkpt lat="42.005922" lon="2.807532"></trkpt>
    <trkpt lat="42.006480" lon="2.807800"></trkpt>
    <trkpt lat="42.006949" lon="2.808001"></trkpt>
    <trkpt lat="42.007190" lon="2.808128"></trkpt>
    <trkpt lat="42.007810" lon="2.808398"></trkpt>
    <trkpt lat="42.008329" lon="2.808643"></trkpt>
    <trkpt lat="42.008612" lon="2.808777"></trkpt>
    <trkpt lat="42.009016" lon="2.808990"></trkpt>
    <trkpt lat="42.009367" lon="2.809189"></trkpt>
    <trkpt lat="42.009919" lon="2.809525"></trkpt>
    <trkpt lat="42.010175" lon="2.809694"></trkpt>
    <trkpt lat="42.010560" lon="2.809971"></trkpt>
    <trkpt lat="42.011137" lon="2.810418"></trkpt>
    <trkpt lat="42.011717" lon="2.810916"></trkpt>
    <trkpt lat="42.012054" lon="2.811213"></trkpt>
    <trkpt lat="42.013176" lon="2.812139"></trkpt>
    <trkpt lat="42.013726" lon="2.812546"></trkpt>
    <trkpt lat="42.014311" lon="2.812952"></trkpt>
    <trkpt lat="42.014985" lon="2.813349"></trkpt>
    <trkpt lat="42.015787" lon="2.813795"></trkpt>
    <trkpt lat="42.017344" lon="2.814538"></trkpt>
    <trkpt lat="42.017828" lon="2.814755"></trkpt>
    <trkpt lat="42.018633" lon="2.815120"></trkpt>
    <trkpt lat="42.018958" lon="2.815286"></trkpt>
    <trkpt lat="42.019483" lon="2.815537"></trkpt>
    <trkpt lat="42.019986" lon="2.815805"></trkpt>
    <trkpt lat="42.020554" lon="2.816137"></trkpt>
    <trkpt lat="42.020685" lon="2.816218"></trkpt>
    <trkpt lat="42.020870" lon="2.816339"></trkpt>
    <trkpt lat="42.021553" lon="2.816803"></trkpt>
    <trkpt lat="42.022049" lon="2.817182"></trkpt>
    <trkpt lat="42.022319" lon="2.817403"></trkpt>
    <trkpt lat="42.022559" lon="2.817607"></trkpt>
    <trkpt lat="42.022779" lon="2.817807"></trkpt>
    <trkpt lat="42.023182" lon="2.818194"></trkpt>
    <trkpt lat="42.023678" lon="2.818672"></trkpt>
    <trkpt lat="42.023766" lon="2.818761"></trkpt>
    <trkpt lat="42.024253" lon="2.819303"></trkpt>
    <trkpt lat="42.024797" lon="2.819970"></trkpt>
    <trkpt lat="42.025366" lon="2.820728"></trkpt>
    <trkpt lat="42.025682" lon="2.821206"></trkpt>
    <trkpt lat="42.026192" lon="2.822024"></trkpt>
    <trkpt lat="42.026480" lon="2.822534"></trkpt>
    <trkpt lat="42.027341" lon="2.824207"></trkpt>
    <trkpt lat="42.027487" lon="2.824498"></trkpt>
    <trkpt lat="42.027555" lon="2.824650"></trkpt>
    <trkpt lat="42.028094" lon="2.825969"></trkpt>
    <trkpt lat="42.028349" lon="2.826680"></trkpt>
    <trkpt lat="42.028392" lon="2.826895"></trkpt>
    <trkpt lat="42.028420" lon="2.827068"></trkpt>
    <trkpt lat="42.028428" lon="2.827243"></trkpt>
    <trkpt lat="42.028428" lon="2.827413"></trkpt>
    <trkpt lat="42.028417" lon="2.827591"></trkpt>
    <trkpt lat="42.028391" lon="2.827764"></trkpt>
    <trkpt lat="42.028353" lon="2.827937"></trkpt>
    <trkpt lat="42.028290" lon="2.828155"></trkpt>
    <trkpt lat="42.028155" lon="2.828518"></trkpt>
    <trkpt lat="42.028102" lon="2.828713"></trkpt>
    <trkpt lat="42.028069" lon="2.828878"></trkpt>
    <trkpt lat="42.028056" lon="2.829089"></trkpt>
    <trkpt lat="42.028069" lon="2.829228"></trkpt>
    <trkpt lat="42.028092" lon="2.829347"></trkpt>
    <trkpt lat="42.028129" lon="2.829471"></trkpt>
    <trkpt lat="42.028187" lon="2.829605"></trkpt>
    <trkpt lat="42.028267" lon="2.829730"></trkpt>
    <trkpt lat="42.028371" lon="2.829837"></trkpt>
    <trkpt lat="42.028464" lon="2.829909"></trkpt>
    <trkpt lat="42.028558" lon="2.829960"></trkpt>
    <trkpt lat="42.028677" lon="2.829995"></trkpt>
    <trkpt lat="42.028774" lon="2.830005"></trkpt>
    <trkpt lat="42.028874" lon="2.829995"></trkpt>
    <trkpt lat="42.028994" lon="2.829974"></trkpt>
    <trkpt lat="42.029088" lon="2.829949"></trkpt>
    <trkpt lat="42.029196" lon="2.829903"></trkpt>
    <trkpt lat="42.029321" lon="2.829847"></trkpt>
    <trkpt lat="42.029418" lon="2.829792"></trkpt>
    <trkpt lat="42.029526" lon="2.829724"></trkpt>
    <trkpt lat="42.029684" lon="2.829605"></trkpt>
    <trkpt lat="42.029826" lon="2.829469"></trkpt>
    <trkpt lat="42.029957" lon="2.829330"></trkpt>
    <trkpt lat="42.030068" lon="2.829178"></trkpt>
    <trkpt lat="42.030195" lon="2.828975"></trkpt>
    <trkpt lat="42.030304" lon="2.828765"></trkpt>
    <trkpt lat="42.030406" lon="2.828520"></trkpt>
    <trkpt lat="42.030503" lon="2.828308"></trkpt>
    <trkpt lat="42.031269" lon="2.826005"></trkpt>
    <trkpt lat="42.031304" lon="2.825940"></trkpt>
    <trkpt lat="42.031315" lon="2.825894"></trkpt>
    <trkpt lat="42.031362" lon="2.825833"></trkpt>
    <trkpt lat="42.031417" lon="2.825783"></trkpt>
    <trkpt lat="42.031502" lon="2.825708"></trkpt>
    <trkpt lat="42.031629" lon="2.825648"></trkpt>
    <trkpt lat="42.031699" lon="2.825624"></trkpt>
    <trkpt lat="42.031782" lon="2.825614"></trkpt>
    <trkpt lat="42.031911" lon="2.825621"></trkpt>
    <trkpt lat="42.032040" lon="2.825658"></trkpt>
    <trkpt lat="42.032183" lon="2.825732"></trkpt>
    <trkpt lat="42.032313" lon="2.825833"></trkpt>
    <trkpt lat="42.032401" lon="2.825921"></trkpt>
    <trkpt lat="42.032492" lon="2.826038"></trkpt>
    <trkpt lat="42.032585" lon="2.826210"></trkpt>
    <trkpt lat="42.032655" lon="2.826396"></trkpt>
    <trkpt lat="42.032709" lon="2.826612"></trkpt>
    <trkpt lat="42.032729" lon="2.826834"></trkpt>
    <trkpt lat="42.032722" lon="2.827072"></trkpt>
    <trkpt lat="42.032684" lon="2.827289"></trkpt>
    <trkpt lat="42.032622" lon="2.827514"></trkpt>
    <trkpt lat="42.032539" lon="2.827666"></trkpt>
    <trkpt lat="42.032453" lon="2.827799"></trkpt>
    <trkpt lat="42.032362" lon="2.827904"></trkpt>
    <trkpt lat="42.032258" lon="2.827988"></trkpt>
    <trkpt lat="42.032172" lon="2.828029"></trkpt>
    <trkpt lat="42.032067" lon="2.828045"></trkpt>
    <trkpt lat="42.031966" lon="2.828025"></trkpt>
    <trkpt lat="42.031880" lon="2.827986"></trkpt>
    <trkpt lat="42.031811" lon="2.827931"></trkpt>
    <trkpt lat="42.031756" lon="2.827862"></trkpt>
    <trkpt lat="42.031703" lon="2.827775"></trkpt>
    <trkpt lat="42.031671" lon="2.827679"></trkpt>
    <trkpt lat="42.031650" lon="2.827565"></trkpt>
    <trkpt lat="42.031648" lon="2.827383"></trkpt>
    <trkpt lat="42.031686" lon="2.827237"></trkpt>
    <trkpt lat="42.031740" lon="2.827086"></trkpt>
    <trkpt lat="42.031822" lon="2.826925"></trkpt>
    <trkpt lat="42.032051" lon="2.826517"></trkpt>
    <trkpt lat="42.032309" lon="2.826132"></trkpt>
    <trkpt lat="42.032558" lon="2.825810"></trkpt>
    <trkpt lat="42.032882" lon="2.825436"></trkpt>
    <trkpt lat="42.032936" lon="2.825344"></trkpt>
    <trkpt lat="42.033227" lon="2.825079"></trkpt>
    <trkpt lat="42.033324" lon="2.824990"></trkpt>
    <trkpt lat="42.033749" lon="2.824665"></trkpt>
    <trkpt lat="42.034162" lon="2.824408"></trkpt>
    <trkpt lat="42.034453" lon="2.824261"></trkpt>
    <trkpt lat="42.034731" lon="2.824141"></trkpt>
    <trkpt lat="42.035306" lon="2.823950"></trkpt>
    <trkpt lat="42.036788" lon="2.823508"></trkpt>
    <trkpt lat="42.037706" lon="2.823205"></trkpt>
    <trkpt lat="42.037976" lon="2.823117"></trkpt>
    <trkpt lat="42.038495" lon="2.822945"></trkpt>
    <trkpt lat="42.038754" lon="2.822860"></trkpt>
    <trkpt lat="42.039486" lon="2.822589"></trkpt>
    <trkpt lat="42.039960" lon="2.822410"></trkpt>
    <trkpt lat="42.040061" lon="2.822373"></trkpt>
    <trkpt lat="42.040535" lon="2.822200"></trkpt>
    <trkpt lat="42.041555" lon="2.821827"></trkpt>
    <trkpt lat="42.041728" lon="2.821763"></trkpt>
    <trkpt lat="42.042080" lon="2.821618"></trkpt>
    <trkpt lat="42.042518" lon="2.821437"></trkpt>
    <trkpt lat="42.042905" lon="2.821266"></trkpt>
    <trkpt lat="42.043131" lon="2.821165"></trkpt>
    <trkpt lat="42.043392" lon="2.821049"></trkpt>
    <trkpt lat="42.044403" lon="2.820567"></trkpt>
    <trkpt lat="42.044795" lon="2.820380"></trkpt>
    <trkpt lat="42.045164" lon="2.820199"></trkpt>
    <trkpt lat="42.046321" lon="2.819651"></trkpt>
    <trkpt lat="42.046558" lon="2.819545"></trkpt>
    <trkpt lat="42.047099" lon="2.819328"></trkpt>
    <trkpt lat="42.047264" lon="2.819270"></trkpt>
    <trkpt lat="42.047446" lon="2.819211"></trkpt>
    <trkpt lat="42.048030" lon="2.819061"></trkpt>
    <trkpt lat="42.048598" lon="2.818927"></trkpt>
    <trkpt lat="42.048866" lon="2.818880"></trkpt>
    <trkpt lat="42.051755" lon="2.818283"></trkpt>
    <trkpt lat="42.052512" lon="2.818129"></trkpt>
    <trkpt lat="42.052787" lon="2.818069"></trkpt>
    <trkpt lat="42.053021" lon="2.818008"></trkpt>
    <trkpt lat="42.053208" lon="2.817952"></trkpt>
    <trkpt lat="42.053463" lon="2.817866"></trkpt>
    <trkpt lat="42.053784" lon="2.817738"></trkpt>
    <trkpt lat="42.054071" lon="2.817599"></trkpt>
    <trkpt lat="42.054361" lon="2.817449"></trkpt>
    <trkpt lat="42.054656" lon="2.817272"></trkpt>
    <trkpt lat="42.054831" lon="2.817161"></trkpt>
    <trkpt lat="42.055348" lon="2.816776"></trkpt>
    <trkpt lat="42.055716" lon="2.816476"></trkpt>
    <trkpt lat="42.056538" lon="2.815816"></trkpt>
    <trkpt lat="42.056989" lon="2.815445"></trkpt>
    <trkpt lat="42.057778" lon="2.814814"></trkpt>
    <trkpt lat="42.058456" lon="2.814277"></trkpt>
    <trkpt lat="42.058821" lon="2.813981"></trkpt>
    <trkpt lat="42.059106" lon="2.813760"></trkpt>
    <trkpt lat="42.059421" lon="2.813537"></trkpt>
    <trkpt lat="42.059590" lon="2.813432"></trkpt>
    <trkpt lat="42.059706" lon="2.813359"></trkpt>
    <trkpt lat="42.059984" lon="2.813201"></trkpt>
    <trkpt lat="42.060235" lon="2.813076"></trkpt>
    <trkpt lat="42.060446" lon="2.812983"></trkpt>
    <trkpt lat="42.060730" lon="2.812873"></trkpt>
    <trkpt lat="42.061034" lon="2.812772"></trkpt>
    <trkpt lat="42.061361" lon="2.812680"></trkpt>
    <trkpt lat="42.061614" lon="2.812619"></trkpt>
    <trkpt lat="42.061849" lon="2.812573"></trkpt>
    <trkpt lat="42.061962" lon="2.812552"></trkpt>
    <trkpt lat="42.062345" lon="2.812498"></trkpt>
    <trkpt lat="42.062446" lon="2.812485"></trkpt>
    <trkpt lat="42.062774" lon="2.812457"></trkpt>
    <trkpt lat="42.063035" lon="2.812441"></trkpt>
    <trkpt lat="42.063290" lon="2.812437"></trkpt>
    <trkpt lat="42.063555" lon="2.812437"></trkpt>
    <trkpt lat="42.063763" lon="2.812449"></trkpt>
    <trkpt lat="42.064105" lon="2.812477"></trkpt>
    <trkpt lat="42.064326" lon="2.812498"></trkpt>
    <trkpt lat="42.064534" lon="2.812527"></trkpt>
    <trkpt lat="42.064823" lon="2.812578"></trkpt>
    <trkpt lat="42.065234" lon="2.812666"></trkpt>
    <trkpt lat="42.065426" lon="2.812706"></trkpt>
    <trkpt lat="42.065566" lon="2.812754"></trkpt>
    <trkpt lat="42.066237" lon="2.812970"></trkpt>
    <trkpt lat="42.066412" lon="2.813034"></trkpt>
    <trkpt lat="42.066721" lon="2.813155"></trkpt>
    <trkpt lat="42.067722" lon="2.813551"></trkpt>
    <trkpt lat="42.068394" lon="2.813812"></trkpt>
    <trkpt lat="42.068908" lon="2.814020"></trkpt>
    <trkpt lat="42.073975" lon="2.816030"></trkpt>
    <trkpt lat="42.074925" lon="2.816384"></trkpt>
    <trkpt lat="42.076164" lon="2.816878"></trkpt>
    <trkpt lat="42.076376" lon="2.816962"></trkpt>
    <trkpt lat="42.078243" lon="2.817687"></trkpt>
    <trkpt lat="42.078655" lon="2.817853"></trkpt>
    <trkpt lat="42.078682" lon="2.817864"></trkpt>
    <trkpt lat="42.079094" lon="2.818012"></trkpt>
    <trkpt lat="42.079557" lon="2.818127"></trkpt>
    <trkpt lat="42.079743" lon="2.818146"></trkpt>
    <trkpt lat="42.079919" lon="2.818163"></trkpt>
    <trkpt lat="42.080337" lon="2.818163"></trkpt>
    <trkpt lat="42.080626" lon="2.818127"></trkpt>
    <trkpt lat="42.080998" lon="2.818045"></trkpt>
    <trkpt lat="42.081321" lon="2.817951"></trkpt>
    <trkpt lat="42.081696" lon="2.817798"></trkpt>
    <trkpt lat="42.081998" lon="2.817618"></trkpt>
    <trkpt lat="42.082264" lon="2.817442"></trkpt>
    <trkpt lat="42.082536" lon="2.817245"></trkpt>
    <trkpt lat="42.082972" lon="2.816818"></trkpt>
    <trkpt lat="42.083644" lon="2.816094"></trkpt>
    <trkpt lat="42.083729" lon="2.816003"></trkpt>
    <trkpt lat="42.085569" lon="2.814040"></trkpt>
    <trkpt lat="42.086399" lon="2.813126"></trkpt>
    <trkpt lat="42.088077" lon="2.811305"></trkpt>
    <trkpt lat="42.088772" lon="2.810560"></trkpt>
    <trkpt lat="42.088858" lon="2.810468"></trkpt>
    <trkpt lat="42.088886" lon="2.810438"></trkpt>
    <trkpt lat="42.089456" lon="2.809796"></trkpt>
    <trkpt lat="42.089911" lon="2.809277"></trkpt>
    <trkpt lat="42.090285" lon="2.808806"></trkpt>
    <trkpt lat="42.090746" lon="2.808115"></trkpt>
    <trkpt lat="42.091680" lon="2.806582"></trkpt>
    <trkpt lat="42.092643" lon="2.805001"></trkpt>
    <trkpt lat="42.092842" lon="2.804673"></trkpt>
    <trkpt lat="42.094292" lon="2.802268"></trkpt>
    <trkpt lat="42.094502" lon="2.801925"></trkpt>
    <trkpt lat="42.094867" lon="2.801321"></trkpt>
    <trkpt lat="42.094937" lon="2.801241"></trkpt>
    <trkpt lat="42.095102" lon="2.800980"></trkpt>
    <trkpt lat="42.095237" lon="2.800763"></trkpt>
    <trkpt lat="42.095900" lon="2.799733"></trkpt>
    <trkpt lat="42.096304" lon="2.799118"></trkpt>
    <trkpt lat="42.096453" lon="2.798940"></trkpt>
    <trkpt lat="42.096655" lon="2.798742"></trkpt>
    <trkpt lat="42.097156" lon="2.798467"></trkpt>
    <trkpt lat="42.097317" lon="2.798394"></trkpt>
    <trkpt lat="42.097378" lon="2.798423"></trkpt>
    <trkpt lat="42.097442" lon="2.798438"></trkpt>
    <trkpt lat="42.097506" lon="2.798439"></trkpt>
    <trkpt lat="42.097618" lon="2.798407"></trkpt>
    <trkpt lat="42.097719" lon="2.798333"></trkpt>
    <trkpt lat="42.097791" lon="2.798242"></trkpt>
    <trkpt lat="42.097843" lon="2.798130"></trkpt>
    <trkpt lat="42.097874" lon="2.798004"></trkpt>
    <trkpt lat="42.097882" lon="2.797881"></trkpt>
    <trkpt lat="42.097869" lon="2.797760"></trkpt>
    <trkpt lat="42.097836" lon="2.797645"></trkpt>
    <trkpt lat="42.097785" lon="2.797544"></trkpt>
    <trkpt lat="42.097747" lon="2.797491"></trkpt>
    <trkpt lat="42.097703" lon="2.797446"></trkpt>
    <trkpt lat="42.097677" lon="2.797395"></trkpt>
    <trkpt lat="42.097639" lon="2.797296"></trkpt>
    <trkpt lat="42.097611" lon="2.797182"></trkpt>
    <trkpt lat="42.097604" lon="2.797028"></trkpt>
    <trkpt lat="42.097619" lon="2.796899"></trkpt>
    <trkpt lat="42.097666" lon="2.796755"></trkpt>
    <trkpt lat="42.097741" lon="2.796593"></trkpt>
    <trkpt lat="42.097987" lon="2.796218"></trkpt>
    <trkpt lat="42.098153" lon="2.795948"></trkpt>
    <trkpt lat="42.098257" lon="2.795777"></trkpt>
    <trkpt lat="42.098332" lon="2.795610"></trkpt>
    <trkpt lat="42.098437" lon="2.795450"></trkpt>
    <trkpt lat="42.098576" lon="2.795222"></trkpt>
    <trkpt lat="42.098651" lon="2.795098"></trkpt>
    <trkpt lat="42.098887" lon="2.794697"></trkpt>
    <trkpt lat="42.100125" lon="2.792659"></trkpt>
    <trkpt lat="42.100300" lon="2.792404"></trkpt>
    <trkpt lat="42.100399" lon="2.792248"></trkpt>
    <trkpt lat="42.100483" lon="2.792117"></trkpt>
    <trkpt lat="42.100591" lon="2.791954"></trkpt>
    <trkpt lat="42.100804" lon="2.791605"></trkpt>
    <trkpt lat="42.100826" lon="2.791568"></trkpt>
    <trkpt lat="42.100835" lon="2.791553"></trkpt>
    <trkpt lat="42.100855" lon="2.791521"></trkpt>
    <trkpt lat="42.100870" lon="2.791496"></trkpt>
    <trkpt lat="42.100928" lon="2.791391"></trkpt>
    <trkpt lat="42.100960" lon="2.791331"></trkpt>
    <trkpt lat="42.100968" lon="2.791314"></trkpt>
    <trkpt lat="42.101182" lon="2.790956"></trkpt>
    <trkpt lat="42.101348" lon="2.790669"></trkpt>
    <trkpt lat="42.101496" lon="2.790414"></trkpt>
    <trkpt lat="42.101573" lon="2.790248"></trkpt>
    <trkpt lat="42.102394" lon="2.788895"></trkpt>
    <trkpt lat="42.102908" lon="2.788052"></trkpt>
    <trkpt lat="42.102911" lon="2.788047"></trkpt>
    <trkpt lat="42.103049" lon="2.787817"></trkpt>
    <trkpt lat="42.103184" lon="2.787596"></trkpt>
    <trkpt lat="42.103676" lon="2.786777"></trkpt>
    <trkpt lat="42.104014" lon="2.786212"></trkpt>
    <trkpt lat="42.104378" lon="2.785611"></trkpt>
    <trkpt lat="42.104512" lon="2.785488"></trkpt>
    <trkpt lat="42.104543" lon="2.785500"></trkpt>
    <trkpt lat="42.104575" lon="2.785501"></trkpt>
    <trkpt lat="42.104611" lon="2.785491"></trkpt>
    <trkpt lat="42.104643" lon="2.785468"></trkpt>
    <trkpt lat="42.104670" lon="2.785434"></trkpt>
    <trkpt lat="42.104692" lon="2.785384"></trkpt>
    <trkpt lat="42.104701" lon="2.785327"></trkpt>
    <trkpt lat="42.104697" lon="2.785270"></trkpt>
    <trkpt lat="42.104686" lon="2.785236"></trkpt>
    <trkpt lat="42.104757" lon="2.784998"></trkpt>
    <trkpt lat="42.104804" lon="2.784921"></trkpt>
    <trkpt lat="42.104864" lon="2.784821"></trkpt>
    <trkpt lat="42.105314" lon="2.784078"></trkpt>
    <trkpt lat="42.106068" lon="2.782831"></trkpt>
    <trkpt lat="42.106183" lon="2.782644"></trkpt>
    <trkpt lat="42.106251" lon="2.782533"></trkpt>
    <trkpt lat="42.106301" lon="2.782451"></trkpt>
    <trkpt lat="42.106336" lon="2.782393"></trkpt>
    <trkpt lat="42.106378" lon="2.782323"></trkpt>
    <trkpt lat="42.107027" lon="2.781224"></trkpt>
    <trkpt lat="42.107106" lon="2.781092"></trkpt>
    <trkpt lat="42.107266" lon="2.780826"></trkpt>
    <trkpt lat="42.107342" lon="2.780751"></trkpt>
    <trkpt lat="42.107408" lon="2.780647"></trkpt>
    <trkpt lat="42.107428" lon="2.780613"></trkpt>
    <trkpt lat="42.107749" lon="2.780080"></trkpt>
    <trkpt lat="42.107804" lon="2.779987"></trkpt>
    <trkpt lat="42.107931" lon="2.779774"></trkpt>
    <trkpt lat="42.107974" lon="2.779700"></trkpt>
    <trkpt lat="42.108146" lon="2.779434"></trkpt>
    <trkpt lat="42.108219" lon="2.779325"></trkpt>
    <trkpt lat="42.108308" lon="2.779191"></trkpt>
    <trkpt lat="42.108465" lon="2.778986"></trkpt>
    <trkpt lat="42.108521" lon="2.778921"></trkpt>
    <trkpt lat="42.108575" lon="2.778859"></trkpt>
    <trkpt lat="42.108585" lon="2.778848"></trkpt>
    <trkpt lat="42.108608" lon="2.778820"></trkpt>
    <trkpt lat="42.108883" lon="2.778502"></trkpt>
    <trkpt lat="42.108914" lon="2.778467"></trkpt>
    <trkpt lat="42.109141" lon="2.778209"></trkpt>
    <trkpt lat="42.109256" lon="2.778043"></trkpt>
    <trkpt lat="42.109349" lon="2.777854"></trkpt>
    <trkpt lat="42.109528" lon="2.777543"></trkpt>
    <trkpt lat="42.109887" lon="2.776947"></trkpt>
    <trkpt lat="42.109920" lon="2.776891"></trkpt>
    <trkpt lat="42.109955" lon="2.776833"></trkpt>
    <trkpt lat="42.110524" lon="2.775867"></trkpt>
    <trkpt lat="42.110558" lon="2.775811"></trkpt>
    <trkpt lat="42.110641" lon="2.775759"></trkpt>
    <trkpt lat="42.110681" lon="2.775742"></trkpt>
    <trkpt lat="42.110729" lon="2.775772"></trkpt>
    <trkpt lat="42.110762" lon="2.775781"></trkpt>
    <trkpt lat="42.110822" lon="2.775779"></trkpt>
    <trkpt lat="42.110878" lon="2.775752"></trkpt>
    <trkpt lat="42.110926" lon="2.775704"></trkpt>
    <trkpt lat="42.110962" lon="2.775639"></trkpt>
    <trkpt lat="42.110981" lon="2.775563"></trkpt>
    <trkpt lat="42.110982" lon="2.775482"></trkpt>
    <trkpt lat="42.110976" lon="2.775445"></trkpt>
    <trkpt lat="42.110966" lon="2.775407"></trkpt>
    <trkpt lat="42.111012" lon="2.775256"></trkpt>
    <trkpt lat="42.111086" lon="2.775167"></trkpt>
    <trkpt lat="42.111607" lon="2.774539"></trkpt>
    <trkpt lat="42.111822" lon="2.774280"></trkpt>
    <trkpt lat="42.112211" lon="2.773835"></trkpt>
    <trkpt lat="42.112239" lon="2.773803"></trkpt>
    <trkpt lat="42.112366" lon="2.773687"></trkpt>
    <trkpt lat="42.112399" lon="2.773656"></trkpt>
    <trkpt lat="42.112421" lon="2.773662"></trkpt>
    <trkpt lat="42.112442" lon="2.773664"></trkpt>
    <trkpt lat="42.112464" lon="2.773662"></trkpt>
    <trkpt lat="42.112485" lon="2.773656"></trkpt>
    <trkpt lat="42.112506" lon="2.773646"></trkpt>
    <trkpt lat="42.112525" lon="2.773632"></trkpt>
    <trkpt lat="42.112542" lon="2.773615"></trkpt>
    <trkpt lat="42.112558" lon="2.773595"></trkpt>
    <trkpt lat="42.112571" lon="2.773573"></trkpt>
    <trkpt lat="42.112581" lon="2.773552"></trkpt>
    <trkpt lat="42.112588" lon="2.773530"></trkpt>
    <trkpt lat="42.112594" lon="2.773507"></trkpt>
    <trkpt lat="42.112597" lon="2.773487"></trkpt>
    <trkpt lat="42.112599" lon="2.773466"></trkpt>
    <trkpt lat="42.112599" lon="2.773445"></trkpt>
    <trkpt lat="42.112598" lon="2.773424"></trkpt>
    <trkpt lat="42.112595" lon="2.773403"></trkpt>
    <trkpt lat="42.112590" lon="2.773383"></trkpt>
    <trkpt lat="42.112585" lon="2.773364"></trkpt>
    <trkpt lat="42.112577" lon="2.773345"></trkpt>
    <trkpt lat="42.112569" lon="2.773328"></trkpt>
    <trkpt lat="42.112574" lon="2.773281"></trkpt>
    <trkpt lat="42.112576" lon="2.773245"></trkpt>
    <trkpt lat="42.112585" lon="2.773209"></trkpt>
    <trkpt lat="42.112599" lon="2.773170"></trkpt>
    <trkpt lat="42.112648" lon="2.773081"></trkpt>
    <trkpt lat="42.112679" lon="2.773031"></trkpt>
    <trkpt lat="42.112826" lon="2.772784"></trkpt>
    <trkpt lat="42.113081" lon="2.772309"></trkpt>
    <trkpt lat="42.113161" lon="2.772160"></trkpt>
    <trkpt lat="42.113238" lon="2.772020"></trkpt>
    <trkpt lat="42.113584" lon="2.771382"></trkpt>
    <trkpt lat="42.113650" lon="2.771262"></trkpt>
    <trkpt lat="42.113737" lon="2.771110"></trkpt>
    <trkpt lat="42.113909" lon="2.770775"></trkpt>
    <trkpt lat="42.114120" lon="2.770370"></trkpt>
    <trkpt lat="42.114161" lon="2.770290"></trkpt>
    <trkpt lat="42.114191" lon="2.770229"></trkpt>
    <trkpt lat="42.114281" lon="2.770059"></trkpt>
    <trkpt lat="42.114592" lon="2.769477"></trkpt>
    <trkpt lat="42.114642" lon="2.769383"></trkpt>
    <trkpt lat="42.114711" lon="2.769250"></trkpt>
    <trkpt lat="42.114832" lon="2.769018"></trkpt>
    <trkpt lat="42.115140" lon="2.768420"></trkpt>
    <trkpt lat="42.115282" lon="2.768160"></trkpt>
    <trkpt lat="42.115360" lon="2.768017"></trkpt>
    <trkpt lat="42.115515" lon="2.767713"></trkpt>
    <trkpt lat="42.115560" lon="2.767629"></trkpt>
    <trkpt lat="42.115584" lon="2.767566"></trkpt>
    <trkpt lat="42.115694" lon="2.767370"></trkpt>
    <trkpt lat="42.116018" lon="2.766774"></trkpt>
    <trkpt lat="42.116051" lon="2.766712"></trkpt>
    <trkpt lat="42.116257" lon="2.766317"></trkpt>
    <trkpt lat="42.116284" lon="2.766267"></trkpt>
    <trkpt lat="42.116480" lon="2.765888"></trkpt>
    <trkpt lat="42.116641" lon="2.765592"></trkpt>
    <trkpt lat="42.116841" lon="2.765206"></trkpt>
    <trkpt lat="42.117073" lon="2.764777"></trkpt>
    <trkpt lat="42.117128" lon="2.764675"></trkpt>
    <trkpt lat="42.117177" lon="2.764585"></trkpt>
    <trkpt lat="42.117197" lon="2.764559"></trkpt>
    <trkpt lat="42.117223" lon="2.764522"></trkpt>
    <trkpt lat="42.117248" lon="2.764494"></trkpt>
    <trkpt lat="42.117311" lon="2.764424"></trkpt>
    <trkpt lat="42.117406" lon="2.764329"></trkpt>
    <trkpt lat="42.117483" lon="2.764251"></trkpt>
    <trkpt lat="42.117572" lon="2.764161"></trkpt>
    <trkpt lat="42.117638" lon="2.764123"></trkpt>
    <trkpt lat="42.117696" lon="2.764089"></trkpt>
    <trkpt lat="42.117923" lon="2.763852"></trkpt>
    <trkpt lat="42.117977" lon="2.763793"></trkpt>
    <trkpt lat="42.117996" lon="2.763772"></trkpt>
    <trkpt lat="42.118123" lon="2.763602"></trkpt>
    <trkpt lat="42.118227" lon="2.763510"></trkpt>
    <trkpt lat="42.118259" lon="2.763487"></trkpt>
    <trkpt lat="42.118294" lon="2.763463"></trkpt>
    <trkpt lat="42.118328" lon="2.763448"></trkpt>
    <trkpt lat="42.118365" lon="2.763435"></trkpt>
    <trkpt lat="42.118403" lon="2.763428"></trkpt>
    <trkpt lat="42.118467" lon="2.763428"></trkpt>
    <trkpt lat="42.118609" lon="2.763430"></trkpt>
    <trkpt lat="42.118696" lon="2.763447"></trkpt>
    <trkpt lat="42.118720" lon="2.763452"></trkpt>
    <trkpt lat="42.119084" lon="2.763456"></trkpt>
    <trkpt lat="42.119134" lon="2.763458"></trkpt>
    <trkpt lat="42.119216" lon="2.763461"></trkpt>
    <trkpt lat="42.119217" lon="2.763528"></trkpt>
    <trkpt lat="42.119217" lon="2.763706"></trkpt>
    <trkpt lat="42.119161" lon="2.763758"></trkpt>
    <trkpt lat="42.119120" lon="2.763759"></trkpt>
    <trkpt lat="42.118962" lon="2.763763"></trkpt>
    <trkpt lat="42.118888" lon="2.763765"></trkpt>
    <trkpt lat="42.118861" lon="2.763765"></trkpt>
    <trkpt lat="42.118840" lon="2.763802"></trkpt>
    <trkpt lat="42.118831" lon="2.763817"></trkpt>
    <trkpt lat="42.118815" lon="2.763845"></trkpt>
    <trkpt lat="42.118852" lon="2.763992"></trkpt>
    <trkpt lat="42.118895" lon="2.764174"></trkpt>
    <trkpt lat="42.118910" lon="2.764238"></trkpt>
    <trkpt lat="42.118941" lon="2.764344"></trkpt>
    <trkpt lat="42.118984" lon="2.764626"></trkpt>
    <trkpt lat="42.119001" lon="2.764797"></trkpt>
    <trkpt lat="42.119143" lon="2.764767"></trkpt>
    <trkpt lat="42.119222" lon="2.764764"></trkpt>
    <trkpt lat="42.119225" lon="2.764654"></trkpt>
    <trkpt lat="42.119221" lon="2.764284"></trkpt>
    <trkpt lat="42.119220" lon="2.764075"></trkpt>
    <trkpt lat="42.119220" lon="2.763841"></trkpt>
    <trkpt lat="42.119217" lon="2.763706"></trkpt>
    <trkpt lat="42.119217" lon="2.763528"></trkpt>
    <trkpt lat="42.119216" lon="2.763461"></trkpt>
    <trkpt lat="42.119217" lon="2.763402"></trkpt>
    <trkpt lat="42.119134" lon="2.763401"></trkpt>
    <trkpt lat="42.118743" lon="2.763397"></trkpt>
    <trkpt lat="42.118609" lon="2.763430"></trkpt>
    <trkpt lat="42.118467" lon="2.763428"></trkpt>
    <trkpt lat="42.118403" lon="2.763428"></trkpt>
    <trkpt lat="42.118365" lon="2.763435"></trkpt>
    <trkpt lat="42.118328" lon="2.763448"></trkpt>
    <trkpt lat="42.118294" lon="2.763463"></trkpt>
    <trkpt lat="42.118259" lon="2.763487"></trkpt>
    <trkpt lat="42.118227" lon="2.763510"></trkpt>
    <trkpt lat="42.118123" lon="2.763602"></trkpt>
    <trkpt lat="42.118063" lon="2.763653"></trkpt>
    <trkpt lat="42.118015" lon="2.763694"></trkpt>
    <trkpt lat="42.117969" lon="2.763740"></trkpt>
    <trkpt lat="42.117905" lon="2.763805"></trkpt>
    <trkpt lat="42.117675" lon="2.764036"></trkpt>
    <trkpt lat="42.117625" lon="2.764086"></trkpt>
    <trkpt lat="42.117572" lon="2.764161"></trkpt>
    <trkpt lat="42.117483" lon="2.764251"></trkpt>
    <trkpt lat="42.117406" lon="2.764329"></trkpt>
    <trkpt lat="42.117311" lon="2.764424"></trkpt>
    <trkpt lat="42.117248" lon="2.764494"></trkpt>
    <trkpt lat="42.117223" lon="2.764522"></trkpt>
    <trkpt lat="42.117197" lon="2.764559"></trkpt>
    <trkpt lat="42.117177" lon="2.764585"></trkpt>
    <trkpt lat="42.117128" lon="2.764675"></trkpt>
    <trkpt lat="42.117073" lon="2.764777"></trkpt>
    <trkpt lat="42.116841" lon="2.765206"></trkpt>
    <trkpt lat="42.116641" lon="2.765592"></trkpt>
    <trkpt lat="42.116480" lon="2.765888"></trkpt>
    <trkpt lat="42.116284" lon="2.766267"></trkpt>
    <trkpt lat="42.116257" lon="2.766317"></trkpt>
    <trkpt lat="42.116051" lon="2.766712"></trkpt>
    <trkpt lat="42.116018" lon="2.766774"></trkpt>
    <trkpt lat="42.115694" lon="2.767370"></trkpt>
    <trkpt lat="42.115584" lon="2.767566"></trkpt>
    <trkpt lat="42.115502" lon="2.767639"></trkpt>
    <trkpt lat="42.115489" lon="2.767651"></trkpt>
    <trkpt lat="42.115476" lon="2.767675"></trkpt>
    <trkpt lat="42.115459" lon="2.767708"></trkpt>
    <trkpt lat="42.115097" lon="2.768385"></trkpt>
    <trkpt lat="42.114897" lon="2.768760"></trkpt>
    <trkpt lat="42.114661" lon="2.769200"></trkpt>
    <trkpt lat="42.114590" lon="2.769332"></trkpt>
    <trkpt lat="42.114506" lon="2.769489"></trkpt>
    <trkpt lat="42.114230" lon="2.770011"></trkpt>
    <trkpt lat="42.114143" lon="2.770175"></trkpt>
    <trkpt lat="42.114065" lon="2.770319"></trkpt>
    <trkpt lat="42.113673" lon="2.771052"></trkpt>
    <trkpt lat="42.113589" lon="2.771208"></trkpt>
    <trkpt lat="42.113526" lon="2.771329"></trkpt>
    <trkpt lat="42.113188" lon="2.771972"></trkpt>
    <trkpt lat="42.113111" lon="2.772118"></trkpt>
    <trkpt lat="42.113032" lon="2.772267"></trkpt>
    <trkpt lat="42.112832" lon="2.772646"></trkpt>
    <trkpt lat="42.112779" lon="2.772745"></trkpt>
    <trkpt lat="42.112683" lon="2.772930"></trkpt>
    <trkpt lat="42.112651" lon="2.772999"></trkpt>
    <trkpt lat="42.112621" lon="2.773047"></trkpt>
    <trkpt lat="42.112596" lon="2.773081"></trkpt>
    <trkpt lat="42.112572" lon="2.773108"></trkpt>
    <trkpt lat="42.112485" lon="2.773171"></trkpt>
    <trkpt lat="42.112404" lon="2.773248"></trkpt>
    <trkpt lat="42.112371" lon="2.773265"></trkpt>
    <trkpt lat="42.112363" lon="2.773271"></trkpt>
    <trkpt lat="42.112349" lon="2.773284"></trkpt>
    <trkpt lat="42.112336" lon="2.773299"></trkpt>
    <trkpt lat="42.112324" lon="2.773315"></trkpt>
    <trkpt lat="42.112313" lon="2.773334"></trkpt>
    <trkpt lat="42.112304" lon="2.773354"></trkpt>
    <trkpt lat="42.112296" lon="2.773380"></trkpt>
    <trkpt lat="42.112290" lon="2.773408"></trkpt>
    <trkpt lat="42.112286" lon="2.773436"></trkpt>
    <trkpt lat="42.112286" lon="2.773465"></trkpt>
    <trkpt lat="42.112289" lon="2.773497"></trkpt>
    <trkpt lat="42.112296" lon="2.773528"></trkpt>
    <trkpt lat="42.112299" lon="2.773537"></trkpt>
    <trkpt lat="42.112289" lon="2.773604"></trkpt>
    <trkpt lat="42.112275" lon="2.773689"></trkpt>
    <trkpt lat="42.112239" lon="2.773803"></trkpt>
    <trkpt lat="42.112211" lon="2.773835"></trkpt>
    <trkpt lat="42.111822" lon="2.774280"></trkpt>
    <trkpt lat="42.111607" lon="2.774539"></trkpt>
    <trkpt lat="42.111086" lon="2.775167"></trkpt>
    <trkpt lat="42.111012" lon="2.775256"></trkpt>
    <trkpt lat="42.110916" lon="2.775316"></trkpt>
    <trkpt lat="42.110876" lon="2.775280"></trkpt>
    <trkpt lat="42.110831" lon="2.775258"></trkpt>
    <trkpt lat="42.110783" lon="2.775251"></trkpt>
    <trkpt lat="42.110736" lon="2.775260"></trkpt>
    <trkpt lat="42.110690" lon="2.775284"></trkpt>
    <trkpt lat="42.110651" lon="2.775323"></trkpt>
    <trkpt lat="42.110620" lon="2.775375"></trkpt>
    <trkpt lat="42.110599" lon="2.775434"></trkpt>
    <trkpt lat="42.110589" lon="2.775501"></trkpt>
    <trkpt lat="42.110593" lon="2.775569"></trkpt>
    <trkpt lat="42.110588" lon="2.775654"></trkpt>
    <trkpt lat="42.110587" lon="2.775694"></trkpt>
    <trkpt lat="42.110558" lon="2.775811"></trkpt>
    <trkpt lat="42.110524" lon="2.775867"></trkpt>
    <trkpt lat="42.109955" lon="2.776833"></trkpt>
    <trkpt lat="42.109920" lon="2.776891"></trkpt>
    <trkpt lat="42.109887" lon="2.776947"></trkpt>
    <trkpt lat="42.109528" lon="2.777543"></trkpt>
    <trkpt lat="42.109349" lon="2.777854"></trkpt>
    <trkpt lat="42.109263" lon="2.777950"></trkpt>
    <trkpt lat="42.109211" lon="2.778009"></trkpt>
    <trkpt lat="42.109077" lon="2.778165"></trkpt>
    <trkpt lat="42.108777" lon="2.778514"></trkpt>
    <trkpt lat="42.108696" lon="2.778608"></trkpt>
    <trkpt lat="42.108566" lon="2.778758"></trkpt>
    <trkpt lat="42.108543" lon="2.778789"></trkpt>
    <trkpt lat="42.108486" lon="2.778868"></trkpt>
    <trkpt lat="42.108198" lon="2.779248"></trkpt>
    <trkpt lat="42.108058" lon="2.779469"></trkpt>
    <trkpt lat="42.107955" lon="2.779627"></trkpt>
    <trkpt lat="42.107893" lon="2.779730"></trkpt>
    <trkpt lat="42.107600" lon="2.780226"></trkpt>
    <trkpt lat="42.107511" lon="2.780377"></trkpt>
    <trkpt lat="42.107394" lon="2.780575"></trkpt>
    <trkpt lat="42.107348" lon="2.780652"></trkpt>
    <trkpt lat="42.107314" lon="2.780721"></trkpt>
    <trkpt lat="42.107266" lon="2.780826"></trkpt>
    <trkpt lat="42.107106" lon="2.781092"></trkpt>
    <trkpt lat="42.107027" lon="2.781224"></trkpt>
    <trkpt lat="42.106378" lon="2.782323"></trkpt>
    <trkpt lat="42.106336" lon="2.782393"></trkpt>
    <trkpt lat="42.106301" lon="2.782451"></trkpt>
    <trkpt lat="42.106251" lon="2.782533"></trkpt>
    <trkpt lat="42.106183" lon="2.782644"></trkpt>
    <trkpt lat="42.106068" lon="2.782831"></trkpt>
    <trkpt lat="42.105314" lon="2.784078"></trkpt>
    <trkpt lat="42.104864" lon="2.784821"></trkpt>
    <trkpt lat="42.104804" lon="2.784921"></trkpt>
    <trkpt lat="42.104757" lon="2.784998"></trkpt>
    <trkpt lat="42.104615" lon="2.785145"></trkpt>
    <trkpt lat="42.104574" lon="2.785133"></trkpt>
    <trkpt lat="42.104560" lon="2.785134"></trkpt>
    <trkpt lat="42.104533" lon="2.785137"></trkpt>
    <trkpt lat="42.104494" lon="2.785158"></trkpt>
    <trkpt lat="42.104459" lon="2.785199"></trkpt>
    <trkpt lat="42.104449" lon="2.785221"></trkpt>
    <trkpt lat="42.104436" lon="2.785253"></trkpt>
    <trkpt lat="42.104427" lon="2.785315"></trkpt>
    <trkpt lat="42.104435" lon="2.785377"></trkpt>
    <trkpt lat="42.104378" lon="2.785611"></trkpt>
    <trkpt lat="42.104014" lon="2.786212"></trkpt>
    <trkpt lat="42.103676" lon="2.786777"></trkpt>
    <trkpt lat="42.103184" lon="2.787596"></trkpt>
    <trkpt lat="42.103049" lon="2.787817"></trkpt>
    <trkpt lat="42.102911" lon="2.788047"></trkpt>
    <trkpt lat="42.102908" lon="2.788052"></trkpt>
    <trkpt lat="42.102394" lon="2.788895"></trkpt>
    <trkpt lat="42.101573" lon="2.790248"></trkpt>
    <trkpt lat="42.101463" lon="2.790381"></trkpt>
    <trkpt lat="42.101365" lon="2.790536"></trkpt>
    <trkpt lat="42.101284" lon="2.790665"></trkpt>
    <trkpt lat="42.101217" lon="2.790776"></trkpt>
    <trkpt lat="42.101118" lon="2.790941"></trkpt>
    <trkpt lat="42.101106" lon="2.790964"></trkpt>
    <trkpt lat="42.101005" lon="2.791133"></trkpt>
    <trkpt lat="42.100964" lon="2.791200"></trkpt>
    <trkpt lat="42.100950" lon="2.791224"></trkpt>
    <trkpt lat="42.100908" lon="2.791291"></trkpt>
    <trkpt lat="42.100484" lon="2.792009"></trkpt>
    <trkpt lat="42.100407" lon="2.792140"></trkpt>
    <trkpt lat="42.100224" lon="2.792457"></trkpt>
    <trkpt lat="42.100152" lon="2.792580"></trkpt>
    <trkpt lat="42.100125" lon="2.792659"></trkpt>
    <trkpt lat="42.098887" lon="2.794697"></trkpt>
    <trkpt lat="42.098651" lon="2.795098"></trkpt>
    <trkpt lat="42.098576" lon="2.795222"></trkpt>
    <trkpt lat="42.098437" lon="2.795450"></trkpt>
    <trkpt lat="42.098332" lon="2.795610"></trkpt>
    <trkpt lat="42.098118" lon="2.795907"></trkpt>
    <trkpt lat="42.097910" lon="2.796228"></trkpt>
    <trkpt lat="42.097833" lon="2.796348"></trkpt>
    <trkpt lat="42.097784" lon="2.796423"></trkpt>
    <trkpt lat="42.097679" lon="2.796582"></trkpt>
    <trkpt lat="42.097632" lon="2.796689"></trkpt>
    <trkpt lat="42.097592" lon="2.796800"></trkpt>
    <trkpt lat="42.097564" lon="2.796924"></trkpt>
    <trkpt lat="42.097538" lon="2.797043"></trkpt>
    <trkpt lat="42.097487" lon="2.797193"></trkpt>
    <trkpt lat="42.097420" lon="2.797322"></trkpt>
    <trkpt lat="42.097367" lon="2.797376"></trkpt>
    <trkpt lat="42.097325" lon="2.797395"></trkpt>
    <trkpt lat="42.097286" lon="2.797421"></trkpt>
    <trkpt lat="42.097232" lon="2.797468"></trkpt>
    <trkpt lat="42.097133" lon="2.797538"></trkpt>
    <trkpt lat="42.097072" lon="2.797617"></trkpt>
    <trkpt lat="42.096971" lon="2.797748"></trkpt>
    <trkpt lat="42.096584" lon="2.798291"></trkpt>
    <trkpt lat="42.096403" lon="2.798537"></trkpt>
    <trkpt lat="42.095912" lon="2.799319"></trkpt>
    <trkpt lat="42.095764" lon="2.799574"></trkpt>
    <trkpt lat="42.095196" lon="2.800549"></trkpt>
    <trkpt lat="42.095076" lon="2.800754"></trkpt>
    <trkpt lat="42.094984" lon="2.800943"></trkpt>
    <trkpt lat="42.092768" lon="2.804587"></trkpt>
    <trkpt lat="42.090858" lon="2.807737"></trkpt>
    <trkpt lat="42.090667" lon="2.808043"></trkpt>
    <trkpt lat="42.090494" lon="2.808310"></trkpt>
    <trkpt lat="42.090139" lon="2.808816"></trkpt>
    <trkpt lat="42.089833" lon="2.809225"></trkpt>
    <trkpt lat="42.089433" lon="2.809677"></trkpt>
    <trkpt lat="42.088801" lon="2.810369"></trkpt>
    <trkpt lat="42.088714" lon="2.810464"></trkpt>
    <trkpt lat="42.087811" lon="2.811443"></trkpt>
    <trkpt lat="42.087299" lon="2.811999"></trkpt>
    <trkpt lat="42.086807" lon="2.812533"></trkpt>
    <trkpt lat="42.086748" lon="2.812597"></trkpt>
    <trkpt lat="42.085840" lon="2.813579"></trkpt>
    <trkpt lat="42.084965" lon="2.814493"></trkpt>
    <trkpt lat="42.084746" lon="2.814764"></trkpt>
    <trkpt lat="42.083732" lon="2.815851"></trkpt>
    <trkpt lat="42.083676" lon="2.815912"></trkpt>
    <trkpt lat="42.083590" lon="2.816006"></trkpt>
    <trkpt lat="42.083024" lon="2.816626"></trkpt>
    <trkpt lat="42.082678" lon="2.816976"></trkpt>
    <trkpt lat="42.082493" lon="2.817139"></trkpt>
    <trkpt lat="42.082304" lon="2.817278"></trkpt>
    <trkpt lat="42.082008" lon="2.817488"></trkpt>
    <trkpt lat="42.081624" lon="2.817687"></trkpt>
    <trkpt lat="42.081260" lon="2.817851"></trkpt>
    <trkpt lat="42.081102" lon="2.817900"></trkpt>
    <trkpt lat="42.080861" lon="2.817959"></trkpt>
    <trkpt lat="42.080423" lon="2.818043"></trkpt>
    <trkpt lat="42.080066" lon="2.818058"></trkpt>
    <trkpt lat="42.079532" lon="2.818002"></trkpt>
    <trkpt lat="42.079204" lon="2.817923"></trkpt>
    <trkpt lat="42.078518" lon="2.817680"></trkpt>
    <trkpt lat="42.076687" lon="2.816977"></trkpt>
    <trkpt lat="42.076246" lon="2.816808"></trkpt>
    <trkpt lat="42.075292" lon="2.816400"></trkpt>
    <trkpt lat="42.074655" lon="2.816161"></trkpt>
    <trkpt lat="42.073985" lon="2.815892"></trkpt>
    <trkpt lat="42.071236" lon="2.814790"></trkpt>
    <trkpt lat="42.067649" lon="2.813397"></trkpt>
    <trkpt lat="42.066369" lon="2.812902"></trkpt>
    <trkpt lat="42.066333" lon="2.812890"></trkpt>
    <trkpt lat="42.065580" lon="2.812637"></trkpt>
    <trkpt lat="42.065419" lon="2.812589"></trkpt>
    <trkpt lat="42.065372" lon="2.812589"></trkpt>
    <trkpt lat="42.065097" lon="2.812517"></trkpt>
    <trkpt lat="42.064807" lon="2.812456"></trkpt>
    <trkpt lat="42.064380" lon="2.812386"></trkpt>
    <trkpt lat="42.064154" lon="2.812363"></trkpt>
    <trkpt lat="42.063839" lon="2.812335"></trkpt>
    <trkpt lat="42.063570" lon="2.812323"></trkpt>
    <trkpt lat="42.063151" lon="2.812322"></trkpt>
    <trkpt lat="42.062819" lon="2.812332"></trkpt>
    <trkpt lat="42.062430" lon="2.812367"></trkpt>
    <trkpt lat="42.062291" lon="2.812383"></trkpt>
    <trkpt lat="42.061942" lon="2.812439"></trkpt>
    <trkpt lat="42.061748" lon="2.812474"></trkpt>
    <trkpt lat="42.061529" lon="2.812519"></trkpt>
    <trkpt lat="42.061083" lon="2.812633"></trkpt>
    <trkpt lat="42.060862" lon="2.812703"></trkpt>
    <trkpt lat="42.060566" lon="2.812812"></trkpt>
    <trkpt lat="42.060350" lon="2.812897"></trkpt>
    <trkpt lat="42.060021" lon="2.813057"></trkpt>
    <trkpt lat="42.059323" lon="2.813464"></trkpt>
    <trkpt lat="42.059025" lon="2.813690"></trkpt>
    <trkpt lat="42.058777" lon="2.813875"></trkpt>
    <trkpt lat="42.058551" lon="2.814060"></trkpt>
    <trkpt lat="42.057692" lon="2.814749"></trkpt>
    <trkpt lat="42.056949" lon="2.815340"></trkpt>
    <trkpt lat="42.056171" lon="2.815976"></trkpt>
    <trkpt lat="42.055665" lon="2.816388"></trkpt>
    <trkpt lat="42.055428" lon="2.816556"></trkpt>
    <trkpt lat="42.054841" lon="2.817018"></trkpt>
    <trkpt lat="42.054633" lon="2.817155"></trkpt>
    <trkpt lat="42.054331" lon="2.817339"></trkpt>
    <trkpt lat="42.054042" lon="2.817491"></trkpt>
    <trkpt lat="42.053837" lon="2.817591"></trkpt>
    <trkpt lat="42.053518" lon="2.817724"></trkpt>
    <trkpt lat="42.053195" lon="2.817836"></trkpt>
    <trkpt lat="42.052904" lon="2.817921"></trkpt>
    <trkpt lat="42.052562" lon="2.818002"></trkpt>
    <trkpt lat="42.052134" lon="2.818093"></trkpt>
    <trkpt lat="42.051959" lon="2.818126"></trkpt>
    <trkpt lat="42.051827" lon="2.818153"></trkpt>
    <trkpt lat="42.051711" lon="2.818178"></trkpt>
    <trkpt lat="42.049726" lon="2.818563"></trkpt>
    <trkpt lat="42.048734" lon="2.818772"></trkpt>
    <trkpt lat="42.048591" lon="2.818803"></trkpt>
    <trkpt lat="42.048121" lon="2.818907"></trkpt>
    <trkpt lat="42.047648" lon="2.819030"></trkpt>
    <trkpt lat="42.047525" lon="2.819070"></trkpt>
    <trkpt lat="42.047382" lon="2.819109"></trkpt>
    <trkpt lat="42.047039" lon="2.819230"></trkpt>
    <trkpt lat="42.046743" lon="2.819344"></trkpt>
    <trkpt lat="42.046435" lon="2.819476"></trkpt>
    <trkpt lat="42.045808" lon="2.819766"></trkpt>
    <trkpt lat="42.044976" lon="2.820167"></trkpt>
    <trkpt lat="42.043845" lon="2.820708"></trkpt>
    <trkpt lat="42.043513" lon="2.820856"></trkpt>
    <trkpt lat="42.043331" lon="2.820951"></trkpt>
    <trkpt lat="42.043008" lon="2.821102"></trkpt>
    <trkpt lat="42.042634" lon="2.821263"></trkpt>
    <trkpt lat="42.042297" lon="2.821405"></trkpt>
    <trkpt lat="42.042058" lon="2.821504"></trkpt>
    <trkpt lat="42.041620" lon="2.821680"></trkpt>
    <trkpt lat="42.040509" lon="2.822081"></trkpt>
    <trkpt lat="42.040040" lon="2.822264"></trkpt>
    <trkpt lat="42.038958" lon="2.822661"></trkpt>
    <trkpt lat="42.038269" lon="2.822896"></trkpt>
    <trkpt lat="42.037762" lon="2.823076"></trkpt>
    <trkpt lat="42.036896" lon="2.823342"></trkpt>
    <trkpt lat="42.036021" lon="2.823607"></trkpt>
    <trkpt lat="42.035274" lon="2.823842"></trkpt>
    <trkpt lat="42.034694" lon="2.824034"></trkpt>
    <trkpt lat="42.034624" lon="2.824065"></trkpt>
    <trkpt lat="42.034491" lon="2.824122"></trkpt>
    <trkpt lat="42.034212" lon="2.824253"></trkpt>
    <trkpt lat="42.033681" lon="2.824598"></trkpt>
    <trkpt lat="42.033570" lon="2.824635"></trkpt>
    <trkpt lat="42.033336" lon="2.824807"></trkpt>
    <trkpt lat="42.033150" lon="2.824929"></trkpt>
    <trkpt lat="42.033044" lon="2.824988"></trkpt>
    <trkpt lat="42.032927" lon="2.825037"></trkpt>
    <trkpt lat="42.032834" lon="2.825069"></trkpt>
    <trkpt lat="42.032697" lon="2.825118"></trkpt>
    <trkpt lat="42.032155" lon="2.825205"></trkpt>
    <trkpt lat="42.031942" lon="2.825245"></trkpt>
    <trkpt lat="42.031844" lon="2.825280"></trkpt>
    <trkpt lat="42.031749" lon="2.825325"></trkpt>
    <trkpt lat="42.031575" lon="2.825438"></trkpt>
    <trkpt lat="42.031431" lon="2.825565"></trkpt>
    <trkpt lat="42.031342" lon="2.825670"></trkpt>
    <trkpt lat="42.031306" lon="2.825713"></trkpt>
    <trkpt lat="42.031220" lon="2.825830"></trkpt>
    <trkpt lat="42.031183" lon="2.825959"></trkpt>
    <trkpt lat="42.031087" lon="2.826168"></trkpt>
    <trkpt lat="42.031014" lon="2.826371"></trkpt>
    <trkpt lat="42.030609" lon="2.827644"></trkpt>
    <trkpt lat="42.030408" lon="2.828259"></trkpt>
    <trkpt lat="42.030349" lon="2.828336"></trkpt>
    <trkpt lat="42.030272" lon="2.828439"></trkpt>
    <trkpt lat="42.030167" lon="2.828531"></trkpt>
    <trkpt lat="42.030052" lon="2.828584"></trkpt>
    <trkpt lat="42.029944" lon="2.828594"></trkpt>
    <trkpt lat="42.029855" lon="2.828582"></trkpt>
    <trkpt lat="42.029767" lon="2.828543"></trkpt>
    <trkpt lat="42.029694" lon="2.828488"></trkpt>
    <trkpt lat="42.029622" lon="2.828410"></trkpt>
    <trkpt lat="42.029550" lon="2.828316"></trkpt>
    <trkpt lat="42.029457" lon="2.828191"></trkpt>
    <trkpt lat="42.029355" lon="2.828037"></trkpt>
    <trkpt lat="42.028722" lon="2.826857"></trkpt>
    <trkpt lat="42.028486" lon="2.826325"></trkpt>
    <trkpt lat="42.028142" lon="2.825557"></trkpt>
    <trkpt lat="42.027806" lon="2.824791"></trkpt>
    <trkpt lat="42.027614" lon="2.824376"></trkpt>
    <trkpt lat="42.027475" lon="2.824091"></trkpt>
    <trkpt lat="42.026616" lon="2.822400"></trkpt>
    <trkpt lat="42.026359" lon="2.821960"></trkpt>
    <trkpt lat="42.026124" lon="2.821575"></trkpt>
    <trkpt lat="42.025771" lon="2.821036"></trkpt>
    <trkpt lat="42.025423" lon="2.820527"></trkpt>
    <trkpt lat="42.025142" lon="2.820146"></trkpt>
    <trkpt lat="42.024864" lon="2.819788"></trkpt>
    <trkpt lat="42.024650" lon="2.819517"></trkpt>
    <trkpt lat="42.024339" lon="2.819148"></trkpt>
    <trkpt lat="42.023843" lon="2.818600"></trkpt>
    <trkpt lat="42.023226" lon="2.817977"></trkpt>
    <trkpt lat="42.022850" lon="2.817628"></trkpt>
    <trkpt lat="42.022610" lon="2.817418"></trkpt>
    <trkpt lat="42.022376" lon="2.817223"></trkpt>
    <trkpt lat="42.022117" lon="2.817008"></trkpt>
    <trkpt lat="42.021844" lon="2.816796"></trkpt>
    <trkpt lat="42.021608" lon="2.816618"></trkpt>
    <trkpt lat="42.020968" lon="2.816197"></trkpt>
    <trkpt lat="42.020777" lon="2.816065"></trkpt>
    <trkpt lat="42.020614" lon="2.815963"></trkpt>
    <trkpt lat="42.020243" lon="2.815752"></trkpt>
    <trkpt lat="42.020030" lon="2.815632"></trkpt>
    <trkpt lat="42.019518" lon="2.815362"></trkpt>
    <trkpt lat="42.018969" lon="2.815095"></trkpt>
    <trkpt lat="42.018643" lon="2.814938"></trkpt>
    <trkpt lat="42.017854" lon="2.814572"></trkpt>
    <trkpt lat="42.017341" lon="2.814339"></trkpt>
    <trkpt lat="42.015803" lon="2.813603"></trkpt>
    <trkpt lat="42.015065" lon="2.813213"></trkpt>
    <trkpt lat="42.014329" lon="2.812759"></trkpt>
    <trkpt lat="42.013780" lon="2.812379"></trkpt>
    <trkpt lat="42.013248" lon="2.811984"></trkpt>
    <trkpt lat="42.012135" lon="2.811051"></trkpt>
    <trkpt lat="42.011779" lon="2.810744"></trkpt>
    <trkpt lat="42.011169" lon="2.810221"></trkpt>
    <trkpt lat="42.010893" lon="2.809995"></trkpt>
    <trkpt lat="42.010656" lon="2.809824"></trkpt>
    <trkpt lat="42.010469" lon="2.809693"></trkpt>
    <trkpt lat="42.010282" lon="2.809555"></trkpt>
    <trkpt lat="42.009965" lon="2.809347"></trkpt>
    <trkpt lat="42.009746" lon="2.809206"></trkpt>
    <trkpt lat="42.009419" lon="2.808999"></trkpt>
    <trkpt lat="42.008981" lon="2.808753"></trkpt>
    <trkpt lat="42.008589" lon="2.808555"></trkpt>
    <trkpt lat="42.008283" lon="2.808407"></trkpt>
    <trkpt lat="42.007919" lon="2.808239"></trkpt>
    <trkpt lat="42.007243" lon="2.807940"></trkpt>
    <trkpt lat="42.006994" lon="2.807843"></trkpt>
    <trkpt lat="42.006506" lon="2.807607"></trkpt>
    <trkpt lat="42.005441" lon="2.807066"></trkpt>
    <trkpt lat="42.004835" lon="2.806720"></trkpt>
    <trkpt lat="42.004146" lon="2.806293"></trkpt>
    <trkpt lat="42.003568" lon="2.805868"></trkpt>
    <trkpt lat="42.002864" lon="2.805321"></trkpt>
    <trkpt lat="42.002280" lon="2.804833"></trkpt>
    <trkpt lat="42.001546" lon="2.804139"></trkpt>
    <trkpt lat="42.000984" lon="2.803559"></trkpt>
    <trkpt lat="42.000510" lon="2.803034"></trkpt>
    <trkpt lat="41.999955" lon="2.802411"></trkpt>
    <trkpt lat="41.999356" lon="2.801724"></trkpt>
    <trkpt lat="41.998811" lon="2.801052"></trkpt>
    <trkpt lat="41.998248" lon="2.800329"></trkpt>
    <trkpt lat="41.997707" lon="2.799619"></trkpt>
    <trkpt lat="41.996972" lon="2.798584"></trkpt>
    <trkpt lat="41.996496" lon="2.797902"></trkpt>
    <trkpt lat="41.996407" lon="2.797761"></trkpt>
    <trkpt lat="41.996274" lon="2.797420"></trkpt>
    <trkpt lat="41.996106" lon="2.797147"></trkpt>
    <trkpt lat="41.995883" lon="2.796801"></trkpt>
    <trkpt lat="41.995727" lon="2.796501"></trkpt>
    <trkpt lat="41.995617" lon="2.796236"></trkpt>
    <trkpt lat="41.995529" lon="2.795913"></trkpt>
    <trkpt lat="41.995444" lon="2.795564"></trkpt>
    <trkpt lat="41.995386" lon="2.794907"></trkpt>
    <trkpt lat="41.995359" lon="2.794336"></trkpt>
    <trkpt lat="41.995333" lon="2.794093"></trkpt>
    <trkpt lat="41.995306" lon="2.793961"></trkpt>
    <trkpt lat="41.995268" lon="2.793823"></trkpt>
    <trkpt lat="41.995171" lon="2.793556"></trkpt>
    <trkpt lat="41.995068" lon="2.793366"></trkpt>
    <trkpt lat="41.994923" lon="2.793186"></trkpt>
    <trkpt lat="41.994796" lon="2.793064"></trkpt>
    <trkpt lat="41.994689" lon="2.792973"></trkpt>
    <trkpt lat="41.994528" lon="2.792883"></trkpt>
    <trkpt lat="41.994335" lon="2.792821"></trkpt>
    <trkpt lat="41.994107" lon="2.792787"></trkpt>
    <trkpt lat="41.993766" lon="2.792799"></trkpt>
    <trkpt lat="41.993481" lon="2.792845"></trkpt>
    <trkpt lat="41.992944" lon="2.792993"></trkpt>
    <trkpt lat="41.992672" lon="2.793100"></trkpt>
    <trkpt lat="41.992314" lon="2.793287"></trkpt>
    <trkpt lat="41.992052" lon="2.793460"></trkpt>
    <trkpt lat="41.991529" lon="2.793823"></trkpt>
    <trkpt lat="41.991509" lon="2.793838"></trkpt>
    <trkpt lat="41.991098" lon="2.794171"></trkpt>
    <trkpt lat="41.991024" lon="2.794236"></trkpt>
    <trkpt lat="41.990884" lon="2.794398"></trkpt>
    <trkpt lat="41.990812" lon="2.794501"></trkpt>
    <trkpt lat="41.990734" lon="2.794643"></trkpt>
    <trkpt lat="41.990661" lon="2.794736"></trkpt>
    <trkpt lat="41.990611" lon="2.794779"></trkpt>
    <trkpt lat="41.990536" lon="2.794822"></trkpt>
    <trkpt lat="41.990488" lon="2.794811"></trkpt>
    <trkpt lat="41.990436" lon="2.794811"></trkpt>
    <trkpt lat="41.990384" lon="2.794822"></trkpt>
    <trkpt lat="41.990335" lon="2.794845"></trkpt>
    <trkpt lat="41.990289" lon="2.794878"></trkpt>
    <trkpt lat="41.990238" lon="2.794933"></trkpt>
    <trkpt lat="41.990196" lon="2.795001"></trkpt>
    <trkpt lat="41.990166" lon="2.795080"></trkpt>
    <trkpt lat="41.990149" lon="2.795164"></trkpt>
    <trkpt lat="41.990145" lon="2.795252"></trkpt>
    <trkpt lat="41.990081" lon="2.795394"></trkpt>
    <trkpt lat="41.989991" lon="2.795514"></trkpt>
    <trkpt lat="41.989840" lon="2.795574"></trkpt>
    <trkpt lat="41.989757" lon="2.795613"></trkpt>
    <trkpt lat="41.989634" lon="2.795664"></trkpt>
    <trkpt lat="41.989590" lon="2.795687"></trkpt>
    <trkpt lat="41.989481" lon="2.795689"></trkpt>
    <trkpt lat="41.989384" lon="2.795645"></trkpt>
    <trkpt lat="41.989365" lon="2.795622"></trkpt>
    <trkpt lat="41.989344" lon="2.795602"></trkpt>
    <trkpt lat="41.989319" lon="2.795583"></trkpt>
    <trkpt lat="41.989290" lon="2.795569"></trkpt>
    <trkpt lat="41.989260" lon="2.795561"></trkpt>
    <trkpt lat="41.989248" lon="2.795558"></trkpt>
    <trkpt lat="41.989222" lon="2.795559"></trkpt>
    <trkpt lat="41.989197" lon="2.795563"></trkpt>
    <trkpt lat="41.989168" lon="2.795574"></trkpt>
    <trkpt lat="41.989140" lon="2.795591"></trkpt>
    <trkpt lat="41.989127" lon="2.795601"></trkpt>
    <trkpt lat="41.989114" lon="2.795613"></trkpt>
    <trkpt lat="41.989103" lon="2.795624"></trkpt>
    <trkpt lat="41.989085" lon="2.795648"></trkpt>
    <trkpt lat="41.989070" lon="2.795675"></trkpt>
    <trkpt lat="41.989054" lon="2.795711"></trkpt>
    <trkpt lat="41.989043" lon="2.795752"></trkpt>
    <trkpt lat="41.989035" lon="2.795810"></trkpt>
    <trkpt lat="41.989036" lon="2.795857"></trkpt>
    <trkpt lat="41.989040" lon="2.795891"></trkpt>
    <trkpt lat="41.989046" lon="2.795924"></trkpt>
    <trkpt lat="41.989052" lon="2.795942"></trkpt>
    <trkpt lat="41.989066" lon="2.795981"></trkpt>
    <trkpt lat="41.989085" lon="2.796016"></trkpt>
    <trkpt lat="41.989107" lon="2.796046"></trkpt>
    <trkpt lat="41.989118" lon="2.796059"></trkpt>
    <trkpt lat="41.989140" lon="2.796077"></trkpt>
    <trkpt lat="41.989163" lon="2.796092"></trkpt>
    <trkpt lat="41.989177" lon="2.796098"></trkpt>
    <trkpt lat="41.989208" lon="2.796107"></trkpt>
    <trkpt lat="41.989285" lon="2.796171"></trkpt>
    <trkpt lat="41.989338" lon="2.796258"></trkpt>
    <trkpt lat="41.989377" lon="2.796361"></trkpt>
    <trkpt lat="41.989395" lon="2.796444"></trkpt>
    <trkpt lat="41.989467" lon="2.796823"></trkpt>
    <trkpt lat="41.989504" lon="2.797012"></trkpt>
    <trkpt lat="41.989513" lon="2.797062"></trkpt>
    <trkpt lat="41.989529" lon="2.797150"></trkpt>
    <trkpt lat="41.989735" lon="2.798256"></trkpt>
    <trkpt lat="41.989816" lon="2.798689"></trkpt>
    <trkpt lat="41.989849" lon="2.798863"></trkpt>
    <trkpt lat="41.989856" lon="2.798901"></trkpt>
    <trkpt lat="41.989891" lon="2.799088"></trkpt>
    <trkpt lat="41.989947" lon="2.799385"></trkpt>
    <trkpt lat="41.989956" lon="2.799450"></trkpt>
    <trkpt lat="41.989964" lon="2.799539"></trkpt>
    <trkpt lat="41.989965" lon="2.799623"></trkpt>
    <trkpt lat="41.989965" lon="2.799707"></trkpt>
    <trkpt lat="41.989956" lon="2.799824"></trkpt>
    <trkpt lat="41.989831" lon="2.800752"></trkpt>
    <trkpt lat="41.989587" lon="2.802485"></trkpt>
    <trkpt lat="41.989565" lon="2.802651"></trkpt>
    <trkpt lat="41.989560" lon="2.802690"></trkpt>
    <trkpt lat="41.989525" lon="2.802954"></trkpt>
    <trkpt lat="41.989483" lon="2.803329"></trkpt>
    <trkpt lat="41.989475" lon="2.803624"></trkpt>
    <trkpt lat="41.989475" lon="2.803684"></trkpt>
    <trkpt lat="41.989482" lon="2.804127"></trkpt>
    <trkpt lat="41.989520" lon="2.804590"></trkpt>
    <trkpt lat="41.989591" lon="2.805142"></trkpt>
    <trkpt lat="41.989689" lon="2.805737"></trkpt>
    <trkpt lat="41.989843" lon="2.806519"></trkpt>
    <trkpt lat="41.989876" lon="2.806667"></trkpt>
    <trkpt lat="41.989942" lon="2.806975"></trkpt>
    <trkpt lat="41.990065" lon="2.807518"></trkpt>
    <trkpt lat="41.990176" lon="2.807949"></trkpt>
    <trkpt lat="41.990381" lon="2.808606"></trkpt>
    <trkpt lat="41.990385" lon="2.808620"></trkpt>
    <trkpt lat="41.990428" lon="2.808755"></trkpt>
    <trkpt lat="41.990437" lon="2.808853"></trkpt>
    <trkpt lat="41.990439" lon="2.808970"></trkpt>
    <trkpt lat="41.990424" lon="2.809067"></trkpt>
    <trkpt lat="41.990344" lon="2.809143"></trkpt>
    <trkpt lat="41.990272" lon="2.809184"></trkpt>
    <trkpt lat="41.990187" lon="2.809202"></trkpt>
    <trkpt lat="41.990167" lon="2.809204"></trkpt>
    <trkpt lat="41.990155" lon="2.809205"></trkpt>
    <trkpt lat="41.987221" lon="2.809496"></trkpt>
    <trkpt lat="41.985318" lon="2.809703"></trkpt>
    <trkpt lat="41.985221" lon="2.809711"></trkpt>
    <trkpt lat="41.985193" lon="2.809714"></trkpt>
    <trkpt lat="41.985165" lon="2.809707"></trkpt>
    <trkpt lat="41.985033" lon="2.809675"></trkpt>
    <trkpt lat="41.985022" lon="2.809648"></trkpt>
    <trkpt lat="41.985008" lon="2.809623"></trkpt>
    <trkpt lat="41.984991" lon="2.809598"></trkpt>
    <trkpt lat="41.984966" lon="2.809571"></trkpt>
    <trkpt lat="41.984926" lon="2.809541"></trkpt>
    <trkpt lat="41.984882" lon="2.809523"></trkpt>
    <trkpt lat="41.984836" lon="2.809518"></trkpt>
    <trkpt lat="41.984791" lon="2.809525"></trkpt>
    <trkpt lat="41.984747" lon="2.809546"></trkpt>
    <trkpt lat="41.984708" lon="2.809578"></trkpt>
    <trkpt lat="41.984683" lon="2.809608"></trkpt>
    <trkpt lat="41.984663" lon="2.809641"></trkpt>
    <trkpt lat="41.984647" lon="2.809676"></trkpt>
    <trkpt lat="41.984636" lon="2.809709"></trkpt>
    <trkpt lat="41.984629" lon="2.809742"></trkpt>
    <trkpt lat="41.984626" lon="2.809767"></trkpt>
    <trkpt lat="41.984624" lon="2.809809"></trkpt>
    <trkpt lat="41.984628" lon="2.809853"></trkpt>
    <trkpt lat="41.984635" lon="2.809892"></trkpt>
    <trkpt lat="41.984644" lon="2.809923"></trkpt>
    <trkpt lat="41.984662" lon="2.809963"></trkpt>
    <trkpt lat="41.984680" lon="2.809995"></trkpt>
    <trkpt lat="41.984699" lon="2.810019"></trkpt>
    <trkpt lat="41.984719" lon="2.810040"></trkpt>
    <trkpt lat="41.984745" lon="2.810059"></trkpt>
    <trkpt lat="41.984776" lon="2.810076"></trkpt>
    <trkpt lat="41.984716" lon="2.810241"></trkpt>
    <trkpt lat="41.984703" lon="2.810289"></trkpt>
    <trkpt lat="41.984668" lon="2.810422"></trkpt>
    <trkpt lat="41.984628" lon="2.810565"></trkpt>
    <trkpt lat="41.984598" lon="2.810685"></trkpt>
    <trkpt lat="41.984581" lon="2.810780"></trkpt>
    <trkpt lat="41.984568" lon="2.810884"></trkpt>
    <trkpt lat="41.984562" lon="2.810991"></trkpt>
    <trkpt lat="41.984566" lon="2.811240"></trkpt>
    <trkpt lat="41.984585" lon="2.811621"></trkpt>
    <trkpt lat="41.984588" lon="2.811680"></trkpt>
    <trkpt lat="41.984592" lon="2.811744"></trkpt>
    <trkpt lat="41.984614" lon="2.812167"></trkpt>
    <trkpt lat="41.984588" lon="2.812365"></trkpt>
    <trkpt lat="41.984543" lon="2.812506"></trkpt>
    <trkpt lat="41.984494" lon="2.812648"></trkpt>
    <trkpt lat="41.984468" lon="2.812648"></trkpt>
    <trkpt lat="41.984435" lon="2.812661"></trkpt>
    <trkpt lat="41.984399" lon="2.812698"></trkpt>
    <trkpt lat="41.984383" lon="2.812726"></trkpt>
    <trkpt lat="41.984375" lon="2.812759"></trkpt>
    <trkpt lat="41.984372" lon="2.812779"></trkpt>
    <trkpt lat="41.984373" lon="2.812801"></trkpt>
    <trkpt lat="41.984309" lon="2.812828"></trkpt>
    <trkpt lat="41.983716" lon="2.813089"></trkpt>
    <trkpt lat="41.983643" lon="2.813144"></trkpt>
    <trkpt lat="41.983592" lon="2.813182"></trkpt>
    <trkpt lat="41.983427" lon="2.813307"></trkpt>
    <trkpt lat="41.983334" lon="2.813376"></trkpt>
    <trkpt lat="41.983188" lon="2.813480"></trkpt>
    <trkpt lat="41.983119" lon="2.813531"></trkpt>
    <trkpt lat="41.983086" lon="2.813555"></trkpt>
    <trkpt lat="41.983061" lon="2.813574"></trkpt>
    <trkpt lat="41.982886" lon="2.813703"></trkpt>
    <trkpt lat="41.982683" lon="2.813851"></trkpt>
    <trkpt lat="41.982622" lon="2.813894"></trkpt>
    <trkpt lat="41.982582" lon="2.813923"></trkpt>
    <trkpt lat="41.982401" lon="2.814061"></trkpt>
    <trkpt lat="41.982327" lon="2.814118"></trkpt>
    <trkpt lat="41.982265" lon="2.814163"></trkpt>
    <trkpt lat="41.982249" lon="2.814174"></trkpt>
    <trkpt lat="41.981859" lon="2.814457"></trkpt>
    <trkpt lat="41.981803" lon="2.814498"></trkpt>
    <trkpt lat="41.981553" lon="2.814683"></trkpt>
    <trkpt lat="41.981469" lon="2.814745"></trkpt>
    <trkpt lat="41.981384" lon="2.814801"></trkpt>
    <trkpt lat="41.981158" lon="2.814973"></trkpt>
    <trkpt lat="41.981137" lon="2.814992"></trkpt>
    <trkpt lat="41.981098" lon="2.815022"></trkpt>
    <trkpt lat="41.981076" lon="2.815048"></trkpt>
    <trkpt lat="41.981062" lon="2.815084"></trkpt>
    <trkpt lat="41.981042" lon="2.815175"></trkpt>
    <trkpt lat="41.980976" lon="2.815521"></trkpt>
    <trkpt lat="41.980951" lon="2.815646"></trkpt>
    <trkpt lat="41.980933" lon="2.815700"></trkpt>
    <trkpt lat="41.980914" lon="2.815766"></trkpt>
    <trkpt lat="41.980847" lon="2.816007"></trkpt>
    <trkpt lat="41.980781" lon="2.816063"></trkpt>
    <trkpt lat="41.980758" lon="2.816102"></trkpt>
    <trkpt lat="41.980685" lon="2.816258"></trkpt>
    <trkpt lat="41.980667" lon="2.816334"></trkpt>
    <trkpt lat="41.980679" lon="2.816499"></trkpt>
    <trkpt lat="41.980747" lon="2.816717"></trkpt>
    <trkpt lat="41.980765" lon="2.816783"></trkpt>
    <trkpt lat="41.980810" lon="2.816945"></trkpt>
    <trkpt lat="41.980834" lon="2.817009"></trkpt>
    <trkpt lat="41.980866" lon="2.817064"></trkpt>
    <trkpt lat="41.980895" lon="2.817115"></trkpt>
    <trkpt lat="41.980904" lon="2.817260"></trkpt>
    <trkpt lat="41.980905" lon="2.817271"></trkpt>
    <trkpt lat="41.980927" lon="2.817531"></trkpt>
    <trkpt lat="41.980918" lon="2.817578"></trkpt>
    <trkpt lat="41.980881" lon="2.817771"></trkpt>
    <trkpt lat="41.980874" lon="2.817804"></trkpt>
    <trkpt lat="41.980820" lon="2.818084"></trkpt>
    <trkpt lat="41.980761" lon="2.818390"></trkpt>
    <trkpt lat="41.980743" lon="2.818482"></trkpt>
    <trkpt lat="41.980727" lon="2.818568"></trkpt>
    <trkpt lat="41.980710" lon="2.818615"></trkpt>
    <trkpt lat="41.980710" lon="2.818616"></trkpt>
    <trkpt lat="41.980691" lon="2.818690"></trkpt>
    <trkpt lat="41.980629" lon="2.818816"></trkpt>
    <trkpt lat="41.980564" lon="2.818949"></trkpt>
    <trkpt lat="41.980437" lon="2.819205"></trkpt>
    <trkpt lat="41.980395" lon="2.819296"></trkpt>
    <trkpt lat="41.980367" lon="2.819360"></trkpt>
    <trkpt lat="41.980215" lon="2.819662"></trkpt>
    <trkpt lat="41.980177" lon="2.819727"></trkpt>
    <trkpt lat="41.980106" lon="2.819860"></trkpt>
    <trkpt lat="41.980071" lon="2.819925"></trkpt>
    <trkpt lat="41.980015" lon="2.820029"></trkpt>
    <trkpt lat="41.979920" lon="2.820212"></trkpt>
    <trkpt lat="41.979804" lon="2.820440"></trkpt>
    <trkpt lat="41.979553" lon="2.820930"></trkpt>
    <trkpt lat="41.979456" lon="2.821121"></trkpt>
    <trkpt lat="41.979408" lon="2.821213"></trkpt>
    <trkpt lat="41.979370" lon="2.821299"></trkpt>
    <trkpt lat="41.979345" lon="2.821350"></trkpt>
    </trkseg>
  </trk>
</gpx>