<?xml version="1.0" encoding="UTF-8"?>
<gpx version="1.1" creator="loops.ie"
  xmlns="http://www.topografix.com/GPX/1/1"
  xmlns:xsi="http://www.w3.org/2001/XMLSchema-instance"
  xsi:schemaLocation="http://www.topografix.com/GPX/1/1 http://www.topografix.com/GPX/1/1/gpx.xsd">
  <metadata>
    <name>La Traka 100</name>
    <desc>A 100km gravel epic linking Girona&apos;s most varied terrain — Banyoles lake, the volcanic Garrotxa via Santa Pau, Olot&apos;s old quarter, and the Ter valley greenway home through Anglès.</desc>
    <author><name>loops.ie</name></author>
    <time>2026-03-20T13:58:57.413Z</time>
  </metadata>
  <trk>
    <name>La Traka 100</name>
    <type>gravel</type>
    <trkseg>
    <trkpt lat="41.979345" lon="2.821350"></trkpt>
    <trkpt lat="41.979190" lon="2.821659"></trkpt>
    <trkpt lat="41.978878" lon="2.822282"></trkpt>
    <trkpt lat="41.978852" lon="2.822328"></trkpt>
    <trkpt lat="41.978777" lon="2.822384"></trkpt>
    <trkpt lat="41.978741" lon="2.822304"></trkpt>
    <trkpt lat="41.978735" lon="2.822271"></trkpt>
    <trkpt lat="41.978644" lon="2.822065"></trkpt>
    <trkpt lat="41.978541" lon="2.821888"></trkpt>
    <trkpt lat="41.978350" lon="2.821748"></trkpt>
    <trkpt lat="41.978294" lon="2.821711"></trkpt>
    <trkpt lat="41.978234" lon="2.821673"></trkpt>
    <trkpt lat="41.978264" lon="2.821534"></trkpt>
    <trkpt lat="41.978476" lon="2.820510"></trkpt>
    <trkpt lat="41.978498" lon="2.820406"></trkpt>
    <trkpt lat="41.978527" lon="2.820250"></trkpt>
    <trkpt lat="41.978622" lon="2.819780"></trkpt>
    <trkpt lat="41.978642" lon="2.819737"></trkpt>
    <trkpt lat="41.978733" lon="2.819290"></trkpt>
    <trkpt lat="41.978764" lon="2.819152"></trkpt>
    <trkpt lat="41.978796" lon="2.819009"></trkpt>
    <trkpt lat="41.978975" lon="2.818180"></trkpt>
    <trkpt lat="41.979011" lon="2.818010"></trkpt>
    <trkpt lat="41.979291" lon="2.818128"></trkpt>
    <trkpt lat="41.979522" lon="2.818219"></trkpt>
    <trkpt lat="41.979589" lon="2.818245"></trkpt>
    <trkpt lat="41.979935" lon="2.818382"></trkpt>
    <trkpt lat="41.980069" lon="2.818438"></trkpt>
    <trkpt lat="41.980146" lon="2.818470"></trkpt>
    <trkpt lat="41.980391" lon="2.818571"></trkpt>
    <trkpt lat="41.980443" lon="2.818589"></trkpt>
    <trkpt lat="41.980579" lon="2.818641"></trkpt>
    <trkpt lat="41.980691" lon="2.818690"></trkpt>
    <trkpt lat="41.980819" lon="2.818744"></trkpt>
    <trkpt lat="41.980945" lon="2.818795"></trkpt>
    <trkpt lat="41.981024" lon="2.818827"></trkpt>
    <trkpt lat="41.981516" lon="2.819028"></trkpt>
    <trkpt lat="41.981637" lon="2.819077"></trkpt>
    <trkpt lat="41.981735" lon="2.819040"></trkpt>
    <trkpt lat="41.981907" lon="2.818974"></trkpt>
    <trkpt lat="41.982148" lon="2.818882"></trkpt>
    <trkpt lat="41.982168" lon="2.818878"></trkpt>
    <trkpt lat="41.982272" lon="2.818839"></trkpt>
    <trkpt lat="41.982339" lon="2.818811"></trkpt>
    <trkpt lat="41.982697" lon="2.818696"></trkpt>
    <trkpt lat="41.982868" lon="2.818638"></trkpt>
    <trkpt lat="41.982936" lon="2.818595"></trkpt>
    <trkpt lat="41.982971" lon="2.818572"></trkpt>
    <trkpt lat="41.983232" lon="2.818396"></trkpt>
    <trkpt lat="41.983288" lon="2.818359"></trkpt>
    <trkpt lat="41.983312" lon="2.818343"></trkpt>
    <trkpt lat="41.983385" lon="2.818293"></trkpt>
    <trkpt lat="41.983439" lon="2.818256"></trkpt>
    <trkpt lat="41.983472" lon="2.818234"></trkpt>
    <trkpt lat="41.983557" lon="2.818177"></trkpt>
    <trkpt lat="41.983633" lon="2.818125"></trkpt>
    <trkpt lat="41.984108" lon="2.817803"></trkpt>
    <trkpt lat="41.984452" lon="2.817572"></trkpt>
    <trkpt lat="41.984587" lon="2.817471"></trkpt>
    <trkpt lat="41.984725" lon="2.817439"></trkpt>
    <trkpt lat="41.984786" lon="2.817425"></trkpt>
    <trkpt lat="41.984807" lon="2.817444"></trkpt>
    <trkpt lat="41.984826" lon="2.817456"></trkpt>
    <trkpt lat="41.984850" lon="2.817468"></trkpt>
    <trkpt lat="41.984889" lon="2.817480"></trkpt>
    <trkpt lat="41.984920" lon="2.817483"></trkpt>
    <trkpt lat="41.984955" lon="2.817478"></trkpt>
    <trkpt lat="41.984993" lon="2.817465"></trkpt>
    <trkpt lat="41.985017" lon="2.817452"></trkpt>
    <trkpt lat="41.985031" lon="2.817441"></trkpt>
    <trkpt lat="41.985059" lon="2.817413"></trkpt>
    <trkpt lat="41.985092" lon="2.817369"></trkpt>
    <trkpt lat="41.985116" lon="2.817316"></trkpt>
    <trkpt lat="41.985130" lon="2.817272"></trkpt>
    <trkpt lat="41.985137" lon="2.817226"></trkpt>
    <trkpt lat="41.985140" lon="2.817178"></trkpt>
    <trkpt lat="41.985139" lon="2.817143"></trkpt>
    <trkpt lat="41.985135" lon="2.817123"></trkpt>
    <trkpt lat="41.985129" lon="2.817088"></trkpt>
    <trkpt lat="41.985118" lon="2.817054"></trkpt>
    <trkpt lat="41.985110" lon="2.817030"></trkpt>
    <trkpt lat="41.985095" lon="2.817002"></trkpt>
    <trkpt lat="41.985072" lon="2.816967"></trkpt>
    <trkpt lat="41.985036" lon="2.816929"></trkpt>
    <trkpt lat="41.985012" lon="2.816913"></trkpt>
    <trkpt lat="41.984976" lon="2.816726"></trkpt>
    <trkpt lat="41.984940" lon="2.816685"></trkpt>
    <trkpt lat="41.984937" lon="2.816652"></trkpt>
    <trkpt lat="41.984886" lon="2.816431"></trkpt>
    <trkpt lat="41.984874" lon="2.816361"></trkpt>
    <trkpt lat="41.984868" lon="2.816327"></trkpt>
    <trkpt lat="41.984693" lon="2.815478"></trkpt>
    <trkpt lat="41.984678" lon="2.815406"></trkpt>
    <trkpt lat="41.984665" lon="2.815341"></trkpt>
    <trkpt lat="41.984550" lon="2.814760"></trkpt>
    <trkpt lat="41.984534" lon="2.814673"></trkpt>
    <trkpt lat="41.984522" lon="2.814605"></trkpt>
    <trkpt lat="41.984458" lon="2.814289"></trkpt>
    <trkpt lat="41.984439" lon="2.814182"></trkpt>
    <trkpt lat="41.984422" lon="2.814067"></trkpt>
    <trkpt lat="41.984416" lon="2.814007"></trkpt>
    <trkpt lat="41.984412" lon="2.813974"></trkpt>
    <trkpt lat="41.984410" lon="2.813872"></trkpt>
    <trkpt lat="41.984412" lon="2.813743"></trkpt>
    <trkpt lat="41.984413" lon="2.813658"></trkpt>
    <trkpt lat="41.984420" lon="2.813557"></trkpt>
    <trkpt lat="41.984436" lon="2.813370"></trkpt>
    <trkpt lat="41.984446" lon="2.813340"></trkpt>
    <trkpt lat="41.984471" lon="2.813119"></trkpt>
    <trkpt lat="41.984483" lon="2.813006"></trkpt>
    <trkpt lat="41.984495" lon="2.812938"></trkpt>
    <trkpt lat="41.984511" lon="2.812933"></trkpt>
    <trkpt lat="41.984535" lon="2.812920"></trkpt>
    <trkpt lat="41.984561" lon="2.812892"></trkpt>
    <trkpt lat="41.984576" lon="2.812865"></trkpt>
    <trkpt lat="41.984584" lon="2.812838"></trkpt>
    <trkpt lat="41.984590" lon="2.812793"></trkpt>
    <trkpt lat="41.984588" lon="2.812759"></trkpt>
    <trkpt lat="41.984587" lon="2.812754"></trkpt>
    <trkpt lat="41.984576" lon="2.812722"></trkpt>
    <trkpt lat="41.984564" lon="2.812698"></trkpt>
    <trkpt lat="41.984552" lon="2.812682"></trkpt>
    <trkpt lat="41.984531" lon="2.812662"></trkpt>
    <trkpt lat="41.984519" lon="2.812656"></trkpt>
    <trkpt lat="41.984494" lon="2.812648"></trkpt>
    <trkpt lat="41.984543" lon="2.812506"></trkpt>
    <trkpt lat="41.984588" lon="2.812365"></trkpt>
    <trkpt lat="41.984614" lon="2.812167"></trkpt>
    <trkpt lat="41.984592" lon="2.811744"></trkpt>
    <trkpt lat="41.984588" lon="2.811680"></trkpt>
    <trkpt lat="41.984585" lon="2.811621"></trkpt>
    <trkpt lat="41.984566" lon="2.811240"></trkpt>
    <trkpt lat="41.984562" lon="2.810991"></trkpt>
    <trkpt lat="41.984568" lon="2.810884"></trkpt>
    <trkpt lat="41.984581" lon="2.810780"></trkpt>
    <trkpt lat="41.984598" lon="2.810685"></trkpt>
    <trkpt lat="41.984628" lon="2.810565"></trkpt>
    <trkpt lat="41.984668" lon="2.810422"></trkpt>
    <trkpt lat="41.984703" lon="2.810289"></trkpt>
    <trkpt lat="41.984716" lon="2.810241"></trkpt>
    <trkpt lat="41.984776" lon="2.810076"></trkpt>
    <trkpt lat="41.984808" lon="2.810086"></trkpt>
    <trkpt lat="41.984838" lon="2.810089"></trkpt>
    <trkpt lat="41.984864" lon="2.810087"></trkpt>
    <trkpt lat="41.984896" lon="2.810079"></trkpt>
    <trkpt lat="41.984925" lon="2.810067"></trkpt>
    <trkpt lat="41.984947" lon="2.810051"></trkpt>
    <trkpt lat="41.984975" lon="2.810026"></trkpt>
    <trkpt lat="41.984999" lon="2.809996"></trkpt>
    <trkpt lat="41.985016" lon="2.809970"></trkpt>
    <trkpt lat="41.985029" lon="2.809941"></trkpt>
    <trkpt lat="41.985042" lon="2.809904"></trkpt>
    <trkpt lat="41.985180" lon="2.809837"></trkpt>
    <trkpt lat="41.985195" lon="2.809832"></trkpt>
    <trkpt lat="41.985224" lon="2.809820"></trkpt>
    <trkpt lat="41.985324" lon="2.809797"></trkpt>
    <trkpt lat="41.987227" lon="2.809590"></trkpt>
    <trkpt lat="41.990086" lon="2.809328"></trkpt>
    <trkpt lat="41.990158" lon="2.809321"></trkpt>
    <trkpt lat="41.990173" lon="2.809320"></trkpt>
    <trkpt lat="41.990241" lon="2.809313"></trkpt>
    <trkpt lat="41.990324" lon="2.809327"></trkpt>
    <trkpt lat="41.990436" lon="2.809387"></trkpt>
    <trkpt lat="41.990453" lon="2.809411"></trkpt>
    <trkpt lat="41.990476" lon="2.809442"></trkpt>
    <trkpt lat="41.990503" lon="2.809468"></trkpt>
    <trkpt lat="41.990542" lon="2.809494"></trkpt>
    <trkpt lat="41.990574" lon="2.809507"></trkpt>
    <trkpt lat="41.990607" lon="2.809512"></trkpt>
    <trkpt lat="41.990651" lon="2.809510"></trkpt>
    <trkpt lat="41.990684" lon="2.809499"></trkpt>
    <trkpt lat="41.990714" lon="2.809486"></trkpt>
    <trkpt lat="41.990744" lon="2.809465"></trkpt>
    <trkpt lat="41.990775" lon="2.809436"></trkpt>
    <trkpt lat="41.990804" lon="2.809398"></trkpt>
    <trkpt lat="41.990828" lon="2.809354"></trkpt>
    <trkpt lat="41.990842" lon="2.809314"></trkpt>
    <trkpt lat="41.990852" lon="2.809277"></trkpt>
    <trkpt lat="41.990855" lon="2.809223"></trkpt>
    <trkpt lat="41.990851" lon="2.809172"></trkpt>
    <trkpt lat="41.990847" lon="2.809144"></trkpt>
    <trkpt lat="41.990837" lon="2.809101"></trkpt>
    <trkpt lat="41.990817" lon="2.809058"></trkpt>
    <trkpt lat="41.990790" lon="2.809023"></trkpt>
    <trkpt lat="41.990755" lon="2.808986"></trkpt>
    <trkpt lat="41.990726" lon="2.808960"></trkpt>
    <trkpt lat="41.990693" lon="2.808942"></trkpt>
    <trkpt lat="41.990647" lon="2.808929"></trkpt>
    <trkpt lat="41.990596" lon="2.808916"></trkpt>
    <trkpt lat="41.990530" lon="2.808881"></trkpt>
    <trkpt lat="41.990503" lon="2.808857"></trkpt>
    <trkpt lat="41.990463" lon="2.808809"></trkpt>
    <trkpt lat="41.990428" lon="2.808755"></trkpt>
    <trkpt lat="41.990385" lon="2.808620"></trkpt>
    <trkpt lat="41.990381" lon="2.808606"></trkpt>
    <trkpt lat="41.990176" lon="2.807949"></trkpt>
    <trkpt lat="41.990065" lon="2.807518"></trkpt>
    <trkpt lat="41.989942" lon="2.806975"></trkpt>
    <trkpt lat="41.989876" lon="2.806667"></trkpt>
    <trkpt lat="41.989843" lon="2.806519"></trkpt>
    <trkpt lat="41.989689" lon="2.805737"></trkpt>
    <trkpt lat="41.989591" lon="2.805142"></trkpt>
    <trkpt lat="41.989520" lon="2.804590"></trkpt>
    <trkpt lat="41.989482" lon="2.804127"></trkpt>
    <trkpt lat="41.989475" lon="2.803684"></trkpt>
    <trkpt lat="41.989475" lon="2.803624"></trkpt>
    <trkpt lat="41.989483" lon="2.803329"></trkpt>
    <trkpt lat="41.989525" lon="2.802954"></trkpt>
    <trkpt lat="41.989560" lon="2.802690"></trkpt>
    <trkpt lat="41.989565" lon="2.802651"></trkpt>
    <trkpt lat="41.989587" lon="2.802485"></trkpt>
    <trkpt lat="41.989831" lon="2.800752"></trkpt>
    <trkpt lat="41.989956" lon="2.799824"></trkpt>
    <trkpt lat="41.989965" lon="2.799707"></trkpt>
    <trkpt lat="41.989965" lon="2.799623"></trkpt>
    <trkpt lat="41.989964" lon="2.799539"></trkpt>
    <trkpt lat="41.989956" lon="2.799450"></trkpt>
    <trkpt lat="41.989947" lon="2.799385"></trkpt>
    <trkpt lat="41.989891" lon="2.799088"></trkpt>
    <trkpt lat="41.989856" lon="2.798901"></trkpt>
    <trkpt lat="41.989849" lon="2.798863"></trkpt>
    <trkpt lat="41.989816" lon="2.798689"></trkpt>
    <trkpt lat="41.989735" lon="2.798256"></trkpt>
    <trkpt lat="41.989529" lon="2.797150"></trkpt>
    <trkpt lat="41.989513" lon="2.797062"></trkpt>
    <trkpt lat="41.989504" lon="2.797012"></trkpt>
    <trkpt lat="41.989467" lon="2.796823"></trkpt>
    <trkpt lat="41.989395" lon="2.796444"></trkpt>
    <trkpt lat="41.989377" lon="2.796361"></trkpt>
    <trkpt lat="41.989370" lon="2.796182"></trkpt>
    <trkpt lat="41.989388" lon="2.796070"></trkpt>
    <trkpt lat="41.989410" lon="2.795978"></trkpt>
    <trkpt lat="41.989418" lon="2.795962"></trkpt>
    <trkpt lat="41.989427" lon="2.795930"></trkpt>
    <trkpt lat="41.989432" lon="2.795909"></trkpt>
    <trkpt lat="41.989435" lon="2.795883"></trkpt>
    <trkpt lat="41.989496" lon="2.795790"></trkpt>
    <trkpt lat="41.989590" lon="2.795687"></trkpt>
    <trkpt lat="41.989634" lon="2.795664"></trkpt>
    <trkpt lat="41.989757" lon="2.795613"></trkpt>
    <trkpt lat="41.989840" lon="2.795574"></trkpt>
    <trkpt lat="41.989991" lon="2.795514"></trkpt>
    <trkpt lat="41.990126" lon="2.795517"></trkpt>
    <trkpt lat="41.990257" lon="2.795559"></trkpt>
    <trkpt lat="41.990289" lon="2.795591"></trkpt>
    <trkpt lat="41.990324" lon="2.795618"></trkpt>
    <trkpt lat="41.990361" lon="2.795638"></trkpt>
    <trkpt lat="41.990400" lon="2.795652"></trkpt>
    <trkpt lat="41.990460" lon="2.795660"></trkpt>
    <trkpt lat="41.990521" lon="2.795652"></trkpt>
    <trkpt lat="41.990579" lon="2.795629"></trkpt>
    <trkpt lat="41.990633" lon="2.795591"></trkpt>
    <trkpt lat="41.990666" lon="2.795558"></trkpt>
    <trkpt lat="41.990695" lon="2.795519"></trkpt>
    <trkpt lat="41.990721" lon="2.795476"></trkpt>
    <trkpt lat="41.990742" lon="2.795428"></trkpt>
    <trkpt lat="41.990758" lon="2.795377"></trkpt>
    <trkpt lat="41.990770" lon="2.795324"></trkpt>
    <trkpt lat="41.990776" lon="2.795270"></trkpt>
    <trkpt lat="41.990776" lon="2.795214"></trkpt>
    <trkpt lat="41.990770" lon="2.795145"></trkpt>
    <trkpt lat="41.990755" lon="2.795078"></trkpt>
    <trkpt lat="41.990732" lon="2.795016"></trkpt>
    <trkpt lat="41.990739" lon="2.794843"></trkpt>
    <trkpt lat="41.990779" lon="2.794743"></trkpt>
    <trkpt lat="41.990814" lon="2.794670"></trkpt>
    <trkpt lat="41.990868" lon="2.794561"></trkpt>
    <trkpt lat="41.991042" lon="2.794367"></trkpt>
    <trkpt lat="41.991219" lon="2.794211"></trkpt>
    <trkpt lat="41.991581" lon="2.793923"></trkpt>
    <trkpt lat="41.991895" lon="2.793675"></trkpt>
    <trkpt lat="41.992185" lon="2.793470"></trkpt>
    <trkpt lat="41.992494" lon="2.793379"></trkpt>
    <trkpt lat="41.992664" lon="2.793370"></trkpt>
    <trkpt lat="41.992831" lon="2.793416"></trkpt>
    <trkpt lat="41.992935" lon="2.793473"></trkpt>
    <trkpt lat="41.993064" lon="2.793590"></trkpt>
    <trkpt lat="41.993204" lon="2.793751"></trkpt>
    <trkpt lat="41.993621" lon="2.794267"></trkpt>
    <trkpt lat="41.994620" lon="2.795620"></trkpt>
    <trkpt lat="41.994962" lon="2.796131"></trkpt>
    <trkpt lat="41.995216" lon="2.796510"></trkpt>
    <trkpt lat="41.995961" lon="2.797480"></trkpt>
    <trkpt lat="41.996400" lon="2.798143"></trkpt>
    <trkpt lat="41.996838" lon="2.798764"></trkpt>
    <trkpt lat="41.997582" lon="2.799825"></trkpt>
    <trkpt lat="41.998080" lon="2.800476"></trkpt>
    <trkpt lat="41.998714" lon="2.801284"></trkpt>
    <trkpt lat="41.999269" lon="2.801941"></trkpt>
    <trkpt lat="41.999811" lon="2.802599"></trkpt>
    <trkpt lat="42.000372" lon="2.803209"></trkpt>
    <trkpt lat="42.000827" lon="2.803676"></trkpt>
    <trkpt lat="42.001452" lon="2.804306"></trkpt>
    <trkpt lat="42.002130" lon="2.804935"></trkpt>
    <trkpt lat="42.002772" lon="2.805491"></trkpt>
    <trkpt lat="42.003505" lon="2.806056"></trkpt>
    <trkpt lat="42.004084" lon="2.806463"></trkpt>
    <trkpt lat="42.004807" lon="2.806918"></trkpt>
    <trkpt lat="42.005097" lon="2.807085"></trkpt>
    <trkpt lat="42.005396" lon="2.807247"></trkpt>
    <trkpt lat="42.005922" lon="2.807532"></trkpt>
    <trkpt lat="42.006480" lon="2.807800"></trkpt>
    <trkpt lat="42.006949" lon="2.808001"></trkpt>
    <trkpt lat="42.007190" lon="2.808128"></trkpt>
    <trkpt lat="42.007810" lon="2.808398"></trkpt>
    <trkpt lat="42.008329" lon="2.808643"></trkpt>
    <trkpt lat="42.008612" lon="2.808777"></trkpt>
    <trkpt lat="42.009016" lon="2.808990"></trkpt>
    <trkpt lat="42.009367" lon="2.809189"></trkpt>
    <trkpt lat="42.009919" lon="2.809525"></trkpt>
    <trkpt lat="42.010175" lon="2.809694"></trkpt>
    <trkpt lat="42.010560" lon="2.809971"></trkpt>
    <trkpt lat="42.011137" lon="2.810418"></trkpt>
    <trkpt lat="42.011717" lon="2.810916"></trkpt>
    <trkpt lat="42.012054" lon="2.811213"></trkpt>
    <trkpt lat="42.013176" lon="2.812139"></trkpt>
    <trkpt lat="42.013726" lon="2.812546"></trkpt>
    <trkpt lat="42.014311" lon="2.812952"></trkpt>
    <trkpt lat="42.014985" lon="2.813349"></trkpt>
    <trkpt lat="42.015787" lon="2.813795"></trkpt>
    <trkpt lat="42.017344" lon="2.814538"></trkpt>
    <trkpt lat="42.017828" lon="2.814755"></trkpt>
    <trkpt lat="42.018633" lon="2.815120"></trkpt>
    <trkpt lat="42.018958" lon="2.815286"></trkpt>
    <trkpt lat="42.019483" lon="2.815537"></trkpt>
    <trkpt lat="42.019986" lon="2.815805"></trkpt>
    <trkpt lat="42.020554" lon="2.816137"></trkpt>
    <trkpt lat="42.020685" lon="2.816218"></trkpt>
    <trkpt lat="42.020870" lon="2.816339"></trkpt>
    <trkpt lat="42.021553" lon="2.816803"></trkpt>
    <trkpt lat="42.022049" lon="2.817182"></trkpt>
    <trkpt lat="42.022319" lon="2.817403"></trkpt>
    <trkpt lat="42.022559" lon="2.817607"></trkpt>
    <trkpt lat="42.022779" lon="2.817807"></trkpt>
    <trkpt lat="42.023182" lon="2.818194"></trkpt>
    <trkpt lat="42.023678" lon="2.818672"></trkpt>
    <trkpt lat="42.023766" lon="2.818761"></trkpt>
    <trkpt lat="42.024253" lon="2.819303"></trkpt>
    <trkpt lat="42.024797" lon="2.819970"></trkpt>
    <trkpt lat="42.025366" lon="2.820728"></trkpt>
    <trkpt lat="42.025682" lon="2.821206"></trkpt>
    <trkpt lat="42.026192" lon="2.822024"></trkpt>
    <trkpt lat="42.026480" lon="2.822534"></trkpt>
    <trkpt lat="42.027341" lon="2.824207"></trkpt>
    <trkpt lat="42.027487" lon="2.824498"></trkpt>
    <trkpt lat="42.027555" lon="2.824650"></trkpt>
    <trkpt lat="42.028094" lon="2.825969"></trkpt>
    <trkpt lat="42.028349" lon="2.826680"></trkpt>
    <trkpt lat="42.028392" lon="2.826895"></trkpt>
    <trkpt lat="42.028420" lon="2.827068"></trkpt>
    <trkpt lat="42.028428" lon="2.827243"></trkpt>
    <trkpt lat="42.028428" lon="2.827413"></trkpt>
    <trkpt lat="42.028417" lon="2.827591"></trkpt>
    <trkpt lat="42.028391" lon="2.827764"></trkpt>
    <trkpt lat="42.028353" lon="2.827937"></trkpt>
    <trkpt lat="42.028290" lon="2.828155"></trkpt>
    <trkpt lat="42.028155" lon="2.828518"></trkpt>
    <trkpt lat="42.028102" lon="2.828713"></trkpt>
    <trkpt lat="42.028069" lon="2.828878"></trkpt>
    <trkpt lat="42.028056" lon="2.829089"></trkpt>
    <trkpt lat="42.028069" lon="2.829228"></trkpt>
    <trkpt lat="42.028092" lon="2.829347"></trkpt>
    <trkpt lat="42.028129" lon="2.829471"></trkpt>
    <trkpt lat="42.028187" lon="2.829605"></trkpt>
    <trkpt lat="42.028267" lon="2.829730"></trkpt>
    <trkpt lat="42.028371" lon="2.829837"></trkpt>
    <trkpt lat="42.028464" lon="2.829909"></trkpt>
    <trkpt lat="42.028558" lon="2.829960"></trkpt>
    <trkpt lat="42.028677" lon="2.829995"></trkpt>
    <trkpt lat="42.028774" lon="2.830005"></trkpt>
    <trkpt lat="42.028874" lon="2.829995"></trkpt>
    <trkpt lat="42.028994" lon="2.829974"></trkpt>
    <trkpt lat="42.029088" lon="2.829949"></trkpt>
    <trkpt lat="42.029196" lon="2.829903"></trkpt>
    <trkpt lat="42.029321" lon="2.829847"></trkpt>
    <trkpt lat="42.029418" lon="2.829792"></trkpt>
    <trkpt lat="42.029526" lon="2.829724"></trkpt>
    <trkpt lat="42.029684" lon="2.829605"></trkpt>
    <trkpt lat="42.029826" lon="2.829469"></trkpt>
    <trkpt lat="42.029957" lon="2.829330"></trkpt>
    <trkpt lat="42.030068" lon="2.829178"></trkpt>
    <trkpt lat="42.030195" lon="2.828975"></trkpt>
    <trkpt lat="42.030304" lon="2.828765"></trkpt>
    <trkpt lat="42.030406" lon="2.828520"></trkpt>
    <trkpt lat="42.030503" lon="2.828308"></trkpt>
    <trkpt lat="42.031269" lon="2.826005"></trkpt>
    <trkpt lat="42.031304" lon="2.825940"></trkpt>
    <trkpt lat="42.031315" lon="2.825894"></trkpt>
    <trkpt lat="42.031362" lon="2.825833"></trkpt>
    <trkpt lat="42.031417" lon="2.825783"></trkpt>
    <trkpt lat="42.031502" lon="2.825708"></trkpt>
    <trkpt lat="42.031629" lon="2.825648"></trkpt>
    <trkpt lat="42.031699" lon="2.825624"></trkpt>
    <trkpt lat="42.031782" lon="2.825614"></trkpt>
    <trkpt lat="42.031911" lon="2.825621"></trkpt>
    <trkpt lat="42.032040" lon="2.825658"></trkpt>
    <trkpt lat="42.032183" lon="2.825732"></trkpt>
    <trkpt lat="42.032313" lon="2.825833"></trkpt>
    <trkpt lat="42.032401" lon="2.825921"></trkpt>
    <trkpt lat="42.032492" lon="2.826038"></trkpt>
    <trkpt lat="42.032585" lon="2.826210"></trkpt>
    <trkpt lat="42.032655" lon="2.826396"></trkpt>
    <trkpt lat="42.032709" lon="2.826612"></trkpt>
    <trkpt lat="42.032729" lon="2.826834"></trkpt>
    <trkpt lat="42.032722" lon="2.827072"></trkpt>
    <trkpt lat="42.032684" lon="2.827289"></trkpt>
    <trkpt lat="42.032622" lon="2.827514"></trkpt>
    <trkpt lat="42.032539" lon="2.827666"></trkpt>
    <trkpt lat="42.032453" lon="2.827799"></trkpt>
    <trkpt lat="42.032362" lon="2.827904"></trkpt>
    <trkpt lat="42.032258" lon="2.827988"></trkpt>
    <trkpt lat="42.032172" lon="2.828029"></trkpt>
    <trkpt lat="42.032067" lon="2.828045"></trkpt>
    <trkpt lat="42.031966" lon="2.828025"></trkpt>
    <trkpt lat="42.031880" lon="2.827986"></trkpt>
    <trkpt lat="42.031811" lon="2.827931"></trkpt>
    <trkpt lat="42.031756" lon="2.827862"></trkpt>
    <trkpt lat="42.031703" lon="2.827775"></trkpt>
    <trkpt lat="42.031671" lon="2.827679"></trkpt>
    <trkpt lat="42.031650" lon="2.827565"></trkpt>
    <trkpt lat="42.031648" lon="2.827383"></trkpt>
    <trkpt lat="42.031686" lon="2.827237"></trkpt>
    <trkpt lat="42.031740" lon="2.827086"></trkpt>
    <trkpt lat="42.031822" lon="2.826925"></trkpt>
    <trkpt lat="42.032051" lon="2.826517"></trkpt>
    <trkpt lat="42.032309" lon="2.826132"></trkpt>
    <trkpt lat="42.032558" lon="2.825810"></trkpt>
    <trkpt lat="42.032882" lon="2.825436"></trkpt>
    <trkpt lat="42.032936" lon="2.825344"></trkpt>
    <trkpt lat="42.033227" lon="2.825079"></trkpt>
    <trkpt lat="42.033324" lon="2.824990"></trkpt>
    <trkpt lat="42.033749" lon="2.824665"></trkpt>
    <trkpt lat="42.034162" lon="2.824408"></trkpt>
    <trkpt lat="42.034453" lon="2.824261"></trkpt>
    <trkpt lat="42.034731" lon="2.824141"></trkpt>
    <trkpt lat="42.035306" lon="2.823950"></trkpt>
    <trkpt lat="42.036788" lon="2.823508"></trkpt>
    <trkpt lat="42.037706" lon="2.823205"></trkpt>
    <trkpt lat="42.037976" lon="2.823117"></trkpt>
    <trkpt lat="42.038495" lon="2.822945"></trkpt>
    <trkpt lat="42.038754" lon="2.822860"></trkpt>
    <trkpt lat="42.039486" lon="2.822589"></trkpt>
    <trkpt lat="42.039960" lon="2.822410"></trkpt>
    <trkpt lat="42.040061" lon="2.822373"></trkpt>
    <trkpt lat="42.040535" lon="2.822200"></trkpt>
    <trkpt lat="42.041555" lon="2.821827"></trkpt>
    <trkpt lat="42.041728" lon="2.821763"></trkpt>
    <trkpt lat="42.042080" lon="2.821618"></trkpt>
    <trkpt lat="42.042518" lon="2.821437"></trkpt>
    <trkpt lat="42.042905" lon="2.821266"></trkpt>
    <trkpt lat="42.043131" lon="2.821165"></trkpt>
    <trkpt lat="42.043392" lon="2.821049"></trkpt>
    <trkpt lat="42.044403" lon="2.820567"></trkpt>
    <trkpt lat="42.044795" lon="2.820380"></trkpt>
    <trkpt lat="42.045164" lon="2.820199"></trkpt>
    <trkpt lat="42.046321" lon="2.819651"></trkpt>
    <trkpt lat="42.046558" lon="2.819545"></trkpt>
    <trkpt lat="42.047099" lon="2.819328"></trkpt>
    <trkpt lat="42.047264" lon="2.819270"></trkpt>
    <trkpt lat="42.047446" lon="2.819211"></trkpt>
    <trkpt lat="42.048030" lon="2.819061"></trkpt>
    <trkpt lat="42.048598" lon="2.818927"></trkpt>
    <trkpt lat="42.048866" lon="2.818880"></trkpt>
    <trkpt lat="42.051755" lon="2.818283"></trkpt>
    <trkpt lat="42.052512" lon="2.818129"></trkpt>
    <trkpt lat="42.052787" lon="2.818069"></trkpt>
    <trkpt lat="42.053021" lon="2.818008"></trkpt>
    <trkpt lat="42.053208" lon="2.817952"></trkpt>
    <trkpt lat="42.053463" lon="2.817866"></trkpt>
    <trkpt lat="42.053784" lon="2.817738"></trkpt>
    <trkpt lat="42.054071" lon="2.817599"></trkpt>
    <trkpt lat="42.054361" lon="2.817449"></trkpt>
    <trkpt lat="42.054656" lon="2.817272"></trkpt>
    <trkpt lat="42.054831" lon="2.817161"></trkpt>
    <trkpt lat="42.055348" lon="2.816776"></trkpt>
    <trkpt lat="42.055716" lon="2.816476"></trkpt>
    <trkpt lat="42.056538" lon="2.815816"></trkpt>
    <trkpt lat="42.056989" lon="2.815445"></trkpt>
    <trkpt lat="42.057778" lon="2.814814"></trkpt>
    <trkpt lat="42.058456" lon="2.814277"></trkpt>
    <trkpt lat="42.058821" lon="2.813981"></trkpt>
    <trkpt lat="42.059106" lon="2.813760"></trkpt>
    <trkpt lat="42.059421" lon="2.813537"></trkpt>
    <trkpt lat="42.059590" lon="2.813432"></trkpt>
    <trkpt lat="42.059706" lon="2.813359"></trkpt>
    <trkpt lat="42.059984" lon="2.813201"></trkpt>
    <trkpt lat="42.060235" lon="2.813076"></trkpt>
    <trkpt lat="42.060446" lon="2.812983"></trkpt>
    <trkpt lat="42.060730" lon="2.812873"></trkpt>
    <trkpt lat="42.061034" lon="2.812772"></trkpt>
    <trkpt lat="42.061361" lon="2.812680"></trkpt>
    <trkpt lat="42.061614" lon="2.812619"></trkpt>
    <trkpt lat="42.061849" lon="2.812573"></trkpt>
    <trkpt lat="42.061962" lon="2.812552"></trkpt>
    <trkpt lat="42.062345" lon="2.812498"></trkpt>
    <trkpt lat="42.062446" lon="2.812485"></trkpt>
    <trkpt lat="42.062774" lon="2.812457"></trkpt>
    <trkpt lat="42.063035" lon="2.812441"></trkpt>
    <trkpt lat="42.063290" lon="2.812437"></trkpt>
    <trkpt lat="42.063555" lon="2.812437"></trkpt>
    <trkpt lat="42.063763" lon="2.812449"></trkpt>
    <trkpt lat="42.064105" lon="2.812477"></trkpt>
    <trkpt lat="42.064326" lon="2.812498"></trkpt>
    <trkpt lat="42.064534" lon="2.812527"></trkpt>
    <trkpt lat="42.064823" lon="2.812578"></trkpt>
    <trkpt lat="42.065234" lon="2.812666"></trkpt>
    <trkpt lat="42.065426" lon="2.812706"></trkpt>
    <trkpt lat="42.065566" lon="2.812754"></trkpt>
    <trkpt lat="42.066237" lon="2.812970"></trkpt>
    <trkpt lat="42.066412" lon="2.813034"></trkpt>
    <trkpt lat="42.066721" lon="2.813155"></trkpt>
    <trkpt lat="42.067722" lon="2.813551"></trkpt>
    <trkpt lat="42.068394" lon="2.813812"></trkpt>
    <trkpt lat="42.068908" lon="2.814020"></trkpt>
    <trkpt lat="42.073975" lon="2.816030"></trkpt>
    <trkpt lat="42.074925" lon="2.816384"></trkpt>
    <trkpt lat="42.076164" lon="2.816878"></trkpt>
    <trkpt lat="42.076376" lon="2.816962"></trkpt>
    <trkpt lat="42.078243" lon="2.817687"></trkpt>
    <trkpt lat="42.078655" lon="2.817853"></trkpt>
    <trkpt lat="42.078682" lon="2.817864"></trkpt>
    <trkpt lat="42.079094" lon="2.818012"></trkpt>
    <trkpt lat="42.079557" lon="2.818127"></trkpt>
    <trkpt lat="42.079743" lon="2.818146"></trkpt>
    <trkpt lat="42.079919" lon="2.818163"></trkpt>
    <trkpt lat="42.080337" lon="2.818163"></trkpt>
    <trkpt lat="42.080626" lon="2.818127"></trkpt>
    <trkpt lat="42.080998" lon="2.818045"></trkpt>
    <trkpt lat="42.081321" lon="2.817951"></trkpt>
    <trkpt lat="42.081696" lon="2.817798"></trkpt>
    <trkpt lat="42.081998" lon="2.817618"></trkpt>
    <trkpt lat="42.082264" lon="2.817442"></trkpt>
    <trkpt lat="42.082536" lon="2.817245"></trkpt>
    <trkpt lat="42.082972" lon="2.816818"></trkpt>
    <trkpt lat="42.083644" lon="2.816094"></trkpt>
    <trkpt lat="42.083729" lon="2.816003"></trkpt>
    <trkpt lat="42.085569" lon="2.814040"></trkpt>
    <trkpt lat="42.086399" lon="2.813126"></trkpt>
    <trkpt lat="42.088077" lon="2.811305"></trkpt>
    <trkpt lat="42.088772" lon="2.810560"></trkpt>
    <trkpt lat="42.088858" lon="2.810468"></trkpt>
    <trkpt lat="42.088886" lon="2.810438"></trkpt>
    <trkpt lat="42.089456" lon="2.809796"></trkpt>
    <trkpt lat="42.089911" lon="2.809277"></trkpt>
    <trkpt lat="42.090285" lon="2.808806"></trkpt>
    <trkpt lat="42.090746" lon="2.808115"></trkpt>
    <trkpt lat="42.091680" lon="2.806582"></trkpt>
    <trkpt lat="42.092643" lon="2.805001"></trkpt>
    <trkpt lat="42.092842" lon="2.804673"></trkpt>
    <trkpt lat="42.094292" lon="2.802268"></trkpt>
    <trkpt lat="42.094502" lon="2.801925"></trkpt>
    <trkpt lat="42.094867" lon="2.801321"></trkpt>
    <trkpt lat="42.094937" lon="2.801241"></trkpt>
    <trkpt lat="42.095102" lon="2.800980"></trkpt>
    <trkpt lat="42.095237" lon="2.800763"></trkpt>
    <trkpt lat="42.095900" lon="2.799733"></trkpt>
    <trkpt lat="42.096304" lon="2.799118"></trkpt>
    <trkpt lat="42.096453" lon="2.798940"></trkpt>
    <trkpt lat="42.096655" lon="2.798742"></trkpt>
    <trkpt lat="42.097156" lon="2.798467"></trkpt>
    <trkpt lat="42.097317" lon="2.798394"></trkpt>
    <trkpt lat="42.097378" lon="2.798423"></trkpt>
    <trkpt lat="42.097442" lon="2.798438"></trkpt>
    <trkpt lat="42.097506" lon="2.798439"></trkpt>
    <trkpt lat="42.097618" lon="2.798407"></trkpt>
    <trkpt lat="42.097719" lon="2.798333"></trkpt>
    <trkpt lat="42.097791" lon="2.798242"></trkpt>
    <trkpt lat="42.097843" lon="2.798130"></trkpt>
    <trkpt lat="42.097874" lon="2.798004"></trkpt>
    <trkpt lat="42.097882" lon="2.797881"></trkpt>
    <trkpt lat="42.097869" lon="2.797760"></trkpt>
    <trkpt lat="42.097836" lon="2.797645"></trkpt>
    <trkpt lat="42.097785" lon="2.797544"></trkpt>
    <trkpt lat="42.097747" lon="2.797491"></trkpt>
    <trkpt lat="42.097703" lon="2.797446"></trkpt>
    <trkpt lat="42.097677" lon="2.797395"></trkpt>
    <trkpt lat="42.097639" lon="2.797296"></trkpt>
    <trkpt lat="42.097611" lon="2.797182"></trkpt>
    <trkpt lat="42.097604" lon="2.797028"></trkpt>
    <trkpt lat="42.097619" lon="2.796899"></trkpt>
    <trkpt lat="42.097666" lon="2.796755"></trkpt>
    <trkpt lat="42.097741" lon="2.796593"></trkpt>
    <trkpt lat="42.097987" lon="2.796218"></trkpt>
    <trkpt lat="42.098153" lon="2.795948"></trkpt>
    <trkpt lat="42.098257" lon="2.795777"></trkpt>
    <trkpt lat="42.098332" lon="2.795610"></trkpt>
    <trkpt lat="42.098437" lon="2.795450"></trkpt>
    <trkpt lat="42.098576" lon="2.795222"></trkpt>
    <trkpt lat="42.098651" lon="2.795098"></trkpt>
    <trkpt lat="42.098887" lon="2.794697"></trkpt>
    <trkpt lat="42.100125" lon="2.792659"></trkpt>
    <trkpt lat="42.100300" lon="2.792404"></trkpt>
    <trkpt lat="42.100399" lon="2.792248"></trkpt>
    <trkpt lat="42.100483" lon="2.792117"></trkpt>
    <trkpt lat="42.100591" lon="2.791954"></trkpt>
    <trkpt lat="42.100804" lon="2.791605"></trkpt>
    <trkpt lat="42.100826" lon="2.791568"></trkpt>
    <trkpt lat="42.100835" lon="2.791553"></trkpt>
    <trkpt lat="42.100855" lon="2.791521"></trkpt>
    <trkpt lat="42.100870" lon="2.791496"></trkpt>
    <trkpt lat="42.100928" lon="2.791391"></trkpt>
    <trkpt lat="42.100960" lon="2.791331"></trkpt>
    <trkpt lat="42.100968" lon="2.791314"></trkpt>
    <trkpt lat="42.101182" lon="2.790956"></trkpt>
    <trkpt lat="42.101348" lon="2.790669"></trkpt>
    <trkpt lat="42.101496" lon="2.790414"></trkpt>
    <trkpt lat="42.101573" lon="2.790248"></trkpt>
    <trkpt lat="42.102394" lon="2.788895"></trkpt>
    <trkpt lat="42.102908" lon="2.788052"></trkpt>
    <trkpt lat="42.102911" lon="2.788047"></trkpt>
    <trkpt lat="42.103049" lon="2.787817"></trkpt>
    <trkpt lat="42.103184" lon="2.787596"></trkpt>
    <trkpt lat="42.103676" lon="2.786777"></trkpt>
    <trkpt lat="42.104014" lon="2.786212"></trkpt>
    <trkpt lat="42.104378" lon="2.785611"></trkpt>
    <trkpt lat="42.104512" lon="2.785488"></trkpt>
    <trkpt lat="42.104543" lon="2.785500"></trkpt>
    <trkpt lat="42.104575" lon="2.785501"></trkpt>
    <trkpt lat="42.104611" lon="2.785491"></trkpt>
    <trkpt lat="42.104643" lon="2.785468"></trkpt>
    <trkpt lat="42.104670" lon="2.785434"></trkpt>
    <trkpt lat="42.104692" lon="2.785384"></trkpt>
    <trkpt lat="42.104701" lon="2.785327"></trkpt>
    <trkpt lat="42.104697" lon="2.785270"></trkpt>
    <trkpt lat="42.104686" lon="2.785236"></trkpt>
    <trkpt lat="42.104757" lon="2.784998"></trkpt>
    <trkpt lat="42.104804" lon="2.784921"></trkpt>
    <trkpt lat="42.104864" lon="2.784821"></trkpt>
    <trkpt lat="42.105314" lon="2.784078"></trkpt>
    <trkpt lat="42.106068" lon="2.782831"></trkpt>
    <trkpt lat="42.106183" lon="2.782644"></trkpt>
    <trkpt lat="42.106251" lon="2.782533"></trkpt>
    <trkpt lat="42.106301" lon="2.782451"></trkpt>
    <trkpt lat="42.106336" lon="2.782393"></trkpt>
    <trkpt lat="42.106378" lon="2.782323"></trkpt>
    <trkpt lat="42.107027" lon="2.781224"></trkpt>
    <trkpt lat="42.107106" lon="2.781092"></trkpt>
    <trkpt lat="42.107266" lon="2.780826"></trkpt>
    <trkpt lat="42.107342" lon="2.780751"></trkpt>
    <trkpt lat="42.107408" lon="2.780647"></trkpt>
    <trkpt lat="42.107428" lon="2.780613"></trkpt>
    <trkpt lat="42.107749" lon="2.780080"></trkpt>
    <trkpt lat="42.107804" lon="2.779987"></trkpt>
    <trkpt lat="42.107931" lon="2.779774"></trkpt>
    <trkpt lat="42.107974" lon="2.779700"></trkpt>
    <trkpt lat="42.108146" lon="2.779434"></trkpt>
    <trkpt lat="42.108219" lon="2.779325"></trkpt>
    <trkpt lat="42.108308" lon="2.779191"></trkpt>
    <trkpt lat="42.108465" lon="2.778986"></trkpt>
    <trkpt lat="42.108521" lon="2.778921"></trkpt>
    <trkpt lat="42.108575" lon="2.778859"></trkpt>
    <trkpt lat="42.108585" lon="2.778848"></trkpt>
    <trkpt lat="42.108608" lon="2.778820"></trkpt>
    <trkpt lat="42.108883" lon="2.778502"></trkpt>
    <trkpt lat="42.108914" lon="2.778467"></trkpt>
    <trkpt lat="42.109141" lon="2.778209"></trkpt>
    <trkpt lat="42.109256" lon="2.778043"></trkpt>
    <trkpt lat="42.109349" lon="2.777854"></trkpt>
    <trkpt lat="42.109528" lon="2.777543"></trkpt>
    <trkpt lat="42.109887" lon="2.776947"></trkpt>
    <trkpt lat="42.109920" lon="2.776891"></trkpt>
    <trkpt lat="42.109955" lon="2.776833"></trkpt>
    <trkpt lat="42.110524" lon="2.775867"></trkpt>
    <trkpt lat="42.110558" lon="2.775811"></trkpt>
    <trkpt lat="42.110641" lon="2.775759"></trkpt>
    <trkpt lat="42.110681" lon="2.775742"></trkpt>
    <trkpt lat="42.110729" lon="2.775772"></trkpt>
    <trkpt lat="42.110762" lon="2.775781"></trkpt>
    <trkpt lat="42.110822" lon="2.775779"></trkpt>
    <trkpt lat="42.110878" lon="2.775752"></trkpt>
    <trkpt lat="42.110926" lon="2.775704"></trkpt>
    <trkpt lat="42.110962" lon="2.775639"></trkpt>
    <trkpt lat="42.110981" lon="2.775563"></trkpt>
    <trkpt lat="42.110982" lon="2.775482"></trkpt>
    <trkpt lat="42.110976" lon="2.775445"></trkpt>
    <trkpt lat="42.110966" lon="2.775407"></trkpt>
    <trkpt lat="42.111012" lon="2.775256"></trkpt>
    <trkpt lat="42.111086" lon="2.775167"></trkpt>
    <trkpt lat="42.111607" lon="2.774539"></trkpt>
    <trkpt lat="42.111822" lon="2.774280"></trkpt>
    <trkpt lat="42.112211" lon="2.773835"></trkpt>
    <trkpt lat="42.112239" lon="2.773803"></trkpt>
    <trkpt lat="42.112366" lon="2.773687"></trkpt>
    <trkpt lat="42.112399" lon="2.773656"></trkpt>
    <trkpt lat="42.112421" lon="2.773662"></trkpt>
    <trkpt lat="42.112442" lon="2.773664"></trkpt>
    <trkpt lat="42.112464" lon="2.773662"></trkpt>
    <trkpt lat="42.112485" lon="2.773656"></trkpt>
    <trkpt lat="42.112506" lon="2.773646"></trkpt>
    <trkpt lat="42.112525" lon="2.773632"></trkpt>
    <trkpt lat="42.112542" lon="2.773615"></trkpt>
    <trkpt lat="42.112558" lon="2.773595"></trkpt>
    <trkpt lat="42.112571" lon="2.773573"></trkpt>
    <trkpt lat="42.112581" lon="2.773552"></trkpt>
    <trkpt lat="42.112588" lon="2.773530"></trkpt>
    <trkpt lat="42.112594" lon="2.773507"></trkpt>
    <trkpt lat="42.112597" lon="2.773487"></trkpt>
    <trkpt lat="42.112599" lon="2.773466"></trkpt>
    <trkpt lat="42.112599" lon="2.773445"></trkpt>
    <trkpt lat="42.112598" lon="2.773424"></trkpt>
    <trkpt lat="42.112595" lon="2.773403"></trkpt>
    <trkpt lat="42.112590" lon="2.773383"></trkpt>
    <trkpt lat="42.112585" lon="2.773364"></trkpt>
    <trkpt lat="42.112577" lon="2.773345"></trkpt>
    <trkpt lat="42.112569" lon="2.773328"></trkpt>
    <trkpt lat="42.112574" lon="2.773281"></trkpt>
    <trkpt lat="42.112576" lon="2.773245"></trkpt>
    <trkpt lat="42.112585" lon="2.773209"></trkpt>
    <trkpt lat="42.112599" lon="2.773170"></trkpt>
    <trkpt lat="42.112648" lon="2.773081"></trkpt>
    <trkpt lat="42.112679" lon="2.773031"></trkpt>
    <trkpt lat="42.112826" lon="2.772784"></trkpt>
    <trkpt lat="42.113081" lon="2.772309"></trkpt>
    <trkpt lat="42.113161" lon="2.772160"></trkpt>
    <trkpt lat="42.113238" lon="2.772020"></trkpt>
    <trkpt lat="42.113584" lon="2.771382"></trkpt>
    <trkpt lat="42.113650" lon="2.771262"></trkpt>
    <trkpt lat="42.113737" lon="2.771110"></trkpt>
    <trkpt lat="42.113909" lon="2.770775"></trkpt>
    <trkpt lat="42.114120" lon="2.770370"></trkpt>
    <trkpt lat="42.114161" lon="2.770290"></trkpt>
    <trkpt lat="42.114191" lon="2.770229"></trkpt>
    <trkpt lat="42.114281" lon="2.770059"></trkpt>
    <trkpt lat="42.114592" lon="2.769477"></trkpt>
    <trkpt lat="42.114642" lon="2.769383"></trkpt>
    <trkpt lat="42.114711" lon="2.769250"></trkpt>
    <trkpt lat="42.114832" lon="2.769018"></trkpt>
    <trkpt lat="42.115140" lon="2.768420"></trkpt>
    <trkpt lat="42.115282" lon="2.768160"></trkpt>
    <trkpt lat="42.115360" lon="2.768017"></trkpt>
    <trkpt lat="42.115515" lon="2.767713"></trkpt>
    <trkpt lat="42.115560" lon="2.767629"></trkpt>
    <trkpt lat="42.115584" lon="2.767566"></trkpt>
    <trkpt lat="42.115694" lon="2.767370"></trkpt>
    <trkpt lat="42.116018" lon="2.766774"></trkpt>
    <trkpt lat="42.116051" lon="2.766712"></trkpt>
    <trkpt lat="42.116257" lon="2.766317"></trkpt>
    <trkpt lat="42.116284" lon="2.766267"></trkpt>
    <trkpt lat="42.116480" lon="2.765888"></trkpt>
    <trkpt lat="42.116641" lon="2.765592"></trkpt>
    <trkpt lat="42.116841" lon="2.765206"></trkpt>
    <trkpt lat="42.117073" lon="2.764777"></trkpt>
    <trkpt lat="42.117128" lon="2.764675"></trkpt>
    <trkpt lat="42.117177" lon="2.764585"></trkpt>
    <trkpt lat="42.117197" lon="2.764559"></trkpt>
    <trkpt lat="42.117223" lon="2.764522"></trkpt>
    <trkpt lat="42.117248" lon="2.764494"></trkpt>
    <trkpt lat="42.117311" lon="2.764424"></trkpt>
    <trkpt lat="42.117406" lon="2.764329"></trkpt>
    <trkpt lat="42.117483" lon="2.764251"></trkpt>
    <trkpt lat="42.117572" lon="2.764161"></trkpt>
    <trkpt lat="42.117638" lon="2.764123"></trkpt>
    <trkpt lat="42.117696" lon="2.764089"></trkpt>
    <trkpt lat="42.117923" lon="2.763852"></trkpt>
    <trkpt lat="42.117977" lon="2.763793"></trkpt>
    <trkpt lat="42.117996" lon="2.763772"></trkpt>
    <trkpt lat="42.118123" lon="2.763602"></trkpt>
    <trkpt lat="42.118227" lon="2.763510"></trkpt>
    <trkpt lat="42.118259" lon="2.763487"></trkpt>
    <trkpt lat="42.118294" lon="2.763463"></trkpt>
    <trkpt lat="42.118328" lon="2.763448"></trkpt>
    <trkpt lat="42.118365" lon="2.763435"></trkpt>
    <trkpt lat="42.118403" lon="2.763428"></trkpt>
    <trkpt lat="42.118467" lon="2.763428"></trkpt>
    <trkpt lat="42.118609" lon="2.763430"></trkpt>
    <trkpt lat="42.118696" lon="2.763447"></trkpt>
    <trkpt lat="42.118720" lon="2.763452"></trkpt>
    <trkpt lat="42.119084" lon="2.763456"></trkpt>
    <trkpt lat="42.119134" lon="2.763458"></trkpt>
    <trkpt lat="42.119216" lon="2.763461"></trkpt>
    <trkpt lat="42.119217" lon="2.763528"></trkpt>
    <trkpt lat="42.119217" lon="2.763706"></trkpt>
    <trkpt lat="42.119161" lon="2.763758"></trkpt>
    <trkpt lat="42.119120" lon="2.763759"></trkpt>
    <trkpt lat="42.118962" lon="2.763763"></trkpt>
    <trkpt lat="42.118888" lon="2.763765"></trkpt>
    <trkpt lat="42.118861" lon="2.763765"></trkpt>
    <trkpt lat="42.118840" lon="2.763802"></trkpt>
    <trkpt lat="42.118831" lon="2.763817"></trkpt>
    <trkpt lat="42.118815" lon="2.763845"></trkpt>
    <trkpt lat="42.118852" lon="2.763992"></trkpt>
    <trkpt lat="42.118895" lon="2.764174"></trkpt>
    <trkpt lat="42.118910" lon="2.764238"></trkpt>
    <trkpt lat="42.118941" lon="2.764344"></trkpt>
    <trkpt lat="42.118984" lon="2.764626"></trkpt>
    <trkpt lat="42.119001" lon="2.764797"></trkpt>
    <trkpt lat="42.119143" lon="2.764767"></trkpt>
    <trkpt lat="42.119222" lon="2.764764"></trkpt>
    <trkpt lat="42.119225" lon="2.764654"></trkpt>
    <trkpt lat="42.119221" lon="2.764284"></trkpt>
    <trkpt lat="42.119220" lon="2.764075"></trkpt>
    <trkpt lat="42.119220" lon="2.763841"></trkpt>
    <trkpt lat="42.119217" lon="2.763706"></trkpt>
    <trkpt lat="42.119217" lon="2.763528"></trkpt>
    <trkpt lat="42.119216" lon="2.763461"></trkpt>
    <trkpt lat="42.119217" lon="2.763402"></trkpt>
    <trkpt lat="42.119134" lon="2.763401"></trkpt>
    <trkpt lat="42.118743" lon="2.763397"></trkpt>
    <trkpt lat="42.118609" lon="2.763430"></trkpt>
    <trkpt lat="42.118467" lon="2.763428"></trkpt>
    <trkpt lat="42.118403" lon="2.763428"></trkpt>
    <trkpt lat="42.118365" lon="2.763435"></trkpt>
    <trkpt lat="42.118328" lon="2.763448"></trkpt>
    <trkpt lat="42.118294" lon="2.763463"></trkpt>
    <trkpt lat="42.118259" lon="2.763487"></trkpt>
    <trkpt lat="42.118227" lon="2.763510"></trkpt>
    <trkpt lat="42.118123" lon="2.763602"></trkpt>
    <trkpt lat="42.118063" lon="2.763653"></trkpt>
    <trkpt lat="42.118011" lon="2.763651"></trkpt>
    <trkpt lat="42.117950" lon="2.763614"></trkpt>
    <trkpt lat="42.117943" lon="2.763593"></trkpt>
    <trkpt lat="42.117829" lon="2.763111"></trkpt>
    <trkpt lat="42.117801" lon="2.762990"></trkpt>
    <trkpt lat="42.117652" lon="2.762331"></trkpt>
    <trkpt lat="42.117514" lon="2.761741"></trkpt>
    <trkpt lat="42.117426" lon="2.761476"></trkpt>
    <trkpt lat="42.117419" lon="2.761454"></trkpt>
    <trkpt lat="42.117379" lon="2.761348"></trkpt>
    <trkpt lat="42.117172" lon="2.760803"></trkpt>
    <trkpt lat="42.117152" lon="2.760753"></trkpt>
    <trkpt lat="42.116952" lon="2.760095"></trkpt>
    <trkpt lat="42.116851" lon="2.759707"></trkpt>
    <trkpt lat="42.116838" lon="2.759638"></trkpt>
    <trkpt lat="42.116792" lon="2.759395"></trkpt>
    <trkpt lat="42.116548" lon="2.758557"></trkpt>
    <trkpt lat="42.116510" lon="2.758438"></trkpt>
    <trkpt lat="42.116666" lon="2.758309"></trkpt>
    <trkpt lat="42.116731" lon="2.758255"></trkpt>
    <trkpt lat="42.116820" lon="2.758180"></trkpt>
    <trkpt lat="42.116875" lon="2.758104"></trkpt>
    <trkpt lat="42.117200" lon="2.757826"></trkpt>
    <trkpt lat="42.117300" lon="2.757727"></trkpt>
    <trkpt lat="42.117385" lon="2.757597"></trkpt>
    <trkpt lat="42.117447" lon="2.757489"></trkpt>
    <trkpt lat="42.117522" lon="2.757357"></trkpt>
    <trkpt lat="42.117575" lon="2.757239"></trkpt>
    <trkpt lat="42.117813" lon="2.756709"></trkpt>
    <trkpt lat="42.117808" lon="2.756659"></trkpt>
    <trkpt lat="42.117801" lon="2.756610"></trkpt>
    <trkpt lat="42.117769" lon="2.756556"></trkpt>
    <trkpt lat="42.117293" lon="2.756200"></trkpt>
    <trkpt lat="42.116721" lon="2.755750"></trkpt>
    <trkpt lat="42.116643" lon="2.755665"></trkpt>
    <trkpt lat="42.116566" lon="2.755546"></trkpt>
    <trkpt lat="42.116501" lon="2.755378"></trkpt>
    <trkpt lat="42.116449" lon="2.755242"></trkpt>
    <trkpt lat="42.116383" lon="2.755086"></trkpt>
    <trkpt lat="42.116359" lon="2.754994"></trkpt>
    <trkpt lat="42.116311" lon="2.754661"></trkpt>
    <trkpt lat="42.116268" lon="2.753345"></trkpt>
    <trkpt lat="42.116250" lon="2.752950"></trkpt>
    <trkpt lat="42.116249" lon="2.752896"></trkpt>
    <trkpt lat="42.116243" lon="2.752588"></trkpt>
    <trkpt lat="42.116245" lon="2.752544"></trkpt>
    <trkpt lat="42.116249" lon="2.752454"></trkpt>
    <trkpt lat="42.116257" lon="2.752291"></trkpt>
    <trkpt lat="42.116294" lon="2.751959"></trkpt>
    <trkpt lat="42.116322" lon="2.751790"></trkpt>
    <trkpt lat="42.116363" lon="2.751623"></trkpt>
    <trkpt lat="42.116442" lon="2.751334"></trkpt>
    <trkpt lat="42.116589" lon="2.750866"></trkpt>
    <trkpt lat="42.116743" lon="2.750459"></trkpt>
    <trkpt lat="42.116829" lon="2.750265"></trkpt>
    <trkpt lat="42.116880" lon="2.750164"></trkpt>
    <trkpt lat="42.116909" lon="2.750106"></trkpt>
    <trkpt lat="42.116997" lon="2.749974"></trkpt>
    <trkpt lat="42.117093" lon="2.749851"></trkpt>
    <trkpt lat="42.117539" lon="2.749299"></trkpt>
    <trkpt lat="42.117585" lon="2.749238"></trkpt>
    <trkpt lat="42.117690" lon="2.749101"></trkpt>
    <trkpt lat="42.117710" lon="2.749071"></trkpt>
    <trkpt lat="42.117717" lon="2.749061"></trkpt>
    <trkpt lat="42.117779" lon="2.748967"></trkpt>
    <trkpt lat="42.117805" lon="2.748906"></trkpt>
    <trkpt lat="42.117833" lon="2.748792"></trkpt>
    <trkpt lat="42.117845" lon="2.748722"></trkpt>
    <trkpt lat="42.117848" lon="2.748662"></trkpt>
    <trkpt lat="42.117845" lon="2.748586"></trkpt>
    <trkpt lat="42.117826" lon="2.748507"></trkpt>
    <trkpt lat="42.117788" lon="2.748370"></trkpt>
    <trkpt lat="42.117712" lon="2.748185"></trkpt>
    <trkpt lat="42.117541" lon="2.747829"></trkpt>
    <trkpt lat="42.117510" lon="2.747741"></trkpt>
    <trkpt lat="42.117482" lon="2.747590"></trkpt>
    <trkpt lat="42.117484" lon="2.747458"></trkpt>
    <trkpt lat="42.117526" lon="2.747174"></trkpt>
    <trkpt lat="42.117561" lon="2.747059"></trkpt>
    <trkpt lat="42.117612" lon="2.746964"></trkpt>
    <trkpt lat="42.117676" lon="2.746895"></trkpt>
    <trkpt lat="42.117766" lon="2.746853"></trkpt>
    <trkpt lat="42.117841" lon="2.746837"></trkpt>
    <trkpt lat="42.118244" lon="2.746782"></trkpt>
    <trkpt lat="42.118499" lon="2.746747"></trkpt>
    <trkpt lat="42.118507" lon="2.746747"></trkpt>
    <trkpt lat="42.118658" lon="2.746745"></trkpt>
    <trkpt lat="42.118779" lon="2.746758"></trkpt>
    <trkpt lat="42.118820" lon="2.746768"></trkpt>
    <trkpt lat="42.118853" lon="2.746782"></trkpt>
    <trkpt lat="42.118890" lon="2.746802"></trkpt>
    <trkpt lat="42.118924" lon="2.746829"></trkpt>
    <trkpt lat="42.118941" lon="2.746845"></trkpt>
    <trkpt lat="42.118959" lon="2.746865"></trkpt>
    <trkpt lat="42.118968" lon="2.746876"></trkpt>
    <trkpt lat="42.118982" lon="2.746895"></trkpt>
    <trkpt lat="42.119006" lon="2.746854"></trkpt>
    <trkpt lat="42.119064" lon="2.746791"></trkpt>
    <trkpt lat="42.119093" lon="2.746748"></trkpt>
    <trkpt lat="42.119109" lon="2.746683"></trkpt>
    <trkpt lat="42.119060" lon="2.746682"></trkpt>
    <trkpt lat="42.119023" lon="2.746698"></trkpt>
    <trkpt lat="42.118957" lon="2.746764"></trkpt>
    <trkpt lat="42.118890" lon="2.746802"></trkpt>
    <trkpt lat="42.118853" lon="2.746782"></trkpt>
    <trkpt lat="42.118820" lon="2.746768"></trkpt>
    <trkpt lat="42.118779" lon="2.746758"></trkpt>
    <trkpt lat="42.118658" lon="2.746745"></trkpt>
    <trkpt lat="42.118507" lon="2.746747"></trkpt>
    <trkpt lat="42.118499" lon="2.746747"></trkpt>
    <trkpt lat="42.118244" lon="2.746782"></trkpt>
    <trkpt lat="42.117841" lon="2.746837"></trkpt>
    <trkpt lat="42.117766" lon="2.746853"></trkpt>
    <trkpt lat="42.117676" lon="2.746895"></trkpt>
    <trkpt lat="42.117612" lon="2.746964"></trkpt>
    <trkpt lat="42.117561" lon="2.747059"></trkpt>
    <trkpt lat="42.117526" lon="2.747174"></trkpt>
    <trkpt lat="42.117484" lon="2.747458"></trkpt>
    <trkpt lat="42.117482" lon="2.747590"></trkpt>
    <trkpt lat="42.117510" lon="2.747741"></trkpt>
    <trkpt lat="42.117541" lon="2.747829"></trkpt>
    <trkpt lat="42.117712" lon="2.748185"></trkpt>
    <trkpt lat="42.117788" lon="2.748370"></trkpt>
    <trkpt lat="42.117826" lon="2.748507"></trkpt>
    <trkpt lat="42.117845" lon="2.748586"></trkpt>
    <trkpt lat="42.117848" lon="2.748662"></trkpt>
    <trkpt lat="42.117845" lon="2.748722"></trkpt>
    <trkpt lat="42.117833" lon="2.748792"></trkpt>
    <trkpt lat="42.117805" lon="2.748906"></trkpt>
    <trkpt lat="42.117779" lon="2.748967"></trkpt>
    <trkpt lat="42.117717" lon="2.749061"></trkpt>
    <trkpt lat="42.117710" lon="2.749071"></trkpt>
    <trkpt lat="42.117690" lon="2.749101"></trkpt>
    <trkpt lat="42.117585" lon="2.749238"></trkpt>
    <trkpt lat="42.117539" lon="2.749299"></trkpt>
    <trkpt lat="42.117093" lon="2.749851"></trkpt>
    <trkpt lat="42.116997" lon="2.749974"></trkpt>
    <trkpt lat="42.116909" lon="2.750106"></trkpt>
    <trkpt lat="42.116829" lon="2.750265"></trkpt>
    <trkpt lat="42.116743" lon="2.750459"></trkpt>
    <trkpt lat="42.116589" lon="2.750866"></trkpt>
    <trkpt lat="42.116442" lon="2.751334"></trkpt>
    <trkpt lat="42.116363" lon="2.751623"></trkpt>
    <trkpt lat="42.116322" lon="2.751790"></trkpt>
    <trkpt lat="42.116294" lon="2.751959"></trkpt>
    <trkpt lat="42.116257" lon="2.752291"></trkpt>
    <trkpt lat="42.116249" lon="2.752454"></trkpt>
    <trkpt lat="42.116245" lon="2.752544"></trkpt>
    <trkpt lat="42.116243" lon="2.752588"></trkpt>
    <trkpt lat="42.116208" lon="2.752660"></trkpt>
    <trkpt lat="42.116145" lon="2.752739"></trkpt>
    <trkpt lat="42.116095" lon="2.752765"></trkpt>
    <trkpt lat="42.116016" lon="2.752793"></trkpt>
    <trkpt lat="42.115917" lon="2.752824"></trkpt>
    <trkpt lat="42.114538" lon="2.753284"></trkpt>
    <trkpt lat="42.114465" lon="2.753308"></trkpt>
    <trkpt lat="42.114455" lon="2.753311"></trkpt>
    <trkpt lat="42.114422" lon="2.753324"></trkpt>
    <trkpt lat="42.113391" lon="2.753689"></trkpt>
    <trkpt lat="42.113366" lon="2.753695"></trkpt>
    <trkpt lat="42.113190" lon="2.753731"></trkpt>
    <trkpt lat="42.112985" lon="2.753687"></trkpt>
    <trkpt lat="42.112641" lon="2.753610"></trkpt>
    <trkpt lat="42.111838" lon="2.753428"></trkpt>
    <trkpt lat="42.111596" lon="2.753369"></trkpt>
    <trkpt lat="42.111442" lon="2.753330"></trkpt>
    <trkpt lat="42.111310" lon="2.753289"></trkpt>
    <trkpt lat="42.111249" lon="2.753252"></trkpt>
    <trkpt lat="42.111169" lon="2.753176"></trkpt>
    <trkpt lat="42.111093" lon="2.753040"></trkpt>
    <trkpt lat="42.111025" lon="2.752861"></trkpt>
    <trkpt lat="42.110998" lon="2.752770"></trkpt>
    <trkpt lat="42.110967" lon="2.752598"></trkpt>
    <trkpt lat="42.110936" lon="2.752384"></trkpt>
    <trkpt lat="42.110914" lon="2.752182"></trkpt>
    <trkpt lat="42.110907" lon="2.752001"></trkpt>
    <trkpt lat="42.110909" lon="2.751842"></trkpt>
    <trkpt lat="42.110922" lon="2.751672"></trkpt>
    <trkpt lat="42.110922" lon="2.751535"></trkpt>
    <trkpt lat="42.110980" lon="2.751115"></trkpt>
    <trkpt lat="42.111041" lon="2.750586"></trkpt>
    <trkpt lat="42.111098" lon="2.750162"></trkpt>
    <trkpt lat="42.111153" lon="2.749936"></trkpt>
    <trkpt lat="42.111196" lon="2.749748"></trkpt>
    <trkpt lat="42.111203" lon="2.749718"></trkpt>
    <trkpt lat="42.111261" lon="2.749515"></trkpt>
    <trkpt lat="42.111296" lon="2.749411"></trkpt>
    <trkpt lat="42.111342" lon="2.749311"></trkpt>
    <trkpt lat="42.111410" lon="2.749184"></trkpt>
    <trkpt lat="42.111479" lon="2.749079"></trkpt>
    <trkpt lat="42.111504" lon="2.749046"></trkpt>
    <trkpt lat="42.111579" lon="2.748947"></trkpt>
    <trkpt lat="42.111652" lon="2.748855"></trkpt>
    <trkpt lat="42.111733" lon="2.748740"></trkpt>
    <trkpt lat="42.112765" lon="2.747738"></trkpt>
    <trkpt lat="42.112841" lon="2.747658"></trkpt>
    <trkpt lat="42.113618" lon="2.746872"></trkpt>
    <trkpt lat="42.113739" lon="2.746751"></trkpt>
    <trkpt lat="42.113834" lon="2.746656"></trkpt>
    <trkpt lat="42.114730" lon="2.745779"></trkpt>
    <trkpt lat="42.115881" lon="2.744652"></trkpt>
    <trkpt lat="42.116303" lon="2.744241"></trkpt>
    <trkpt lat="42.116496" lon="2.744050"></trkpt>
    <trkpt lat="42.117547" lon="2.743015"></trkpt>
    <trkpt lat="42.118155" lon="2.742415"></trkpt>
    <trkpt lat="42.118572" lon="2.742005"></trkpt>
    <trkpt lat="42.118914" lon="2.741669"></trkpt>
    <trkpt lat="42.118954" lon="2.741630"></trkpt>
    <trkpt lat="42.119700" lon="2.740897"></trkpt>
    <trkpt lat="42.120566" lon="2.740040"></trkpt>
    <trkpt lat="42.120655" lon="2.739952"></trkpt>
    <trkpt lat="42.120892" lon="2.739714"></trkpt>
    <trkpt lat="42.122941" lon="2.737654"></trkpt>
    <trkpt lat="42.123149" lon="2.737444"></trkpt>
    <trkpt lat="42.123162" lon="2.737435"></trkpt>
    <trkpt lat="42.123274" lon="2.737349"></trkpt>
    <trkpt lat="42.123354" lon="2.737315"></trkpt>
    <trkpt lat="42.123460" lon="2.737321"></trkpt>
    <trkpt lat="42.123896" lon="2.737485"></trkpt>
    <trkpt lat="42.123992" lon="2.737551"></trkpt>
    <trkpt lat="42.124109" lon="2.737687"></trkpt>
    <trkpt lat="42.124582" lon="2.738232"></trkpt>
    <trkpt lat="42.124753" lon="2.738357"></trkpt>
    <trkpt lat="42.124896" lon="2.738408"></trkpt>
    <trkpt lat="42.125103" lon="2.738402"></trkpt>
    <trkpt lat="42.125315" lon="2.738347"></trkpt>
    <trkpt lat="42.125457" lon="2.738211"></trkpt>
    <trkpt lat="42.125865" lon="2.737379"></trkpt>
    <trkpt lat="42.125940" lon="2.737159"></trkpt>
    <trkpt lat="42.125970" lon="2.737040"></trkpt>
    <trkpt lat="42.125962" lon="2.736857"></trkpt>
    <trkpt lat="42.125930" lon="2.736485"></trkpt>
    <trkpt lat="42.125951" lon="2.736336"></trkpt>
    <trkpt lat="42.126015" lon="2.736174"></trkpt>
    <trkpt lat="42.126115" lon="2.736083"></trkpt>
    <trkpt lat="42.126236" lon="2.736023"></trkpt>
    <trkpt lat="42.126402" lon="2.736032"></trkpt>
    <trkpt lat="42.126566" lon="2.736066"></trkpt>
    <trkpt lat="42.126711" lon="2.736040"></trkpt>
    <trkpt lat="42.126841" lon="2.735891"></trkpt>
    <trkpt lat="42.126940" lon="2.735663"></trkpt>
    <trkpt lat="42.126965" lon="2.735508"></trkpt>
    <trkpt lat="42.126945" lon="2.735336"></trkpt>
    <trkpt lat="42.126898" lon="2.735125"></trkpt>
    <trkpt lat="42.126697" lon="2.734276"></trkpt>
    <trkpt lat="42.126617" lon="2.733940"></trkpt>
    <trkpt lat="42.126610" lon="2.733909"></trkpt>
    <trkpt lat="42.126566" lon="2.733622"></trkpt>
    <trkpt lat="42.126610" lon="2.733358"></trkpt>
    <trkpt lat="42.126711" lon="2.733167"></trkpt>
    <trkpt lat="42.126862" lon="2.733056"></trkpt>
    <trkpt lat="42.127317" lon="2.732898"></trkpt>
    <trkpt lat="42.127532" lon="2.732690"></trkpt>
    <trkpt lat="42.127724" lon="2.732447"></trkpt>
    <trkpt lat="42.127784" lon="2.732334"></trkpt>
    <trkpt lat="42.127904" lon="2.731886"></trkpt>
    <trkpt lat="42.127967" lon="2.731426"></trkpt>
    <trkpt lat="42.128052" lon="2.730919"></trkpt>
    <trkpt lat="42.128144" lon="2.730664"></trkpt>
    <trkpt lat="42.128213" lon="2.730392"></trkpt>
    <trkpt lat="42.128216" lon="2.730317"></trkpt>
    <trkpt lat="42.128220" lon="2.730175"></trkpt>
    <trkpt lat="42.128191" lon="2.729960"></trkpt>
    <trkpt lat="42.128103" lon="2.729671"></trkpt>
    <trkpt lat="42.128070" lon="2.729598"></trkpt>
    <trkpt lat="42.128008" lon="2.729462"></trkpt>
    <trkpt lat="42.127936" lon="2.729251"></trkpt>
    <trkpt lat="42.127932" lon="2.729130"></trkpt>
    <trkpt lat="42.127975" lon="2.728979"></trkpt>
    <trkpt lat="42.128166" lon="2.728583"></trkpt>
    <trkpt lat="42.128343" lon="2.728313"></trkpt>
    <trkpt lat="42.128406" lon="2.728251"></trkpt>
    <trkpt lat="42.128491" lon="2.728207"></trkpt>
    <trkpt lat="42.128624" lon="2.728196"></trkpt>
    <trkpt lat="42.128732" lon="2.728236"></trkpt>
    <trkpt lat="42.128911" lon="2.728362"></trkpt>
    <trkpt lat="42.129086" lon="2.728481"></trkpt>
    <trkpt lat="42.129137" lon="2.728502"></trkpt>
    <trkpt lat="42.129179" lon="2.728519"></trkpt>
    <trkpt lat="42.129294" lon="2.728526"></trkpt>
    <trkpt lat="42.129395" lon="2.728490"></trkpt>
    <trkpt lat="42.129512" lon="2.728392"></trkpt>
    <trkpt lat="42.129621" lon="2.728234"></trkpt>
    <trkpt lat="42.130025" lon="2.727400"></trkpt>
    <trkpt lat="42.130219" lon="2.726977"></trkpt>
    <trkpt lat="42.130342" lon="2.726655"></trkpt>
    <trkpt lat="42.130453" lon="2.726083"></trkpt>
    <trkpt lat="42.130500" lon="2.725772"></trkpt>
    <trkpt lat="42.130557" lon="2.725476"></trkpt>
    <trkpt lat="42.130593" lon="2.725306"></trkpt>
    <trkpt lat="42.130597" lon="2.725289"></trkpt>
    <trkpt lat="42.130704" lon="2.724906"></trkpt>
    <trkpt lat="42.130715" lon="2.724674"></trkpt>
    <trkpt lat="42.130734" lon="2.724272"></trkpt>
    <trkpt lat="42.130797" lon="2.722351"></trkpt>
    <trkpt lat="42.130822" lon="2.721765"></trkpt>
    <trkpt lat="42.130805" lon="2.721557"></trkpt>
    <trkpt lat="42.130759" lon="2.721303"></trkpt>
    <trkpt lat="42.130663" lon="2.721031"></trkpt>
    <trkpt lat="42.130563" lon="2.720856"></trkpt>
    <trkpt lat="42.130167" lon="2.720314"></trkpt>
    <trkpt lat="42.130012" lon="2.720118"></trkpt>
    <trkpt lat="42.129877" lon="2.719975"></trkpt>
    <trkpt lat="42.129736" lon="2.719867"></trkpt>
    <trkpt lat="42.129599" lon="2.719741"></trkpt>
    <trkpt lat="42.129513" lon="2.719631"></trkpt>
    <trkpt lat="42.129455" lon="2.719446"></trkpt>
    <trkpt lat="42.129441" lon="2.719188"></trkpt>
    <trkpt lat="42.129455" lon="2.718922"></trkpt>
    <trkpt lat="42.129486" lon="2.718793"></trkpt>
    <trkpt lat="42.129539" lon="2.718599"></trkpt>
    <trkpt lat="42.129570" lon="2.718386"></trkpt>
    <trkpt lat="42.129558" lon="2.718243"></trkpt>
    <trkpt lat="42.129444" lon="2.717720"></trkpt>
    <trkpt lat="42.129335" lon="2.717294"></trkpt>
    <trkpt lat="42.129279" lon="2.717177"></trkpt>
    <trkpt lat="42.129051" lon="2.716834"></trkpt>
    <trkpt lat="42.129005" lon="2.716707"></trkpt>
    <trkpt lat="42.128991" lon="2.716596"></trkpt>
    <trkpt lat="42.129017" lon="2.716341"></trkpt>
    <trkpt lat="42.129040" lon="2.716162"></trkpt>
    <trkpt lat="42.129029" lon="2.716041"></trkpt>
    <trkpt lat="42.128974" lon="2.715883"></trkpt>
    <trkpt lat="42.128843" lon="2.715709"></trkpt>
    <trkpt lat="42.128625" lon="2.715443"></trkpt>
    <trkpt lat="42.128392" lon="2.715121"></trkpt>
    <trkpt lat="42.128356" lon="2.715016"></trkpt>
    <trkpt lat="42.128328" lon="2.714889"></trkpt>
    <trkpt lat="42.128126" lon="2.713047"></trkpt>
    <trkpt lat="42.128085" lon="2.712752"></trkpt>
    <trkpt lat="42.128051" lon="2.712543"></trkpt>
    <trkpt lat="42.127956" lon="2.712291"></trkpt>
    <trkpt lat="42.127916" lon="2.712202"></trkpt>
    <trkpt lat="42.127679" lon="2.711671"></trkpt>
    <trkpt lat="42.127618" lon="2.711497"></trkpt>
    <trkpt lat="42.127596" lon="2.711391"></trkpt>
    <trkpt lat="42.127596" lon="2.711221"></trkpt>
    <trkpt lat="42.127604" lon="2.711095"></trkpt>
    <trkpt lat="42.127584" lon="2.710951"></trkpt>
    <trkpt lat="42.127527" lon="2.710860"></trkpt>
    <trkpt lat="42.127436" lon="2.710751"></trkpt>
    <trkpt lat="42.127339" lon="2.710678"></trkpt>
    <trkpt lat="42.127186" lon="2.710641"></trkpt>
    <trkpt lat="42.126930" lon="2.710613"></trkpt>
    <trkpt lat="42.126813" lon="2.710560"></trkpt>
    <trkpt lat="42.126636" lon="2.710418"></trkpt>
    <trkpt lat="42.126326" lon="2.710110"></trkpt>
    <trkpt lat="42.126194" lon="2.709891"></trkpt>
    <trkpt lat="42.126163" lon="2.709848"></trkpt>
    <trkpt lat="42.126007" lon="2.709623"></trkpt>
    <trkpt lat="42.125691" lon="2.709242"></trkpt>
    <trkpt lat="42.125577" lon="2.709080"></trkpt>
    <trkpt lat="42.125249" lon="2.708366"></trkpt>
    <trkpt lat="42.125213" lon="2.708241"></trkpt>
    <trkpt lat="42.125203" lon="2.708133"></trkpt>
    <trkpt lat="42.125198" lon="2.707977"></trkpt>
    <trkpt lat="42.125186" lon="2.707251"></trkpt>
    <trkpt lat="42.125210" lon="2.707077"></trkpt>
    <trkpt lat="42.125267" lon="2.706992"></trkpt>
    <trkpt lat="42.125391" lon="2.706850"></trkpt>
    <trkpt lat="42.125511" lon="2.706688"></trkpt>
    <trkpt lat="42.125574" lon="2.706538"></trkpt>
    <trkpt lat="42.125597" lon="2.706469"></trkpt>
    <trkpt lat="42.125602" lon="2.706376"></trkpt>
    <trkpt lat="42.125580" lon="2.706254"></trkpt>
    <trkpt lat="42.125538" lon="2.706193"></trkpt>
    <trkpt lat="42.125447" lon="2.706100"></trkpt>
    <trkpt lat="42.125261" lon="2.705972"></trkpt>
    <trkpt lat="42.125178" lon="2.705879"></trkpt>
    <trkpt lat="42.125131" lon="2.705770"></trkpt>
    <trkpt lat="42.125039" lon="2.705348"></trkpt>
    <trkpt lat="42.125017" lon="2.705202"></trkpt>
    <trkpt lat="42.125022" lon="2.705060"></trkpt>
    <trkpt lat="42.125053" lon="2.704916"></trkpt>
    <trkpt lat="42.125193" lon="2.704529"></trkpt>
    <trkpt lat="42.125238" lon="2.704364"></trkpt>
    <trkpt lat="42.125255" lon="2.704180"></trkpt>
    <trkpt lat="42.125271" lon="2.703647"></trkpt>
    <trkpt lat="42.125292" lon="2.703446"></trkpt>
    <trkpt lat="42.125331" lon="2.703308"></trkpt>
    <trkpt lat="42.125473" lon="2.702945"></trkpt>
    <trkpt lat="42.125537" lon="2.702743"></trkpt>
    <trkpt lat="42.125578" lon="2.702556"></trkpt>
    <trkpt lat="42.125587" lon="2.702209"></trkpt>
    <trkpt lat="42.125578" lon="2.700608"></trkpt>
    <trkpt lat="42.125561" lon="2.700348"></trkpt>
    <trkpt lat="42.125524" lon="2.700115"></trkpt>
    <trkpt lat="42.125455" lon="2.699864"></trkpt>
    <trkpt lat="42.125139" lon="2.698763"></trkpt>
    <trkpt lat="42.124991" lon="2.698182"></trkpt>
    <trkpt lat="42.124867" lon="2.697690"></trkpt>
    <trkpt lat="42.124848" lon="2.697607"></trkpt>
    <trkpt lat="42.124778" lon="2.697291"></trkpt>
    <trkpt lat="42.124737" lon="2.697108"></trkpt>
    <trkpt lat="42.124725" lon="2.696971"></trkpt>
    <trkpt lat="42.124734" lon="2.696618"></trkpt>
    <trkpt lat="42.124773" lon="2.696040"></trkpt>
    <trkpt lat="42.124851" lon="2.694862"></trkpt>
    <trkpt lat="42.124964" lon="2.693138"></trkpt>
    <trkpt lat="42.124967" lon="2.693090"></trkpt>
    <trkpt lat="42.125112" lon="2.690816"></trkpt>
    <trkpt lat="42.125147" lon="2.690264"></trkpt>
    <trkpt lat="42.125209" lon="2.689206"></trkpt>
    <trkpt lat="42.125372" lon="2.686612"></trkpt>
    <trkpt lat="42.125412" lon="2.685971"></trkpt>
    <trkpt lat="42.125438" lon="2.685554"></trkpt>
    <trkpt lat="42.125452" lon="2.685342"></trkpt>
    <trkpt lat="42.125479" lon="2.685088"></trkpt>
    <trkpt lat="42.125506" lon="2.684665"></trkpt>
    <trkpt lat="42.125536" lon="2.684207"></trkpt>
    <trkpt lat="42.125545" lon="2.684065"></trkpt>
    <trkpt lat="42.125566" lon="2.683695"></trkpt>
    <trkpt lat="42.125582" lon="2.683426"></trkpt>
    <trkpt lat="42.125597" lon="2.683148"></trkpt>
    <trkpt lat="42.125651" lon="2.682186"></trkpt>
    <trkpt lat="42.125732" lon="2.680776"></trkpt>
    <trkpt lat="42.125751" lon="2.680508"></trkpt>
    <trkpt lat="42.125864" lon="2.678848"></trkpt>
    <trkpt lat="42.125901" lon="2.678184"></trkpt>
    <trkpt lat="42.125906" lon="2.678105"></trkpt>
    <trkpt lat="42.125904" lon="2.677949"></trkpt>
    <trkpt lat="42.125883" lon="2.677763"></trkpt>
    <trkpt lat="42.125479" lon="2.675652"></trkpt>
    <trkpt lat="42.125427" lon="2.675561"></trkpt>
    <trkpt lat="42.125391" lon="2.675534"></trkpt>
    <trkpt lat="42.125338" lon="2.675515"></trkpt>
    <trkpt lat="42.125281" lon="2.675499"></trkpt>
    <trkpt lat="42.125047" lon="2.675509"></trkpt>
    <trkpt lat="42.124955" lon="2.675497"></trkpt>
    <trkpt lat="42.124871" lon="2.675465"></trkpt>
    <trkpt lat="42.124774" lon="2.675415"></trkpt>
    <trkpt lat="42.124612" lon="2.675317"></trkpt>
    <trkpt lat="42.124515" lon="2.675232"></trkpt>
    <trkpt lat="42.124470" lon="2.675153"></trkpt>
    <trkpt lat="42.124448" lon="2.675082"></trkpt>
    <trkpt lat="42.124433" lon="2.674998"></trkpt>
    <trkpt lat="42.124423" lon="2.674754"></trkpt>
    <trkpt lat="42.124411" lon="2.674444"></trkpt>
    <trkpt lat="42.124419" lon="2.674248"></trkpt>
    <trkpt lat="42.124436" lon="2.674047"></trkpt>
    <trkpt lat="42.124465" lon="2.673889"></trkpt>
    <trkpt lat="42.124539" lon="2.673664"></trkpt>
    <trkpt lat="42.124613" lon="2.673451"></trkpt>
    <trkpt lat="42.124647" lon="2.673330"></trkpt>
    <trkpt lat="42.124661" lon="2.673239"></trkpt>
    <trkpt lat="42.124661" lon="2.673163"></trkpt>
    <trkpt lat="42.124646" lon="2.673078"></trkpt>
    <trkpt lat="42.124626" lon="2.673035"></trkpt>
    <trkpt lat="42.124579" lon="2.672974"></trkpt>
    <trkpt lat="42.124498" lon="2.672894"></trkpt>
    <trkpt lat="42.124439" lon="2.672832"></trkpt>
    <trkpt lat="42.124403" lon="2.672776"></trkpt>
    <trkpt lat="42.124376" lon="2.672705"></trkpt>
    <trkpt lat="42.124365" lon="2.672632"></trkpt>
    <trkpt lat="42.124374" lon="2.672529"></trkpt>
    <trkpt lat="42.124402" lon="2.672402"></trkpt>
    <trkpt lat="42.124466" lon="2.672177"></trkpt>
    <trkpt lat="42.124495" lon="2.672075"></trkpt>
    <trkpt lat="42.124516" lon="2.671923"></trkpt>
    <trkpt lat="42.124536" lon="2.671716"></trkpt>
    <trkpt lat="42.124553" lon="2.671548"></trkpt>
    <trkpt lat="42.124584" lon="2.671412"></trkpt>
    <trkpt lat="42.124616" lon="2.671322"></trkpt>
    <trkpt lat="42.124657" lon="2.671233"></trkpt>
    <trkpt lat="42.124716" lon="2.671158"></trkpt>
    <trkpt lat="42.124792" lon="2.671096"></trkpt>
    <trkpt lat="42.124896" lon="2.671035"></trkpt>
    <trkpt lat="42.125135" lon="2.670953"></trkpt>
    <trkpt lat="42.125194" lon="2.670918"></trkpt>
    <trkpt lat="42.125234" lon="2.670859"></trkpt>
    <trkpt lat="42.125257" lon="2.670780"></trkpt>
    <trkpt lat="42.125260" lon="2.670734"></trkpt>
    <trkpt lat="42.125259" lon="2.670542"></trkpt>
    <trkpt lat="42.125270" lon="2.670456"></trkpt>
    <trkpt lat="42.125293" lon="2.670403"></trkpt>
    <trkpt lat="42.125346" lon="2.670340"></trkpt>
    <trkpt lat="42.125401" lon="2.670305"></trkpt>
    <trkpt lat="42.125518" lon="2.670273"></trkpt>
    <trkpt lat="42.125629" lon="2.670265"></trkpt>
    <trkpt lat="42.125707" lon="2.670280"></trkpt>
    <trkpt lat="42.125812" lon="2.670324"></trkpt>
    <trkpt lat="42.125928" lon="2.670404"></trkpt>
    <trkpt lat="42.126320" lon="2.670755"></trkpt>
    <trkpt lat="42.126377" lon="2.670761"></trkpt>
    <trkpt lat="42.126426" lon="2.670755"></trkpt>
    <trkpt lat="42.126465" lon="2.670732"></trkpt>
    <trkpt lat="42.126501" lon="2.670670"></trkpt>
    <trkpt lat="42.126516" lon="2.670622"></trkpt>
    <trkpt lat="42.126536" lon="2.670407"></trkpt>
    <trkpt lat="42.126547" lon="2.670328"></trkpt>
    <trkpt lat="42.126563" lon="2.670258"></trkpt>
    <trkpt lat="42.126605" lon="2.670178"></trkpt>
    <trkpt lat="42.126652" lon="2.670127"></trkpt>
    <trkpt lat="42.126751" lon="2.670063"></trkpt>
    <trkpt lat="42.126878" lon="2.669996"></trkpt>
    <trkpt lat="42.127024" lon="2.669938"></trkpt>
    <trkpt lat="42.127127" lon="2.669909"></trkpt>
    <trkpt lat="42.127250" lon="2.669888"></trkpt>
    <trkpt lat="42.127342" lon="2.669881"></trkpt>
    <trkpt lat="42.127410" lon="2.669900"></trkpt>
    <trkpt lat="42.127479" lon="2.669927"></trkpt>
    <trkpt lat="42.127531" lon="2.669975"></trkpt>
    <trkpt lat="42.127794" lon="2.670201"></trkpt>
    <trkpt lat="42.127858" lon="2.670228"></trkpt>
    <trkpt lat="42.127964" lon="2.670240"></trkpt>
    <trkpt lat="42.128022" lon="2.670254"></trkpt>
    <trkpt lat="42.128100" lon="2.670288"></trkpt>
    <trkpt lat="42.128184" lon="2.670315"></trkpt>
    <trkpt lat="42.128236" lon="2.670315"></trkpt>
    <trkpt lat="42.128352" lon="2.670258"></trkpt>
    <trkpt lat="42.128418" lon="2.670223"></trkpt>
    <trkpt lat="42.128470" lon="2.670215"></trkpt>
    <trkpt lat="42.128535" lon="2.670221"></trkpt>
    <trkpt lat="42.128690" lon="2.670273"></trkpt>
    <trkpt lat="42.128740" lon="2.670282"></trkpt>
    <trkpt lat="42.128803" lon="2.670263"></trkpt>
    <trkpt lat="42.128850" lon="2.670238"></trkpt>
    <trkpt lat="42.128906" lon="2.670176"></trkpt>
    <trkpt lat="42.128947" lon="2.670086"></trkpt>
    <trkpt lat="42.128997" lon="2.669946"></trkpt>
    <trkpt lat="42.129035" lon="2.669850"></trkpt>
    <trkpt lat="42.129089" lon="2.669727"></trkpt>
    <trkpt lat="42.129169" lon="2.669588"></trkpt>
    <trkpt lat="42.129239" lon="2.669452"></trkpt>
    <trkpt lat="42.129266" lon="2.669385"></trkpt>
    <trkpt lat="42.129272" lon="2.669304"></trkpt>
    <trkpt lat="42.129260" lon="2.669227"></trkpt>
    <trkpt lat="42.129233" lon="2.669164"></trkpt>
    <trkpt lat="42.129160" lon="2.669083"></trkpt>
    <trkpt lat="42.129102" lon="2.669041"></trkpt>
    <trkpt lat="42.129022" lon="2.669007"></trkpt>
    <trkpt lat="42.128965" lon="2.669000"></trkpt>
    <trkpt lat="42.128879" lon="2.669008"></trkpt>
    <trkpt lat="42.128736" lon="2.669043"></trkpt>
    <trkpt lat="42.128655" lon="2.669047"></trkpt>
    <trkpt lat="42.128576" lon="2.669025"></trkpt>
    <trkpt lat="42.128527" lon="2.668989"></trkpt>
    <trkpt lat="42.128494" lon="2.668943"></trkpt>
    <trkpt lat="42.128469" lon="2.668881"></trkpt>
    <trkpt lat="42.128457" lon="2.668822"></trkpt>
    <trkpt lat="42.128460" lon="2.668749"></trkpt>
    <trkpt lat="42.128469" lon="2.668693"></trkpt>
    <trkpt lat="42.128579" lon="2.668473"></trkpt>
    <trkpt lat="42.128603" lon="2.668395"></trkpt>
    <trkpt lat="42.128607" lon="2.668329"></trkpt>
    <trkpt lat="42.128599" lon="2.667999"></trkpt>
    <trkpt lat="42.128599" lon="2.667855"></trkpt>
    <trkpt lat="42.128619" lon="2.667765"></trkpt>
    <trkpt lat="42.128646" lon="2.667717"></trkpt>
    <trkpt lat="42.128699" lon="2.667657"></trkpt>
    <trkpt lat="42.128793" lon="2.667596"></trkpt>
    <trkpt lat="42.128907" lon="2.667544"></trkpt>
    <trkpt lat="42.128988" lon="2.667534"></trkpt>
    <trkpt lat="42.129064" lon="2.667552"></trkpt>
    <trkpt lat="42.129136" lon="2.667590"></trkpt>
    <trkpt lat="42.129178" lon="2.667631"></trkpt>
    <trkpt lat="42.129249" lon="2.667717"></trkpt>
    <trkpt lat="42.129309" lon="2.667832"></trkpt>
    <trkpt lat="42.129367" lon="2.667946"></trkpt>
    <trkpt lat="42.129424" lon="2.668011"></trkpt>
    <trkpt lat="42.129490" lon="2.668051"></trkpt>
    <trkpt lat="42.129580" lon="2.668090"></trkpt>
    <trkpt lat="42.129630" lon="2.668103"></trkpt>
    <trkpt lat="42.129702" lon="2.668086"></trkpt>
    <trkpt lat="42.129746" lon="2.668059"></trkpt>
    <trkpt lat="42.129792" lon="2.667984"></trkpt>
    <trkpt lat="42.129809" lon="2.667922"></trkpt>
    <trkpt lat="42.129816" lon="2.667792"></trkpt>
    <trkpt lat="42.129812" lon="2.667588"></trkpt>
    <trkpt lat="42.129836" lon="2.667490"></trkpt>
    <trkpt lat="42.129869" lon="2.667418"></trkpt>
    <trkpt lat="42.129925" lon="2.667356"></trkpt>
    <trkpt lat="42.129987" lon="2.667325"></trkpt>
    <trkpt lat="42.130068" lon="2.667334"></trkpt>
    <trkpt lat="42.130116" lon="2.667359"></trkpt>
    <trkpt lat="42.130299" lon="2.667494"></trkpt>
    <trkpt lat="42.130361" lon="2.667529"></trkpt>
    <trkpt lat="42.130426" lon="2.667529"></trkpt>
    <trkpt lat="42.130470" lon="2.667505"></trkpt>
    <trkpt lat="42.130503" lon="2.667461"></trkpt>
    <trkpt lat="42.130532" lon="2.667369"></trkpt>
    <trkpt lat="42.130539" lon="2.667300"></trkpt>
    <trkpt lat="42.130534" lon="2.667247"></trkpt>
    <trkpt lat="42.130511" lon="2.667012"></trkpt>
    <trkpt lat="42.130515" lon="2.666908"></trkpt>
    <trkpt lat="42.130536" lon="2.666806"></trkpt>
    <trkpt lat="42.130590" lon="2.666718"></trkpt>
    <trkpt lat="42.130646" lon="2.666662"></trkpt>
    <trkpt lat="42.130721" lon="2.666620"></trkpt>
    <trkpt lat="42.130832" lon="2.666595"></trkpt>
    <trkpt lat="42.131019" lon="2.666572"></trkpt>
    <trkpt lat="42.131123" lon="2.666539"></trkpt>
    <trkpt lat="42.131210" lon="2.666479"></trkpt>
    <trkpt lat="42.131429" lon="2.666287"></trkpt>
    <trkpt lat="42.131541" lon="2.666160"></trkpt>
    <trkpt lat="42.131604" lon="2.666068"></trkpt>
    <trkpt lat="42.131635" lon="2.665985"></trkpt>
    <trkpt lat="42.131653" lon="2.665913"></trkpt>
    <trkpt lat="42.131821" lon="2.664913"></trkpt>
    <trkpt lat="42.131855" lon="2.664721"></trkpt>
    <trkpt lat="42.131864" lon="2.664667"></trkpt>
    <trkpt lat="42.131904" lon="2.664522"></trkpt>
    <trkpt lat="42.131945" lon="2.664396"></trkpt>
    <trkpt lat="42.132025" lon="2.664233"></trkpt>
    <trkpt lat="42.132111" lon="2.664056"></trkpt>
    <trkpt lat="42.132178" lon="2.663942"></trkpt>
    <trkpt lat="42.132276" lon="2.663806"></trkpt>
    <trkpt lat="42.132425" lon="2.663618"></trkpt>
    <trkpt lat="42.132729" lon="2.663314"></trkpt>
    <trkpt lat="42.132937" lon="2.663082"></trkpt>
    <trkpt lat="42.132988" lon="2.663015"></trkpt>
    <trkpt lat="42.133037" lon="2.662922"></trkpt>
    <trkpt lat="42.133143" lon="2.662628"></trkpt>
    <trkpt lat="42.133230" lon="2.662351"></trkpt>
    <trkpt lat="42.133265" lon="2.662219"></trkpt>
    <trkpt lat="42.133281" lon="2.662156"></trkpt>
    <trkpt lat="42.133286" lon="2.662090"></trkpt>
    <trkpt lat="42.133286" lon="2.661998"></trkpt>
    <trkpt lat="42.133275" lon="2.661937"></trkpt>
    <trkpt lat="42.133242" lon="2.661830"></trkpt>
    <trkpt lat="42.133148" lon="2.661513"></trkpt>
    <trkpt lat="42.133124" lon="2.661433"></trkpt>
    <trkpt lat="42.133105" lon="2.661329"></trkpt>
    <trkpt lat="42.133101" lon="2.661230"></trkpt>
    <trkpt lat="42.133124" lon="2.661128"></trkpt>
    <trkpt lat="42.133164" lon="2.661018"></trkpt>
    <trkpt lat="42.133273" lon="2.660818"></trkpt>
    <trkpt lat="42.133308" lon="2.660736"></trkpt>
    <trkpt lat="42.133323" lon="2.660667"></trkpt>
    <trkpt lat="42.133402" lon="2.660259"></trkpt>
    <trkpt lat="42.133456" lon="2.660011"></trkpt>
    <trkpt lat="42.133493" lon="2.659863"></trkpt>
    <trkpt lat="42.133529" lon="2.659760"></trkpt>
    <trkpt lat="42.133737" lon="2.659465"></trkpt>
    <trkpt lat="42.134012" lon="2.659062"></trkpt>
    <trkpt lat="42.134101" lon="2.658906"></trkpt>
    <trkpt lat="42.134151" lon="2.658813"></trkpt>
    <trkpt lat="42.134191" lon="2.658689"></trkpt>
    <trkpt lat="42.134214" lon="2.658530"></trkpt>
    <trkpt lat="42.134248" lon="2.658040"></trkpt>
    <trkpt lat="42.134265" lon="2.657732"></trkpt>
    <trkpt lat="42.134282" lon="2.657587"></trkpt>
    <trkpt lat="42.134324" lon="2.657465"></trkpt>
    <trkpt lat="42.134370" lon="2.657384"></trkpt>
    <trkpt lat="42.134498" lon="2.657202"></trkpt>
    <trkpt lat="42.134572" lon="2.657079"></trkpt>
    <trkpt lat="42.134620" lon="2.656953"></trkpt>
    <trkpt lat="42.134659" lon="2.656812"></trkpt>
    <trkpt lat="42.134682" lon="2.656689"></trkpt>
    <trkpt lat="42.134737" lon="2.656514"></trkpt>
    <trkpt lat="42.135015" lon="2.655907"></trkpt>
    <trkpt lat="42.135081" lon="2.655741"></trkpt>
    <trkpt lat="42.135127" lon="2.655559"></trkpt>
    <trkpt lat="42.135231" lon="2.655086"></trkpt>
    <trkpt lat="42.135309" lon="2.654690"></trkpt>
    <trkpt lat="42.135326" lon="2.654540"></trkpt>
    <trkpt lat="42.135349" lon="2.654306"></trkpt>
    <trkpt lat="42.135364" lon="2.654074"></trkpt>
    <trkpt lat="42.135376" lon="2.653814"></trkpt>
    <trkpt lat="42.135375" lon="2.653662"></trkpt>
    <trkpt lat="42.135358" lon="2.653498"></trkpt>
    <trkpt lat="42.135335" lon="2.653353"></trkpt>
    <trkpt lat="42.134969" lon="2.652256"></trkpt>
    <trkpt lat="42.134899" lon="2.652038"></trkpt>
    <trkpt lat="42.134869" lon="2.651890"></trkpt>
    <trkpt lat="42.134808" lon="2.651418"></trkpt>
    <trkpt lat="42.134773" lon="2.651227"></trkpt>
    <trkpt lat="42.134476" lon="2.649944"></trkpt>
    <trkpt lat="42.134265" lon="2.649058"></trkpt>
    <trkpt lat="42.134204" lon="2.648831"></trkpt>
    <trkpt lat="42.134159" lon="2.648664"></trkpt>
    <trkpt lat="42.134131" lon="2.648583"></trkpt>
    <trkpt lat="42.134061" lon="2.648439"></trkpt>
    <trkpt lat="42.133719" lon="2.647951"></trkpt>
    <trkpt lat="42.133639" lon="2.647851"></trkpt>
    <trkpt lat="42.133571" lon="2.647774"></trkpt>
    <trkpt lat="42.133525" lon="2.647748"></trkpt>
    <trkpt lat="42.133458" lon="2.647726"></trkpt>
    <trkpt lat="42.133400" lon="2.647715"></trkpt>
    <trkpt lat="42.133343" lon="2.647726"></trkpt>
    <trkpt lat="42.133219" lon="2.647758"></trkpt>
    <trkpt lat="42.133132" lon="2.647763"></trkpt>
    <trkpt lat="42.133072" lon="2.647751"></trkpt>
    <trkpt lat="42.133025" lon="2.647732"></trkpt>
    <trkpt lat="42.132787" lon="2.647557"></trkpt>
    <trkpt lat="42.132713" lon="2.647525"></trkpt>
    <trkpt lat="42.132633" lon="2.647513"></trkpt>
    <trkpt lat="42.132558" lon="2.647528"></trkpt>
    <trkpt lat="42.132502" lon="2.647569"></trkpt>
    <trkpt lat="42.132417" lon="2.647657"></trkpt>
    <trkpt lat="42.132353" lon="2.647752"></trkpt>
    <trkpt lat="42.132275" lon="2.647834"></trkpt>
    <trkpt lat="42.132210" lon="2.647874"></trkpt>
    <trkpt lat="42.132133" lon="2.647886"></trkpt>
    <trkpt lat="42.132086" lon="2.647881"></trkpt>
    <trkpt lat="42.132026" lon="2.647853"></trkpt>
    <trkpt lat="42.131754" lon="2.647685"></trkpt>
    <trkpt lat="42.131606" lon="2.647601"></trkpt>
    <trkpt lat="42.131516" lon="2.647532"></trkpt>
    <trkpt lat="42.131420" lon="2.647446"></trkpt>
    <trkpt lat="42.131338" lon="2.647354"></trkpt>
    <trkpt lat="42.130769" lon="2.646686"></trkpt>
    <trkpt lat="42.129817" lon="2.645568"></trkpt>
    <trkpt lat="42.128932" lon="2.644530"></trkpt>
    <trkpt lat="42.127870" lon="2.643277"></trkpt>
    <trkpt lat="42.127777" lon="2.643168"></trkpt>
    <trkpt lat="42.127702" lon="2.643079"></trkpt>
    <trkpt lat="42.126777" lon="2.642002"></trkpt>
    <trkpt lat="42.126678" lon="2.641841"></trkpt>
    <trkpt lat="42.126629" lon="2.641692"></trkpt>
    <trkpt lat="42.126630" lon="2.641512"></trkpt>
    <trkpt lat="42.126667" lon="2.641334"></trkpt>
    <trkpt lat="42.126736" lon="2.641141"></trkpt>
    <trkpt lat="42.126931" lon="2.640581"></trkpt>
    <trkpt lat="42.126953" lon="2.640517"></trkpt>
    <trkpt lat="42.127014" lon="2.640339"></trkpt>
    <trkpt lat="42.127030" lon="2.640294"></trkpt>
    <trkpt lat="42.127039" lon="2.640266"></trkpt>
    <trkpt lat="42.127213" lon="2.639820"></trkpt>
    <trkpt lat="42.127408" lon="2.639474"></trkpt>
    <trkpt lat="42.127488" lon="2.639275"></trkpt>
    <trkpt lat="42.127532" lon="2.639159"></trkpt>
    <trkpt lat="42.127574" lon="2.639068"></trkpt>
    <trkpt lat="42.127650" lon="2.638949"></trkpt>
    <trkpt lat="42.127744" lon="2.638820"></trkpt>
    <trkpt lat="42.127935" lon="2.638564"></trkpt>
    <trkpt lat="42.128263" lon="2.638140"></trkpt>
    <trkpt lat="42.128369" lon="2.638004"></trkpt>
    <trkpt lat="42.128703" lon="2.637575"></trkpt>
    <trkpt lat="42.129264" lon="2.636855"></trkpt>
    <trkpt lat="42.129577" lon="2.636453"></trkpt>
    <trkpt lat="42.129624" lon="2.636393"></trkpt>
    <trkpt lat="42.130523" lon="2.635238"></trkpt>
    <trkpt lat="42.130877" lon="2.634867"></trkpt>
    <trkpt lat="42.130946" lon="2.634830"></trkpt>
    <trkpt lat="42.131278" lon="2.634652"></trkpt>
    <trkpt lat="42.132649" lon="2.634035"></trkpt>
    <trkpt lat="42.133736" lon="2.633545"></trkpt>
    <trkpt lat="42.134570" lon="2.633169"></trkpt>
    <trkpt lat="42.135006" lon="2.632973"></trkpt>
    <trkpt lat="42.135179" lon="2.632808"></trkpt>
    <trkpt lat="42.135292" lon="2.632569"></trkpt>
    <trkpt lat="42.135467" lon="2.632338"></trkpt>
    <trkpt lat="42.135726" lon="2.632014"></trkpt>
    <trkpt lat="42.136305" lon="2.631291"></trkpt>
    <trkpt lat="42.136428" lon="2.631040"></trkpt>
    <trkpt lat="42.136535" lon="2.630644"></trkpt>
    <trkpt lat="42.136782" lon="2.629739"></trkpt>
    <trkpt lat="42.136890" lon="2.629508"></trkpt>
    <trkpt lat="42.136952" lon="2.629446"></trkpt>
    <trkpt lat="42.137087" lon="2.629394"></trkpt>
    <trkpt lat="42.137272" lon="2.629431"></trkpt>
    <trkpt lat="42.137509" lon="2.629503"></trkpt>
    <trkpt lat="42.137653" lon="2.629516"></trkpt>
    <trkpt lat="42.137750" lon="2.629489"></trkpt>
    <trkpt lat="42.137840" lon="2.629424"></trkpt>
    <trkpt lat="42.137922" lon="2.629333"></trkpt>
    <trkpt lat="42.137964" lon="2.629246"></trkpt>
    <trkpt lat="42.138011" lon="2.629099"></trkpt>
    <trkpt lat="42.138011" lon="2.628898"></trkpt>
    <trkpt lat="42.137996" lon="2.628760"></trkpt>
    <trkpt lat="42.137497" lon="2.627746"></trkpt>
    <trkpt lat="42.137396" lon="2.627452"></trkpt>
    <trkpt lat="42.137411" lon="2.627249"></trkpt>
    <trkpt lat="42.137550" lon="2.626773"></trkpt>
    <trkpt lat="42.137605" lon="2.626446"></trkpt>
    <trkpt lat="42.137584" lon="2.626154"></trkpt>
    <trkpt lat="42.137332" lon="2.624848"></trkpt>
    <trkpt lat="42.137222" lon="2.623770"></trkpt>
    <trkpt lat="42.137250" lon="2.623382"></trkpt>
    <trkpt lat="42.137356" lon="2.623030"></trkpt>
    <trkpt lat="42.137700" lon="2.622251"></trkpt>
    <trkpt lat="42.137837" lon="2.622017"></trkpt>
    <trkpt lat="42.137985" lon="2.621928"></trkpt>
    <trkpt lat="42.138157" lon="2.621978"></trkpt>
    <trkpt lat="42.138258" lon="2.622157"></trkpt>
    <trkpt lat="42.138319" lon="2.622364"></trkpt>
    <trkpt lat="42.138381" lon="2.622515"></trkpt>
    <trkpt lat="42.138492" lon="2.622602"></trkpt>
    <trkpt lat="42.138672" lon="2.622625"></trkpt>
    <trkpt lat="42.139864" lon="2.621949"></trkpt>
    <trkpt lat="42.140120" lon="2.621846"></trkpt>
    <trkpt lat="42.140253" lon="2.621891"></trkpt>
    <trkpt lat="42.140355" lon="2.621949"></trkpt>
    <trkpt lat="42.140429" lon="2.622188"></trkpt>
    <trkpt lat="42.140487" lon="2.622410"></trkpt>
    <trkpt lat="42.140586" lon="2.622533"></trkpt>
    <trkpt lat="42.140734" lon="2.622625"></trkpt>
    <trkpt lat="42.140870" lon="2.622610"></trkpt>
    <trkpt lat="42.140997" lon="2.622568"></trkpt>
    <trkpt lat="42.141202" lon="2.622336"></trkpt>
    <trkpt lat="42.141357" lon="2.621921"></trkpt>
    <trkpt lat="42.141458" lon="2.621750"></trkpt>
    <trkpt lat="42.141633" lon="2.621620"></trkpt>
    <trkpt lat="42.141823" lon="2.621661"></trkpt>
    <trkpt lat="42.142092" lon="2.621913"></trkpt>
    <trkpt lat="42.142311" lon="2.622081"></trkpt>
    <trkpt lat="42.142446" lon="2.622059"></trkpt>
    <trkpt lat="42.142541" lon="2.622008"></trkpt>
    <trkpt lat="42.142631" lon="2.621880"></trkpt>
    <trkpt lat="42.142722" lon="2.621626"></trkpt>
    <trkpt lat="42.142838" lon="2.621193"></trkpt>
    <trkpt lat="42.143001" lon="2.620450"></trkpt>
    <trkpt lat="42.143347" lon="2.619753"></trkpt>
    <trkpt lat="42.143552" lon="2.619319"></trkpt>
    <trkpt lat="42.143734" lon="2.619084"></trkpt>
    <trkpt lat="42.143999" lon="2.618967"></trkpt>
    <trkpt lat="42.144446" lon="2.618872"></trkpt>
    <trkpt lat="42.144714" lon="2.618730"></trkpt>
    <trkpt lat="42.145156" lon="2.618162"></trkpt>
    <trkpt lat="42.145425" lon="2.617762"></trkpt>
    <trkpt lat="42.145540" lon="2.617534"></trkpt>
    <trkpt lat="42.145532" lon="2.617218"></trkpt>
    <trkpt lat="42.145461" lon="2.616768"></trkpt>
    <trkpt lat="42.145301" lon="2.616431"></trkpt>
    <trkpt lat="42.145084" lon="2.616109"></trkpt>
    <trkpt lat="42.144872" lon="2.615852"></trkpt>
    <trkpt lat="42.144777" lon="2.615525"></trkpt>
    <trkpt lat="42.144719" lon="2.615231"></trkpt>
    <trkpt lat="42.144527" lon="2.614995"></trkpt>
    <trkpt lat="42.144450" lon="2.614834"></trkpt>
    <trkpt lat="42.144429" lon="2.614603"></trkpt>
    <trkpt lat="42.144652" lon="2.614188"></trkpt>
    <trkpt lat="42.145132" lon="2.613341"></trkpt>
    <trkpt lat="42.145407" lon="2.612299"></trkpt>
    <trkpt lat="42.145380" lon="2.611744"></trkpt>
    <trkpt lat="42.145125" lon="2.610766"></trkpt>
    <trkpt lat="42.145091" lon="2.610466"></trkpt>
    <trkpt lat="42.145110" lon="2.610293"></trkpt>
    <trkpt lat="42.145169" lon="2.610150"></trkpt>
    <trkpt lat="42.145405" lon="2.609621"></trkpt>
    <trkpt lat="42.145461" lon="2.609369"></trkpt>
    <trkpt lat="42.145412" lon="2.609062"></trkpt>
    <trkpt lat="42.145438" lon="2.608853"></trkpt>
    <trkpt lat="42.145564" lon="2.608738"></trkpt>
    <trkpt lat="42.145849" lon="2.608575"></trkpt>
    <trkpt lat="42.146011" lon="2.608591"></trkpt>
    <trkpt lat="42.146141" lon="2.608720"></trkpt>
    <trkpt lat="42.146225" lon="2.608876"></trkpt>
    <trkpt lat="42.146312" lon="2.609228"></trkpt>
    <trkpt lat="42.146512" lon="2.610104"></trkpt>
    <trkpt lat="42.146715" lon="2.610313"></trkpt>
    <trkpt lat="42.146923" lon="2.610487"></trkpt>
    <trkpt lat="42.147066" lon="2.610527"></trkpt>
    <trkpt lat="42.147406" lon="2.610595"></trkpt>
    <trkpt lat="42.148127" lon="2.610710"></trkpt>
    <trkpt lat="42.148562" lon="2.610653"></trkpt>
    <trkpt lat="42.148738" lon="2.610693"></trkpt>
    <trkpt lat="42.149832" lon="2.611225"></trkpt>
    <trkpt lat="42.150950" lon="2.611678"></trkpt>
    <trkpt lat="42.151053" lon="2.611742"></trkpt>
    <trkpt lat="42.151328" lon="2.611946"></trkpt>
    <trkpt lat="42.151467" lon="2.612088"></trkpt>
    <trkpt lat="42.151796" lon="2.612482"></trkpt>
    <trkpt lat="42.151865" lon="2.612602"></trkpt>
    <trkpt lat="42.151913" lon="2.612777"></trkpt>
    <trkpt lat="42.151979" lon="2.612914"></trkpt>
    <trkpt lat="42.152166" lon="2.613195"></trkpt>
    <trkpt lat="42.152434" lon="2.613443"></trkpt>
    <trkpt lat="42.152631" lon="2.613559"></trkpt>
    <trkpt lat="42.152782" lon="2.613635"></trkpt>
    <trkpt lat="42.153020" lon="2.613680"></trkpt>
    <trkpt lat="42.153183" lon="2.613682"></trkpt>
    <trkpt lat="42.153303" lon="2.613673"></trkpt>
    <trkpt lat="42.153415" lon="2.613640"></trkpt>
    <trkpt lat="42.153561" lon="2.613572"></trkpt>
    <trkpt lat="42.153645" lon="2.613494"></trkpt>
    <trkpt lat="42.153717" lon="2.613397"></trkpt>
    <trkpt lat="42.153764" lon="2.613232"></trkpt>
    <trkpt lat="42.153775" lon="2.613170"></trkpt>
    <trkpt lat="42.153880" lon="2.612672"></trkpt>
    <trkpt lat="42.153972" lon="2.612206"></trkpt>
    <trkpt lat="42.153996" lon="2.611995"></trkpt>
    <trkpt lat="42.153983" lon="2.611811"></trkpt>
    <trkpt lat="42.153879" lon="2.611184"></trkpt>
    <trkpt lat="42.153767" lon="2.610489"></trkpt>
    <trkpt lat="42.153732" lon="2.610132"></trkpt>
    <trkpt lat="42.153674" lon="2.609452"></trkpt>
    <trkpt lat="42.153622" lon="2.608728"></trkpt>
    <trkpt lat="42.153583" lon="2.608387"></trkpt>
    <trkpt lat="42.153543" lon="2.608224"></trkpt>
    <trkpt lat="42.153389" lon="2.607685"></trkpt>
    <trkpt lat="42.153346" lon="2.607518"></trkpt>
    <trkpt lat="42.153322" lon="2.607357"></trkpt>
    <trkpt lat="42.153332" lon="2.606926"></trkpt>
    <trkpt lat="42.153324" lon="2.606736"></trkpt>
    <trkpt lat="42.153297" lon="2.606594"></trkpt>
    <trkpt lat="42.153217" lon="2.606305"></trkpt>
    <trkpt lat="42.152844" lon="2.604982"></trkpt>
    <trkpt lat="42.152777" lon="2.604756"></trkpt>
    <trkpt lat="42.152746" lon="2.604605"></trkpt>
    <trkpt lat="42.152729" lon="2.604446"></trkpt>
    <trkpt lat="42.152710" lon="2.604298"></trkpt>
    <trkpt lat="42.152684" lon="2.604174"></trkpt>
    <trkpt lat="42.152627" lon="2.604058"></trkpt>
    <trkpt lat="42.152556" lon="2.603913"></trkpt>
    <trkpt lat="42.152489" lon="2.603758"></trkpt>
    <trkpt lat="42.152370" lon="2.603419"></trkpt>
    <trkpt lat="42.152310" lon="2.603217"></trkpt>
    <trkpt lat="42.152272" lon="2.603043"></trkpt>
    <trkpt lat="42.152243" lon="2.602851"></trkpt>
    <trkpt lat="42.152225" lon="2.602698"></trkpt>
    <trkpt lat="42.152206" lon="2.602487"></trkpt>
    <trkpt lat="42.152196" lon="2.602208"></trkpt>
    <trkpt lat="42.152192" lon="2.601984"></trkpt>
    <trkpt lat="42.152202" lon="2.601833"></trkpt>
    <trkpt lat="42.152226" lon="2.601648"></trkpt>
    <trkpt lat="42.152233" lon="2.601531"></trkpt>
    <trkpt lat="42.152230" lon="2.601420"></trkpt>
    <trkpt lat="42.152215" lon="2.601296"></trkpt>
    <trkpt lat="42.152189" lon="2.601182"></trkpt>
    <trkpt lat="42.152125" lon="2.601005"></trkpt>
    <trkpt lat="42.152043" lon="2.600821"></trkpt>
    <trkpt lat="42.151998" lon="2.600691"></trkpt>
    <trkpt lat="42.151974" lon="2.600584"></trkpt>
    <trkpt lat="42.151952" lon="2.600439"></trkpt>
    <trkpt lat="42.151932" lon="2.600239"></trkpt>
    <trkpt lat="42.151910" lon="2.600152"></trkpt>
    <trkpt lat="42.151853" lon="2.599999"></trkpt>
    <trkpt lat="42.151768" lon="2.599826"></trkpt>
    <trkpt lat="42.151678" lon="2.599686"></trkpt>
    <trkpt lat="42.151604" lon="2.599532"></trkpt>
    <trkpt lat="42.151584" lon="2.599434"></trkpt>
    <trkpt lat="42.151581" lon="2.599313"></trkpt>
    <trkpt lat="42.151589" lon="2.599110"></trkpt>
    <trkpt lat="42.151597" lon="2.598888"></trkpt>
    <trkpt lat="42.151592" lon="2.598709"></trkpt>
    <trkpt lat="42.151571" lon="2.598521"></trkpt>
    <trkpt lat="42.151539" lon="2.598377"></trkpt>
    <trkpt lat="42.151492" lon="2.598259"></trkpt>
    <trkpt lat="42.151441" lon="2.598192"></trkpt>
    <trkpt lat="42.151350" lon="2.598120"></trkpt>
    <trkpt lat="42.151120" lon="2.597935"></trkpt>
    <trkpt lat="42.151063" lon="2.597869"></trkpt>
    <trkpt lat="42.150981" lon="2.597742"></trkpt>
    <trkpt lat="42.150892" lon="2.597566"></trkpt>
    <trkpt lat="42.150791" lon="2.597402"></trkpt>
    <trkpt lat="42.150717" lon="2.597310"></trkpt>
    <trkpt lat="42.150619" lon="2.597207"></trkpt>
    <trkpt lat="42.150572" lon="2.597121"></trkpt>
    <trkpt lat="42.150523" lon="2.597009"></trkpt>
    <trkpt lat="42.150497" lon="2.596874"></trkpt>
    <trkpt lat="42.150490" lon="2.596774"></trkpt>
    <trkpt lat="42.150511" lon="2.596560"></trkpt>
    <trkpt lat="42.150522" lon="2.596392"></trkpt>
    <trkpt lat="42.150526" lon="2.596233"></trkpt>
    <trkpt lat="42.150501" lon="2.595918"></trkpt>
    <trkpt lat="42.150479" lon="2.595719"></trkpt>
    <trkpt lat="42.150451" lon="2.595517"></trkpt>
    <trkpt lat="42.150422" lon="2.595431"></trkpt>
    <trkpt lat="42.150374" lon="2.595342"></trkpt>
    <trkpt lat="42.150244" lon="2.595122"></trkpt>
    <trkpt lat="42.150175" lon="2.594988"></trkpt>
    <trkpt lat="42.150118" lon="2.594825"></trkpt>
    <trkpt lat="42.150090" lon="2.594695"></trkpt>
    <trkpt lat="42.150072" lon="2.594500"></trkpt>
    <trkpt lat="42.150091" lon="2.594316"></trkpt>
    <trkpt lat="42.150115" lon="2.594117"></trkpt>
    <trkpt lat="42.150144" lon="2.593952"></trkpt>
    <trkpt lat="42.150156" lon="2.593867"></trkpt>
    <trkpt lat="42.150163" lon="2.593782"></trkpt>
    <trkpt lat="42.150144" lon="2.593483"></trkpt>
    <trkpt lat="42.150076" lon="2.592561"></trkpt>
    <trkpt lat="42.149878" lon="2.590440"></trkpt>
    <trkpt lat="42.149682" lon="2.588386"></trkpt>
    <trkpt lat="42.149654" lon="2.588084"></trkpt>
    <trkpt lat="42.149368" lon="2.585084"></trkpt>
    <trkpt lat="42.149275" lon="2.584132"></trkpt>
    <trkpt lat="42.149241" lon="2.583992"></trkpt>
    <trkpt lat="42.149179" lon="2.583837"></trkpt>
    <trkpt lat="42.149114" lon="2.583705"></trkpt>
    <trkpt lat="42.148829" lon="2.583196"></trkpt>
    <trkpt lat="42.148726" lon="2.583040"></trkpt>
    <trkpt lat="42.148280" lon="2.582560"></trkpt>
    <trkpt lat="42.148159" lon="2.582367"></trkpt>
    <trkpt lat="42.148062" lon="2.582141"></trkpt>
    <trkpt lat="42.148010" lon="2.581954"></trkpt>
    <trkpt lat="42.147984" lon="2.581773"></trkpt>
    <trkpt lat="42.147896" lon="2.581010"></trkpt>
    <trkpt lat="42.147801" lon="2.580191"></trkpt>
    <trkpt lat="42.147769" lon="2.579894"></trkpt>
    <trkpt lat="42.147767" lon="2.579709"></trkpt>
    <trkpt lat="42.147783" lon="2.579516"></trkpt>
    <trkpt lat="42.147827" lon="2.579344"></trkpt>
    <trkpt lat="42.147887" lon="2.579196"></trkpt>
    <trkpt lat="42.147964" lon="2.579076"></trkpt>
    <trkpt lat="42.148087" lon="2.578892"></trkpt>
    <trkpt lat="42.148199" lon="2.578751"></trkpt>
    <trkpt lat="42.148322" lon="2.578574"></trkpt>
    <trkpt lat="42.148384" lon="2.578460"></trkpt>
    <trkpt lat="42.148396" lon="2.578437"></trkpt>
    <trkpt lat="42.148453" lon="2.578274"></trkpt>
    <trkpt lat="42.148481" lon="2.578174"></trkpt>
    <trkpt lat="42.148505" lon="2.578013"></trkpt>
    <trkpt lat="42.148489" lon="2.577767"></trkpt>
    <trkpt lat="42.148432" lon="2.577482"></trkpt>
    <trkpt lat="42.148123" lon="2.576252"></trkpt>
    <trkpt lat="42.147879" lon="2.575282"></trkpt>
    <trkpt lat="42.147574" lon="2.574069"></trkpt>
    <trkpt lat="42.147343" lon="2.573119"></trkpt>
    <trkpt lat="42.147166" lon="2.572433"></trkpt>
    <trkpt lat="42.146959" lon="2.571618"></trkpt>
    <trkpt lat="42.146937" lon="2.571543"></trkpt>
    <trkpt lat="42.146247" lon="2.571612"></trkpt>
    <trkpt lat="42.145702" lon="2.571602"></trkpt>
    <trkpt lat="42.145616" lon="2.571421"></trkpt>
    <trkpt lat="42.145594" lon="2.571313"></trkpt>
    <trkpt lat="42.145617" lon="2.571104"></trkpt>
    <trkpt lat="42.145643" lon="2.570862"></trkpt>
    <trkpt lat="42.145650" lon="2.570783"></trkpt>
    <trkpt lat="42.145652" lon="2.570708"></trkpt>
    <trkpt lat="42.145637" lon="2.570634"></trkpt>
    <trkpt lat="42.145611" lon="2.570501"></trkpt>
    <trkpt lat="42.145611" lon="2.570467"></trkpt>
    <trkpt lat="42.145695" lon="2.570260"></trkpt>
    <trkpt lat="42.145727" lon="2.570214"></trkpt>
    <trkpt lat="42.145691" lon="2.570187"></trkpt>
    <trkpt lat="42.145561" lon="2.570093"></trkpt>
    <trkpt lat="42.145437" lon="2.569998"></trkpt>
    <trkpt lat="42.145130" lon="2.569753"></trkpt>
    <trkpt lat="42.145054" lon="2.569693"></trkpt>
    <trkpt lat="42.145000" lon="2.569625"></trkpt>
    <trkpt lat="42.144877" lon="2.569580"></trkpt>
    <trkpt lat="42.144783" lon="2.569583"></trkpt>
    <trkpt lat="42.144753" lon="2.569552"></trkpt>
    <trkpt lat="42.144644" lon="2.569337"></trkpt>
    <trkpt lat="42.144592" lon="2.569246"></trkpt>
    <trkpt lat="42.144551" lon="2.569194"></trkpt>
    <trkpt lat="42.144500" lon="2.569157"></trkpt>
    <trkpt lat="42.144469" lon="2.569109"></trkpt>
    <trkpt lat="42.144422" lon="2.569037"></trkpt>
    <trkpt lat="42.144412" lon="2.568950"></trkpt>
    <trkpt lat="42.144401" lon="2.568870"></trkpt>
    <trkpt lat="42.144375" lon="2.568754"></trkpt>
    <trkpt lat="42.144365" lon="2.568713"></trkpt>
    <trkpt lat="42.144323" lon="2.568632"></trkpt>
    <trkpt lat="42.144329" lon="2.568623"></trkpt>
    <trkpt lat="42.144325" lon="2.568593"></trkpt>
    <trkpt lat="42.144368" lon="2.568519"></trkpt>
    <trkpt lat="42.144377" lon="2.568454"></trkpt>
    <trkpt lat="42.144392" lon="2.568383"></trkpt>
    <trkpt lat="42.144399" lon="2.568315"></trkpt>
    <trkpt lat="42.144402" lon="2.568254"></trkpt>
    <trkpt lat="42.144410" lon="2.568165"></trkpt>
    <trkpt lat="42.144424" lon="2.568112"></trkpt>
    <trkpt lat="42.144443" lon="2.568062"></trkpt>
    <trkpt lat="42.144474" lon="2.568017"></trkpt>
    <trkpt lat="42.144512" lon="2.567958"></trkpt>
    <trkpt lat="42.144541" lon="2.567901"></trkpt>
    <trkpt lat="42.144567" lon="2.567857"></trkpt>
    <trkpt lat="42.144606" lon="2.567754"></trkpt>
    <trkpt lat="42.144648" lon="2.567650"></trkpt>
    <trkpt lat="42.144716" lon="2.567485"></trkpt>
    <trkpt lat="42.144784" lon="2.567274"></trkpt>
    <trkpt lat="42.144843" lon="2.567129"></trkpt>
    <trkpt lat="42.144880" lon="2.567054"></trkpt>
    <trkpt lat="42.144902" lon="2.567025"></trkpt>
    <trkpt lat="42.144927" lon="2.567001"></trkpt>
    <trkpt lat="42.144978" lon="2.566973"></trkpt>
    <trkpt lat="42.145063" lon="2.566937"></trkpt>
    <trkpt lat="42.145182" lon="2.566887"></trkpt>
    <trkpt lat="42.145198" lon="2.566878"></trkpt>
    <trkpt lat="42.145227" lon="2.566861"></trkpt>
    <trkpt lat="42.145252" lon="2.566814"></trkpt>
    <trkpt lat="42.145270" lon="2.566757"></trkpt>
    <trkpt lat="42.145313" lon="2.566742"></trkpt>
    <trkpt lat="42.145529" lon="2.566646"></trkpt>
    <trkpt lat="42.145696" lon="2.566579"></trkpt>
    <trkpt lat="42.145672" lon="2.566482"></trkpt>
    <trkpt lat="42.145449" lon="2.565606"></trkpt>
    <trkpt lat="42.145387" lon="2.565364"></trkpt>
    <trkpt lat="42.145267" lon="2.564886"></trkpt>
    <trkpt lat="42.145016" lon="2.563891"></trkpt>
    <trkpt lat="42.144978" lon="2.563626"></trkpt>
    <trkpt lat="42.144984" lon="2.563437"></trkpt>
    <trkpt lat="42.145053" lon="2.563271"></trkpt>
    <trkpt lat="42.145139" lon="2.563155"></trkpt>
    <trkpt lat="42.145242" lon="2.563095"></trkpt>
    <trkpt lat="42.145545" lon="2.563023"></trkpt>
    <trkpt lat="42.145774" lon="2.562894"></trkpt>
    <trkpt lat="42.145916" lon="2.562691"></trkpt>
    <trkpt lat="42.146004" lon="2.562416"></trkpt>
    <trkpt lat="42.146029" lon="2.562095"></trkpt>
    <trkpt lat="42.145995" lon="2.561857"></trkpt>
    <trkpt lat="42.145949" lon="2.561753"></trkpt>
    <trkpt lat="42.145925" lon="2.561699"></trkpt>
    <trkpt lat="42.145890" lon="2.561622"></trkpt>
    <trkpt lat="42.145557" lon="2.561274"></trkpt>
    <trkpt lat="42.145422" lon="2.561077"></trkpt>
    <trkpt lat="42.145344" lon="2.560820"></trkpt>
    <trkpt lat="42.145375" lon="2.560553"></trkpt>
    <trkpt lat="42.145486" lon="2.560326"></trkpt>
    <trkpt lat="42.145640" lon="2.560203"></trkpt>
    <trkpt lat="42.146349" lon="2.559992"></trkpt>
    <trkpt lat="42.146552" lon="2.559813"></trkpt>
    <trkpt lat="42.146672" lon="2.559581"></trkpt>
    <trkpt lat="42.146718" lon="2.559352"></trkpt>
    <trkpt lat="42.146734" lon="2.559146"></trkpt>
    <trkpt lat="42.146737" lon="2.559102"></trkpt>
    <trkpt lat="42.146606" lon="2.557274"></trkpt>
    <trkpt lat="42.146590" lon="2.556760"></trkpt>
    <trkpt lat="42.146632" lon="2.556400"></trkpt>
    <trkpt lat="42.146723" lon="2.556146"></trkpt>
    <trkpt lat="42.146872" lon="2.555869"></trkpt>
    <trkpt lat="42.147482" lon="2.555111"></trkpt>
    <trkpt lat="42.147551" lon="2.554972"></trkpt>
    <trkpt lat="42.147627" lon="2.554819"></trkpt>
    <trkpt lat="42.147714" lon="2.554508"></trkpt>
    <trkpt lat="42.147737" lon="2.554240"></trkpt>
    <trkpt lat="42.147732" lon="2.554150"></trkpt>
    <trkpt lat="42.147722" lon="2.553944"></trkpt>
    <trkpt lat="42.147606" lon="2.552817"></trkpt>
    <trkpt lat="42.147563" lon="2.552395"></trkpt>
    <trkpt lat="42.147568" lon="2.552050"></trkpt>
    <trkpt lat="42.147614" lon="2.551873"></trkpt>
    <trkpt lat="42.147641" lon="2.551769"></trkpt>
    <trkpt lat="42.147835" lon="2.551284"></trkpt>
    <trkpt lat="42.147908" lon="2.550982"></trkpt>
    <trkpt lat="42.148149" lon="2.549400"></trkpt>
    <trkpt lat="42.148146" lon="2.548336"></trkpt>
    <trkpt lat="42.148110" lon="2.547875"></trkpt>
    <trkpt lat="42.148039" lon="2.547547"></trkpt>
    <trkpt lat="42.147736" lon="2.546546"></trkpt>
    <trkpt lat="42.147478" lon="2.545948"></trkpt>
    <trkpt lat="42.147328" lon="2.545545"></trkpt>
    <trkpt lat="42.147306" lon="2.545450"></trkpt>
    <trkpt lat="42.147290" lon="2.545356"></trkpt>
    <trkpt lat="42.147287" lon="2.545265"></trkpt>
    <trkpt lat="42.147290" lon="2.545127"></trkpt>
    <trkpt lat="42.147314" lon="2.544981"></trkpt>
    <trkpt lat="42.147346" lon="2.544869"></trkpt>
    <trkpt lat="42.147403" lon="2.544729"></trkpt>
    <trkpt lat="42.147499" lon="2.544585"></trkpt>
    <trkpt lat="42.147611" lon="2.544476"></trkpt>
    <trkpt lat="42.148144" lon="2.544086"></trkpt>
    <trkpt lat="42.148275" lon="2.543991"></trkpt>
    <trkpt lat="42.148571" lon="2.543783"></trkpt>
    <trkpt lat="42.148805" lon="2.543620"></trkpt>
    <trkpt lat="42.148829" lon="2.543604"></trkpt>
    <trkpt lat="42.148849" lon="2.543589"></trkpt>
    <trkpt lat="42.149159" lon="2.543369"></trkpt>
    <trkpt lat="42.149508" lon="2.543101"></trkpt>
    <trkpt lat="42.149578" lon="2.543033"></trkpt>
    <trkpt lat="42.149655" lon="2.542938"></trkpt>
    <trkpt lat="42.149731" lon="2.542814"></trkpt>
    <trkpt lat="42.149788" lon="2.542701"></trkpt>
    <trkpt lat="42.149814" lon="2.542625"></trkpt>
    <trkpt lat="42.149844" lon="2.542525"></trkpt>
    <trkpt lat="42.149866" lon="2.542404"></trkpt>
    <trkpt lat="42.149879" lon="2.542252"></trkpt>
    <trkpt lat="42.149881" lon="2.542110"></trkpt>
    <trkpt lat="42.149865" lon="2.541931"></trkpt>
    <trkpt lat="42.149842" lon="2.541767"></trkpt>
    <trkpt lat="42.149764" lon="2.541432"></trkpt>
    <trkpt lat="42.149600" lon="2.540750"></trkpt>
    <trkpt lat="42.149520" lon="2.540453"></trkpt>
    <trkpt lat="42.149314" lon="2.539681"></trkpt>
    <trkpt lat="42.148947" lon="2.538450"></trkpt>
    <trkpt lat="42.148827" lon="2.538047"></trkpt>
    <trkpt lat="42.148794" lon="2.537934"></trkpt>
    <trkpt lat="42.148693" lon="2.537595"></trkpt>
    <trkpt lat="42.148631" lon="2.537300"></trkpt>
    <trkpt lat="42.148592" lon="2.537087"></trkpt>
    <trkpt lat="42.148564" lon="2.536850"></trkpt>
    <trkpt lat="42.148548" lon="2.536672"></trkpt>
    <trkpt lat="42.148540" lon="2.536461"></trkpt>
    <trkpt lat="42.148541" lon="2.536231"></trkpt>
    <trkpt lat="42.148549" lon="2.536050"></trkpt>
    <trkpt lat="42.148573" lon="2.535813"></trkpt>
    <trkpt lat="42.148710" lon="2.534490"></trkpt>
    <trkpt lat="42.148726" lon="2.534333"></trkpt>
    <trkpt lat="42.148724" lon="2.534242"></trkpt>
    <trkpt lat="42.148706" lon="2.534118"></trkpt>
    <trkpt lat="42.148673" lon="2.534007"></trkpt>
    <trkpt lat="42.148637" lon="2.533920"></trkpt>
    <trkpt lat="42.148617" lon="2.533880"></trkpt>
    <trkpt lat="42.148508" lon="2.533666"></trkpt>
    <trkpt lat="42.148457" lon="2.533552"></trkpt>
    <trkpt lat="42.148424" lon="2.533448"></trkpt>
    <trkpt lat="42.148405" lon="2.533333"></trkpt>
    <trkpt lat="42.148391" lon="2.533158"></trkpt>
    <trkpt lat="42.148327" lon="2.531860"></trkpt>
    <trkpt lat="42.148322" lon="2.531760"></trkpt>
    <trkpt lat="42.148292" lon="2.531114"></trkpt>
    <trkpt lat="42.148291" lon="2.530900"></trkpt>
    <trkpt lat="42.148297" lon="2.530796"></trkpt>
    <trkpt lat="42.148328" lon="2.530705"></trkpt>
    <trkpt lat="42.148382" lon="2.530608"></trkpt>
    <trkpt lat="42.148437" lon="2.530543"></trkpt>
    <trkpt lat="42.149282" lon="2.529933"></trkpt>
    <trkpt lat="42.149337" lon="2.529888"></trkpt>
    <trkpt lat="42.149405" lon="2.529833"></trkpt>
    <trkpt lat="42.149424" lon="2.529816"></trkpt>
    <trkpt lat="42.149501" lon="2.529734"></trkpt>
    <trkpt lat="42.149539" lon="2.529681"></trkpt>
    <trkpt lat="42.149565" lon="2.529636"></trkpt>
    <trkpt lat="42.149640" lon="2.529498"></trkpt>
    <trkpt lat="42.149689" lon="2.529390"></trkpt>
    <trkpt lat="42.149811" lon="2.529000"></trkpt>
    <trkpt lat="42.149874" lon="2.528816"></trkpt>
    <trkpt lat="42.149910" lon="2.528708"></trkpt>
    <trkpt lat="42.149976" lon="2.528559"></trkpt>
    <trkpt lat="42.150083" lon="2.528355"></trkpt>
    <trkpt lat="42.150443" lon="2.527733"></trkpt>
    <trkpt lat="42.150999" lon="2.526771"></trkpt>
    <trkpt lat="42.151519" lon="2.525753"></trkpt>
    <trkpt lat="42.151904" lon="2.524968"></trkpt>
    <trkpt lat="42.152166" lon="2.524599"></trkpt>
    <trkpt lat="42.152789" lon="2.523996"></trkpt>
    <trkpt lat="42.152973" lon="2.523750"></trkpt>
    <trkpt lat="42.153086" lon="2.523411"></trkpt>
    <trkpt lat="42.153109" lon="2.523126"></trkpt>
    <trkpt lat="42.153057" lon="2.522824"></trkpt>
    <trkpt lat="42.152875" lon="2.522294"></trkpt>
    <trkpt lat="42.152782" lon="2.521922"></trkpt>
    <trkpt lat="42.152742" lon="2.521536"></trkpt>
    <trkpt lat="42.152738" lon="2.520614"></trkpt>
    <trkpt lat="42.152736" lon="2.520059"></trkpt>
    <trkpt lat="42.152738" lon="2.519910"></trkpt>
    <trkpt lat="42.152746" lon="2.519738"></trkpt>
    <trkpt lat="42.152764" lon="2.519530"></trkpt>
    <trkpt lat="42.152808" lon="2.519273"></trkpt>
    <trkpt lat="42.152870" lon="2.519045"></trkpt>
    <trkpt lat="42.152923" lon="2.518871"></trkpt>
    <trkpt lat="42.152995" lon="2.518684"></trkpt>
    <trkpt lat="42.153061" lon="2.518538"></trkpt>
    <trkpt lat="42.153456" lon="2.517754"></trkpt>
    <trkpt lat="42.153763" lon="2.517145"></trkpt>
    <trkpt lat="42.153989" lon="2.516707"></trkpt>
    <trkpt lat="42.154248" lon="2.516317"></trkpt>
    <trkpt lat="42.154515" lon="2.516020"></trkpt>
    <trkpt lat="42.154830" lon="2.515791"></trkpt>
    <trkpt lat="42.154960" lon="2.515713"></trkpt>
    <trkpt lat="42.155057" lon="2.515668"></trkpt>
    <trkpt lat="42.155102" lon="2.515650"></trkpt>
    <trkpt lat="42.155176" lon="2.515620"></trkpt>
    <trkpt lat="42.155293" lon="2.515577"></trkpt>
    <trkpt lat="42.155432" lon="2.515539"></trkpt>
    <trkpt lat="42.155569" lon="2.515510"></trkpt>
    <trkpt lat="42.155642" lon="2.515495"></trkpt>
    <trkpt lat="42.155785" lon="2.515466"></trkpt>
    <trkpt lat="42.156880" lon="2.515311"></trkpt>
    <trkpt lat="42.157017" lon="2.515271"></trkpt>
    <trkpt lat="42.157122" lon="2.515227"></trkpt>
    <trkpt lat="42.157225" lon="2.515152"></trkpt>
    <trkpt lat="42.157311" lon="2.515078"></trkpt>
    <trkpt lat="42.157564" lon="2.514846"></trkpt>
    <trkpt lat="42.157940" lon="2.514503"></trkpt>
    <trkpt lat="42.158021" lon="2.514426"></trkpt>
    <trkpt lat="42.158092" lon="2.514362"></trkpt>
    <trkpt lat="42.159018" lon="2.513515"></trkpt>
    <trkpt lat="42.159335" lon="2.513226"></trkpt>
    <trkpt lat="42.159613" lon="2.512972"></trkpt>
    <trkpt lat="42.159804" lon="2.512797"></trkpt>
    <trkpt lat="42.159958" lon="2.512656"></trkpt>
    <trkpt lat="42.160174" lon="2.512458"></trkpt>
    <trkpt lat="42.160562" lon="2.512115"></trkpt>
    <trkpt lat="42.160699" lon="2.511986"></trkpt>
    <trkpt lat="42.161248" lon="2.511435"></trkpt>
    <trkpt lat="42.161320" lon="2.511364"></trkpt>
    <trkpt lat="42.161454" lon="2.511243"></trkpt>
    <trkpt lat="42.161490" lon="2.511209"></trkpt>
    <trkpt lat="42.161607" lon="2.511098"></trkpt>
    <trkpt lat="42.161756" lon="2.510964"></trkpt>
    <trkpt lat="42.161919" lon="2.510818"></trkpt>
    <trkpt lat="42.161966" lon="2.510776"></trkpt>
    <trkpt lat="42.162262" lon="2.510502"></trkpt>
    <trkpt lat="42.162341" lon="2.510442"></trkpt>
    <trkpt lat="42.162576" lon="2.510264"></trkpt>
    <trkpt lat="42.162646" lon="2.510207"></trkpt>
    <trkpt lat="42.162716" lon="2.510139"></trkpt>
    <trkpt lat="42.162874" lon="2.509994"></trkpt>
    <trkpt lat="42.163263" lon="2.509639"></trkpt>
    <trkpt lat="42.163427" lon="2.509490"></trkpt>
    <trkpt lat="42.164101" lon="2.508873"></trkpt>
    <trkpt lat="42.165144" lon="2.507941"></trkpt>
    <trkpt lat="42.165273" lon="2.507825"></trkpt>
    <trkpt lat="42.165507" lon="2.507571"></trkpt>
    <trkpt lat="42.165721" lon="2.507285"></trkpt>
    <trkpt lat="42.166423" lon="2.506203"></trkpt>
    <trkpt lat="42.166543" lon="2.506018"></trkpt>
    <trkpt lat="42.167214" lon="2.504975"></trkpt>
    <trkpt lat="42.167231" lon="2.504948"></trkpt>
    <trkpt lat="42.167590" lon="2.504390"></trkpt>
    <trkpt lat="42.167780" lon="2.504094"></trkpt>
    <trkpt lat="42.169336" lon="2.501710"></trkpt>
    <trkpt lat="42.169357" lon="2.501678"></trkpt>
    <trkpt lat="42.170195" lon="2.500383"></trkpt>
    <trkpt lat="42.170395" lon="2.500074"></trkpt>
    <trkpt lat="42.170868" lon="2.499342"></trkpt>
    <trkpt lat="42.171031" lon="2.499079"></trkpt>
    <trkpt lat="42.171278" lon="2.498699"></trkpt>
    <trkpt lat="42.172097" lon="2.497439"></trkpt>
    <trkpt lat="42.173414" lon="2.495411"></trkpt>
    <trkpt lat="42.173927" lon="2.494594"></trkpt>
    <trkpt lat="42.173991" lon="2.494497"></trkpt>
    <trkpt lat="42.174406" lon="2.493864"></trkpt>
    <trkpt lat="42.174830" lon="2.493219"></trkpt>
    <trkpt lat="42.175064" lon="2.492863"></trkpt>
    <trkpt lat="42.175578" lon="2.492080"></trkpt>
    <trkpt lat="42.175704" lon="2.491879"></trkpt>
    <trkpt lat="42.175800" lon="2.491724"></trkpt>
    <trkpt lat="42.175884" lon="2.491654"></trkpt>
    <trkpt lat="42.175939" lon="2.491617"></trkpt>
    <trkpt lat="42.175991" lon="2.491578"></trkpt>
    <trkpt lat="42.176006" lon="2.491590"></trkpt>
    <trkpt lat="42.176022" lon="2.491598"></trkpt>
    <trkpt lat="42.176039" lon="2.491604"></trkpt>
    <trkpt lat="42.176057" lon="2.491606"></trkpt>
    <trkpt lat="42.176075" lon="2.491606"></trkpt>
    <trkpt lat="42.176092" lon="2.491601"></trkpt>
    <trkpt lat="42.176109" lon="2.491594"></trkpt>
    <trkpt lat="42.176125" lon="2.491584"></trkpt>
    <trkpt lat="42.176140" lon="2.491570"></trkpt>
    <trkpt lat="42.176153" lon="2.491554"></trkpt>
    <trkpt lat="42.176165" lon="2.491536"></trkpt>
    <trkpt lat="42.176174" lon="2.491516"></trkpt>
    <trkpt lat="42.176182" lon="2.491494"></trkpt>
    <trkpt lat="42.176187" lon="2.491468"></trkpt>
    <trkpt lat="42.176190" lon="2.491441"></trkpt>
    <trkpt lat="42.176189" lon="2.491413"></trkpt>
    <trkpt lat="42.176201" lon="2.491368"></trkpt>
    <trkpt lat="42.176215" lon="2.491319"></trkpt>
    <trkpt lat="42.176230" lon="2.491280"></trkpt>
    <trkpt lat="42.176240" lon="2.491257"></trkpt>
    <trkpt lat="42.176256" lon="2.491227"></trkpt>
    <trkpt lat="42.176263" lon="2.491214"></trkpt>
    <trkpt lat="42.176271" lon="2.491197"></trkpt>
    <trkpt lat="42.176282" lon="2.491166"></trkpt>
    <trkpt lat="42.176289" lon="2.491146"></trkpt>
    <trkpt lat="42.176298" lon="2.491135"></trkpt>
    <trkpt lat="42.176352" lon="2.491071"></trkpt>
    <trkpt lat="42.176601" lon="2.490859"></trkpt>
    <trkpt lat="42.176508" lon="2.490407"></trkpt>
    <trkpt lat="42.176478" lon="2.490269"></trkpt>
    <trkpt lat="42.176351" lon="2.489682"></trkpt>
    <trkpt lat="42.176329" lon="2.489679"></trkpt>
    <trkpt lat="42.176300" lon="2.489662"></trkpt>
    <trkpt lat="42.176233" lon="2.489619"></trkpt>
    <trkpt lat="42.175675" lon="2.490415"></trkpt>
    <trkpt lat="42.175272" lon="2.489600"></trkpt>
    <trkpt lat="42.175304" lon="2.489565"></trkpt>
    <trkpt lat="42.175412" lon="2.489443"></trkpt>
    <trkpt lat="42.175437" lon="2.489416"></trkpt>
    <trkpt lat="42.175451" lon="2.489401"></trkpt>
    <trkpt lat="42.175830" lon="2.488936"></trkpt>
    <trkpt lat="42.175842" lon="2.488921"></trkpt>
    <trkpt lat="42.175858" lon="2.488907"></trkpt>
    <trkpt lat="42.175985" lon="2.488763"></trkpt>
    <trkpt lat="42.176093" lon="2.488635"></trkpt>
    <trkpt lat="42.176108" lon="2.488617"></trkpt>
    <trkpt lat="42.176051" lon="2.488533"></trkpt>
    <trkpt lat="42.175959" lon="2.488438"></trkpt>
    <trkpt lat="42.175849" lon="2.488323"></trkpt>
    <trkpt lat="42.175428" lon="2.487860"></trkpt>
    <trkpt lat="42.175331" lon="2.487750"></trkpt>
    <trkpt lat="42.175276" lon="2.487685"></trkpt>
    <trkpt lat="42.175243" lon="2.487626"></trkpt>
    <trkpt lat="42.175200" lon="2.487536"></trkpt>
    <trkpt lat="42.175167" lon="2.487455"></trkpt>
    <trkpt lat="42.175100" lon="2.487313"></trkpt>
    <trkpt lat="42.175061" lon="2.487224"></trkpt>
    <trkpt lat="42.175025" lon="2.487131"></trkpt>
    <trkpt lat="42.174994" lon="2.487049"></trkpt>
    <trkpt lat="42.174930" lon="2.486916"></trkpt>
    <trkpt lat="42.174889" lon="2.486843"></trkpt>
    <trkpt lat="42.174836" lon="2.486737"></trkpt>
    <trkpt lat="42.174799" lon="2.486655"></trkpt>
    <trkpt lat="42.174777" lon="2.486566"></trkpt>
    <trkpt lat="42.174758" lon="2.486423"></trkpt>
    <trkpt lat="42.174752" lon="2.486285"></trkpt>
    <trkpt lat="42.174749" lon="2.486147"></trkpt>
    <trkpt lat="42.174755" lon="2.486020"></trkpt>
    <trkpt lat="42.174771" lon="2.485911"></trkpt>
    <trkpt lat="42.174790" lon="2.485813"></trkpt>
    <trkpt lat="42.174808" lon="2.485723"></trkpt>
    <trkpt lat="42.174846" lon="2.485545"></trkpt>
    <trkpt lat="42.174888" lon="2.485394"></trkpt>
    <trkpt lat="42.174925" lon="2.485288"></trkpt>
    <trkpt lat="42.174980" lon="2.485172"></trkpt>
    <trkpt lat="42.175137" lon="2.484869"></trkpt>
    <trkpt lat="42.175327" lon="2.484505"></trkpt>
    <trkpt lat="42.175379" lon="2.484399"></trkpt>
    <trkpt lat="42.175515" lon="2.484136"></trkpt>
    <trkpt lat="42.175595" lon="2.483982"></trkpt>
    <trkpt lat="42.175776" lon="2.483633"></trkpt>
    <trkpt lat="42.175960" lon="2.483278"></trkpt>
    <trkpt lat="42.176118" lon="2.482973"></trkpt>
    <trkpt lat="42.176396" lon="2.482436"></trkpt>
    <trkpt lat="42.176444" lon="2.482335"></trkpt>
    <trkpt lat="42.176457" lon="2.482288"></trkpt>
    <trkpt lat="42.176459" lon="2.482241"></trkpt>
    <trkpt lat="42.176450" lon="2.482186"></trkpt>
    <trkpt lat="42.176442" lon="2.482157"></trkpt>
    <trkpt lat="42.176414" lon="2.482106"></trkpt>
    <trkpt lat="42.176328" lon="2.482067"></trkpt>
    <trkpt lat="42.176302" lon="2.482055"></trkpt>
    <trkpt lat="42.176250" lon="2.482024"></trkpt>
    <trkpt lat="42.176217" lon="2.481999"></trkpt>
    <trkpt lat="42.176190" lon="2.481985"></trkpt>
    <trkpt lat="42.176158" lon="2.481979"></trkpt>
    <trkpt lat="42.176114" lon="2.481958"></trkpt>
    <trkpt lat="42.175858" lon="2.481743"></trkpt>
    <trkpt lat="42.175800" lon="2.481692"></trkpt>
    <trkpt lat="42.175761" lon="2.481662"></trkpt>
    <trkpt lat="42.175655" lon="2.481571"></trkpt>
    <trkpt lat="42.175587" lon="2.481512"></trkpt>
    <trkpt lat="42.175374" lon="2.481331"></trkpt>
    <trkpt lat="42.174316" lon="2.480430"></trkpt>
    <trkpt lat="42.174065" lon="2.480230"></trkpt>
    <trkpt lat="42.173655" lon="2.479875"></trkpt>
    <trkpt lat="42.172980" lon="2.479295"></trkpt>
    <trkpt lat="42.172848" lon="2.479181"></trkpt>
    <trkpt lat="42.172808" lon="2.479148"></trkpt>
    <trkpt lat="42.172433" lon="2.478833"></trkpt>
    <trkpt lat="42.172367" lon="2.478776"></trkpt>
    <trkpt lat="42.172113" lon="2.478563"></trkpt>
    <trkpt lat="42.172100" lon="2.478552"></trkpt>
    <trkpt lat="42.171897" lon="2.478380"></trkpt>
    <trkpt lat="42.171794" lon="2.478293"></trkpt>
    <trkpt lat="42.171656" lon="2.478176"></trkpt>
    <trkpt lat="42.171261" lon="2.477842"></trkpt>
    <trkpt lat="42.171007" lon="2.477626"></trkpt>
    <trkpt lat="42.170463" lon="2.477165"></trkpt>
    <trkpt lat="42.169815" lon="2.476616"></trkpt>
    <trkpt lat="42.169293" lon="2.476174"></trkpt>
    <trkpt lat="42.169160" lon="2.476057"></trkpt>
    <trkpt lat="42.168412" lon="2.475415"></trkpt>
    <trkpt lat="42.168336" lon="2.475350"></trkpt>
    <trkpt lat="42.167948" lon="2.475016"></trkpt>
    <trkpt lat="42.167611" lon="2.474727"></trkpt>
    <trkpt lat="42.167593" lon="2.474711"></trkpt>
    <trkpt lat="42.167570" lon="2.474691"></trkpt>
    <trkpt lat="42.167138" lon="2.474354"></trkpt>
    <trkpt lat="42.167104" lon="2.474270"></trkpt>
    <trkpt lat="42.167068" lon="2.474216"></trkpt>
    <trkpt lat="42.167028" lon="2.474148"></trkpt>
    <trkpt lat="42.167006" lon="2.474114"></trkpt>
    <trkpt lat="42.166956" lon="2.474049"></trkpt>
    <trkpt lat="42.166959" lon="2.474032"></trkpt>
    <trkpt lat="42.166965" lon="2.473997"></trkpt>
    <trkpt lat="42.166968" lon="2.473959"></trkpt>
    <trkpt lat="42.166968" lon="2.473928"></trkpt>
    <trkpt lat="42.166961" lon="2.473861"></trkpt>
    <trkpt lat="42.166942" lon="2.473793"></trkpt>
    <trkpt lat="42.166917" lon="2.473731"></trkpt>
    <trkpt lat="42.166887" lon="2.473684"></trkpt>
    <trkpt lat="42.166865" lon="2.473660"></trkpt>
    <trkpt lat="42.166854" lon="2.473647"></trkpt>
    <trkpt lat="42.166809" lon="2.473612"></trkpt>
    <trkpt lat="42.166755" lon="2.473588"></trkpt>
    <trkpt lat="42.166700" lon="2.473579"></trkpt>
    <trkpt lat="42.166658" lon="2.473583"></trkpt>
    <trkpt lat="42.166622" lon="2.473594"></trkpt>
    <trkpt lat="42.166580" lon="2.473613"></trkpt>
    <trkpt lat="42.166547" lon="2.473621"></trkpt>
    <trkpt lat="42.166522" lon="2.473621"></trkpt>
    <trkpt lat="42.166484" lon="2.473619"></trkpt>
    <trkpt lat="42.166447" lon="2.473617"></trkpt>
    <trkpt lat="42.166405" lon="2.473604"></trkpt>
    <trkpt lat="42.166366" lon="2.473590"></trkpt>
    <trkpt lat="42.166342" lon="2.473575"></trkpt>
    <trkpt lat="42.166308" lon="2.473546"></trkpt>
    <trkpt lat="42.166206" lon="2.473461"></trkpt>
    <trkpt lat="42.165593" lon="2.472942"></trkpt>
    <trkpt lat="42.165210" lon="2.472617"></trkpt>
    <trkpt lat="42.165098" lon="2.472525"></trkpt>
    <trkpt lat="42.164957" lon="2.472409"></trkpt>
    <trkpt lat="42.164849" lon="2.472326"></trkpt>
    <trkpt lat="42.164792" lon="2.472292"></trkpt>
    <trkpt lat="42.164738" lon="2.472256"></trkpt>
    <trkpt lat="42.164711" lon="2.472231"></trkpt>
    <trkpt lat="42.164676" lon="2.472188"></trkpt>
    <trkpt lat="42.164661" lon="2.472149"></trkpt>
    <trkpt lat="42.164637" lon="2.472117"></trkpt>
    <trkpt lat="42.164609" lon="2.472105"></trkpt>
    <trkpt lat="42.164592" lon="2.472104"></trkpt>
    <trkpt lat="42.164574" lon="2.472104"></trkpt>
    <trkpt lat="42.164535" lon="2.472084"></trkpt>
    <trkpt lat="42.164505" lon="2.472062"></trkpt>
    <trkpt lat="42.164470" lon="2.472033"></trkpt>
    <trkpt lat="42.164248" lon="2.471832"></trkpt>
    <trkpt lat="42.164209" lon="2.471802"></trkpt>
    <trkpt lat="42.164187" lon="2.471789"></trkpt>
    <trkpt lat="42.164103" lon="2.471743"></trkpt>
    <trkpt lat="42.163579" lon="2.471296"></trkpt>
    <trkpt lat="42.163102" lon="2.470890"></trkpt>
    <trkpt lat="42.162884" lon="2.470703"></trkpt>
    <trkpt lat="42.162806" lon="2.470644"></trkpt>
    <trkpt lat="42.161609" lon="2.469616"></trkpt>
    <trkpt lat="42.161325" lon="2.469374"></trkpt>
    <trkpt lat="42.161098" lon="2.469180"></trkpt>
    <trkpt lat="42.160684" lon="2.468827"></trkpt>
    <trkpt lat="42.160257" lon="2.468463"></trkpt>
    <trkpt lat="42.160118" lon="2.468345"></trkpt>
    <trkpt lat="42.160070" lon="2.468304"></trkpt>
    <trkpt lat="42.159986" lon="2.468232"></trkpt>
    <trkpt lat="42.159788" lon="2.468065"></trkpt>
    <trkpt lat="42.158481" lon="2.466953"></trkpt>
    <trkpt lat="42.157284" lon="2.465936"></trkpt>
    <trkpt lat="42.156667" lon="2.465554"></trkpt>
    <trkpt lat="42.155976" lon="2.465165"></trkpt>
    <trkpt lat="42.154548" lon="2.464360"></trkpt>
    <trkpt lat="42.153717" lon="2.463892"></trkpt>
    <trkpt lat="42.152186" lon="2.463030"></trkpt>
    <trkpt lat="42.151608" lon="2.462704"></trkpt>
    <trkpt lat="42.150532" lon="2.462098"></trkpt>
    <trkpt lat="42.150501" lon="2.462080"></trkpt>
    <trkpt lat="42.149502" lon="2.461518"></trkpt>
    <trkpt lat="42.149289" lon="2.461398"></trkpt>
    <trkpt lat="42.148406" lon="2.460894"></trkpt>
    <trkpt lat="42.148087" lon="2.460713"></trkpt>
    <trkpt lat="42.147369" lon="2.460303"></trkpt>
    <trkpt lat="42.147092" lon="2.460146"></trkpt>
    <trkpt lat="42.147013" lon="2.460101"></trkpt>
    <trkpt lat="42.146892" lon="2.460032"></trkpt>
    <trkpt lat="42.146413" lon="2.459759"></trkpt>
    <trkpt lat="42.145640" lon="2.459330"></trkpt>
    <trkpt lat="42.145625" lon="2.459322"></trkpt>
    <trkpt lat="42.145538" lon="2.459273"></trkpt>
    <trkpt lat="42.145411" lon="2.459203"></trkpt>
    <trkpt lat="42.145004" lon="2.458977"></trkpt>
    <trkpt lat="42.144253" lon="2.458549"></trkpt>
    <trkpt lat="42.144224" lon="2.458533"></trkpt>
    <trkpt lat="42.143763" lon="2.458277"></trkpt>
    <trkpt lat="42.143692" lon="2.458237"></trkpt>
    <trkpt lat="42.143121" lon="2.457931"></trkpt>
    <trkpt lat="42.142026" lon="2.457303"></trkpt>
    <trkpt lat="42.141795" lon="2.457176"></trkpt>
    <trkpt lat="42.140984" lon="2.456719"></trkpt>
    <trkpt lat="42.140698" lon="2.456558"></trkpt>
    <trkpt lat="42.140573" lon="2.456488"></trkpt>
    <trkpt lat="42.139710" lon="2.456000"></trkpt>
    <trkpt lat="42.139642" lon="2.455962"></trkpt>
    <trkpt lat="42.139173" lon="2.455697"></trkpt>
    <trkpt lat="42.139003" lon="2.455601"></trkpt>
    <trkpt lat="42.138719" lon="2.455441"></trkpt>
    <trkpt lat="42.138008" lon="2.455039"></trkpt>
    <trkpt lat="42.137511" lon="2.454760"></trkpt>
    <trkpt lat="42.136217" lon="2.454032"></trkpt>
    <trkpt lat="42.133181" lon="2.452314"></trkpt>
    <trkpt lat="42.132197" lon="2.451781"></trkpt>
    <trkpt lat="42.132114" lon="2.451742"></trkpt>
    <trkpt lat="42.131644" lon="2.451498"></trkpt>
    <trkpt lat="42.131474" lon="2.451381"></trkpt>
    <trkpt lat="42.131111" lon="2.451202"></trkpt>
    <trkpt lat="42.130790" lon="2.451051"></trkpt>
    <trkpt lat="42.130504" lon="2.450925"></trkpt>
    <trkpt lat="42.130311" lon="2.450827"></trkpt>
    <trkpt lat="42.130183" lon="2.450769"></trkpt>
    <trkpt lat="42.130013" lon="2.450688"></trkpt>
    <trkpt lat="42.129991" lon="2.450677"></trkpt>
    <trkpt lat="42.129894" lon="2.450614"></trkpt>
    <trkpt lat="42.129803" lon="2.450553"></trkpt>
    <trkpt lat="42.129725" lon="2.450491"></trkpt>
    <trkpt lat="42.129644" lon="2.450418"></trkpt>
    <trkpt lat="42.129478" lon="2.450260"></trkpt>
    <trkpt lat="42.129355" lon="2.450120"></trkpt>
    <trkpt lat="42.129264" lon="2.450017"></trkpt>
    <trkpt lat="42.129144" lon="2.449882"></trkpt>
    <trkpt lat="42.128870" lon="2.449605"></trkpt>
    <trkpt lat="42.128739" lon="2.449463"></trkpt>
    <trkpt lat="42.128618" lon="2.449238"></trkpt>
    <trkpt lat="42.128626" lon="2.449172"></trkpt>
    <trkpt lat="42.128619" lon="2.449107"></trkpt>
    <trkpt lat="42.128600" lon="2.449046"></trkpt>
    <trkpt lat="42.128568" lon="2.448993"></trkpt>
    <trkpt lat="42.128527" lon="2.448955"></trkpt>
    <trkpt lat="42.128478" lon="2.448934"></trkpt>
    <trkpt lat="42.128420" lon="2.448934"></trkpt>
    <trkpt lat="42.128365" lon="2.448959"></trkpt>
    <trkpt lat="42.128329" lon="2.448994"></trkpt>
    <trkpt lat="42.128300" lon="2.449040"></trkpt>
    <trkpt lat="42.128281" lon="2.449095"></trkpt>
    <trkpt lat="42.128272" lon="2.449162"></trkpt>
    <trkpt lat="42.128278" lon="2.449230"></trkpt>
    <trkpt lat="42.128298" lon="2.449293"></trkpt>
    <trkpt lat="42.128221" lon="2.449505"></trkpt>
    <trkpt lat="42.128078" lon="2.449660"></trkpt>
    <trkpt lat="42.127970" lon="2.449775"></trkpt>
    <trkpt lat="42.127831" lon="2.449938"></trkpt>
    <trkpt lat="42.127721" lon="2.450086"></trkpt>
    <trkpt lat="42.127602" lon="2.450248"></trkpt>
    <trkpt lat="42.127495" lon="2.450402"></trkpt>
    <trkpt lat="42.127355" lon="2.450597"></trkpt>
    <trkpt lat="42.126915" lon="2.451247"></trkpt>
    <trkpt lat="42.126780" lon="2.451441"></trkpt>
    <trkpt lat="42.125781" lon="2.452874"></trkpt>
    <trkpt lat="42.125615" lon="2.453133"></trkpt>
    <trkpt lat="42.125475" lon="2.453373"></trkpt>
    <trkpt lat="42.125383" lon="2.453546"></trkpt>
    <trkpt lat="42.125292" lon="2.453739"></trkpt>
    <trkpt lat="42.125215" lon="2.453918"></trkpt>
    <trkpt lat="42.125131" lon="2.454136"></trkpt>
    <trkpt lat="42.125061" lon="2.454346"></trkpt>
    <trkpt lat="42.124995" lon="2.454569"></trkpt>
    <trkpt lat="42.124939" lon="2.454795"></trkpt>
    <trkpt lat="42.124897" lon="2.454991"></trkpt>
    <trkpt lat="42.124858" lon="2.455204"></trkpt>
    <trkpt lat="42.124815" lon="2.455478"></trkpt>
    <trkpt lat="42.124785" lon="2.455807"></trkpt>
    <trkpt lat="42.124683" lon="2.456970"></trkpt>
    <trkpt lat="42.124558" lon="2.457928"></trkpt>
    <trkpt lat="42.124363" lon="2.458921"></trkpt>
    <trkpt lat="42.124159" lon="2.459627"></trkpt>
    <trkpt lat="42.123768" lon="2.460812"></trkpt>
    <trkpt lat="42.123577" lon="2.461226"></trkpt>
    <trkpt lat="42.123253" lon="2.461997"></trkpt>
    <trkpt lat="42.122967" lon="2.462563"></trkpt>
    <trkpt lat="42.122610" lon="2.463125"></trkpt>
    <trkpt lat="42.122179" lon="2.463706"></trkpt>
    <trkpt lat="42.121731" lon="2.464238"></trkpt>
    <trkpt lat="42.121494" lon="2.464612"></trkpt>
    <trkpt lat="42.121296" lon="2.465016"></trkpt>
    <trkpt lat="42.121033" lon="2.465593"></trkpt>
    <trkpt lat="42.120914" lon="2.465942"></trkpt>
    <trkpt lat="42.120851" lon="2.466160"></trkpt>
    <trkpt lat="42.120797" lon="2.466368"></trkpt>
    <trkpt lat="42.120708" lon="2.466673"></trkpt>
    <trkpt lat="42.120668" lon="2.466974"></trkpt>
    <trkpt lat="42.120625" lon="2.467373"></trkpt>
    <trkpt lat="42.120609" lon="2.467764"></trkpt>
    <trkpt lat="42.120612" lon="2.468070"></trkpt>
    <trkpt lat="42.120626" lon="2.468425"></trkpt>
    <trkpt lat="42.120683" lon="2.468890"></trkpt>
    <trkpt lat="42.120773" lon="2.469317"></trkpt>
    <trkpt lat="42.120884" lon="2.469730"></trkpt>
    <trkpt lat="42.120989" lon="2.470077"></trkpt>
    <trkpt lat="42.121257" lon="2.470801"></trkpt>
    <trkpt lat="42.121368" lon="2.471086"></trkpt>
    <trkpt lat="42.121534" lon="2.471500"></trkpt>
    <trkpt lat="42.121660" lon="2.471795"></trkpt>
    <trkpt lat="42.121737" lon="2.471977"></trkpt>
    <trkpt lat="42.122021" lon="2.472591"></trkpt>
    <trkpt lat="42.122605" lon="2.473796"></trkpt>
    <trkpt lat="42.122690" lon="2.473988"></trkpt>
    <trkpt lat="42.122741" lon="2.474127"></trkpt>
    <trkpt lat="42.122799" lon="2.474309"></trkpt>
    <trkpt lat="42.122842" lon="2.474467"></trkpt>
    <trkpt lat="42.122876" lon="2.474669"></trkpt>
    <trkpt lat="42.122892" lon="2.474805"></trkpt>
    <trkpt lat="42.122902" lon="2.475042"></trkpt>
    <trkpt lat="42.122902" lon="2.475198"></trkpt>
    <trkpt lat="42.122902" lon="2.475366"></trkpt>
    <trkpt lat="42.122877" lon="2.475694"></trkpt>
    <trkpt lat="42.122742" lon="2.476937"></trkpt>
    <trkpt lat="42.122591" lon="2.478287"></trkpt>
    <trkpt lat="42.122534" lon="2.478796"></trkpt>
    <trkpt lat="42.122481" lon="2.479311"></trkpt>
    <trkpt lat="42.122460" lon="2.479707"></trkpt>
    <trkpt lat="42.122471" lon="2.480036"></trkpt>
    <trkpt lat="42.122509" lon="2.480342"></trkpt>
    <trkpt lat="42.122549" lon="2.480497"></trkpt>
    <trkpt lat="42.122569" lon="2.480575"></trkpt>
    <trkpt lat="42.122643" lon="2.480806"></trkpt>
    <trkpt lat="42.122692" lon="2.480922"></trkpt>
    <trkpt lat="42.122737" lon="2.481031"></trkpt>
    <trkpt lat="42.122848" lon="2.481239"></trkpt>
    <trkpt lat="42.123229" lon="2.481830"></trkpt>
    <trkpt lat="42.123358" lon="2.482034"></trkpt>
    <trkpt lat="42.123479" lon="2.482274"></trkpt>
    <trkpt lat="42.123586" lon="2.482538"></trkpt>
    <trkpt lat="42.123624" lon="2.482658"></trkpt>
    <trkpt lat="42.123664" lon="2.482824"></trkpt>
    <trkpt lat="42.123690" lon="2.483068"></trkpt>
    <trkpt lat="42.123694" lon="2.483314"></trkpt>
    <trkpt lat="42.123670" lon="2.483592"></trkpt>
    <trkpt lat="42.123596" lon="2.483871"></trkpt>
    <trkpt lat="42.123181" lon="2.485007"></trkpt>
    <trkpt lat="42.123030" lon="2.485402"></trkpt>
    <trkpt lat="42.122782" lon="2.486051"></trkpt>
    <trkpt lat="42.122035" lon="2.488001"></trkpt>
    <trkpt lat="42.121970" lon="2.488153"></trkpt>
    <trkpt lat="42.121903" lon="2.488300"></trkpt>
    <trkpt lat="42.121848" lon="2.488402"></trkpt>
    <trkpt lat="42.121768" lon="2.488542"></trkpt>
    <trkpt lat="42.121697" lon="2.488643"></trkpt>
    <trkpt lat="42.121688" lon="2.488656"></trkpt>
    <trkpt lat="42.121596" lon="2.488766"></trkpt>
    <trkpt lat="42.121510" lon="2.488857"></trkpt>
    <trkpt lat="42.121411" lon="2.488946"></trkpt>
    <trkpt lat="42.121198" lon="2.489106"></trkpt>
    <trkpt lat="42.120957" lon="2.489253"></trkpt>
    <trkpt lat="42.120754" lon="2.489374"></trkpt>
    <trkpt lat="42.120073" lon="2.489770"></trkpt>
    <trkpt lat="42.119045" lon="2.490407"></trkpt>
    <trkpt lat="42.118818" lon="2.490538"></trkpt>
    <trkpt lat="42.118699" lon="2.490606"></trkpt>
    <trkpt lat="42.118528" lon="2.490687"></trkpt>
    <trkpt lat="42.118378" lon="2.490739"></trkpt>
    <trkpt lat="42.118254" lon="2.490768"></trkpt>
    <trkpt lat="42.118195" lon="2.490777"></trkpt>
    <trkpt lat="42.118089" lon="2.490785"></trkpt>
    <trkpt lat="42.118005" lon="2.490781"></trkpt>
    <trkpt lat="42.117887" lon="2.490765"></trkpt>
    <trkpt lat="42.117780" lon="2.490735"></trkpt>
    <trkpt lat="42.117628" lon="2.490673"></trkpt>
    <trkpt lat="42.117507" lon="2.490598"></trkpt>
    <trkpt lat="42.117321" lon="2.490460"></trkpt>
    <trkpt lat="42.117125" lon="2.490290"></trkpt>
    <trkpt lat="42.116602" lon="2.489798"></trkpt>
    <trkpt lat="42.116182" lon="2.489403"></trkpt>
    <trkpt lat="42.115990" lon="2.489254"></trkpt>
    <trkpt lat="42.115985" lon="2.489251"></trkpt>
    <trkpt lat="42.115938" lon="2.489221"></trkpt>
    <trkpt lat="42.115871" lon="2.489178"></trkpt>
    <trkpt lat="42.115784" lon="2.489137"></trkpt>
    <trkpt lat="42.115672" lon="2.489096"></trkpt>
    <trkpt lat="42.115530" lon="2.489060"></trkpt>
    <trkpt lat="42.115379" lon="2.489037"></trkpt>
    <trkpt lat="42.114995" lon="2.489009"></trkpt>
    <trkpt lat="42.114750" lon="2.489007"></trkpt>
    <trkpt lat="42.114618" lon="2.489018"></trkpt>
    <trkpt lat="42.114500" lon="2.489043"></trkpt>
    <trkpt lat="42.114344" lon="2.489091"></trkpt>
    <trkpt lat="42.114270" lon="2.489126"></trkpt>
    <trkpt lat="42.114192" lon="2.489164"></trkpt>
    <trkpt lat="42.114072" lon="2.489232"></trkpt>
    <trkpt lat="42.113912" lon="2.489341"></trkpt>
    <trkpt lat="42.113663" lon="2.489525"></trkpt>
    <trkpt lat="42.113620" lon="2.489557"></trkpt>
    <trkpt lat="42.113408" lon="2.489713"></trkpt>
    <trkpt lat="42.113256" lon="2.489824"></trkpt>
    <trkpt lat="42.113061" lon="2.489928"></trkpt>
    <trkpt lat="42.113048" lon="2.489935"></trkpt>
    <trkpt lat="42.112884" lon="2.490014"></trkpt>
    <trkpt lat="42.112523" lon="2.490099"></trkpt>
    <trkpt lat="42.112187" lon="2.490111"></trkpt>
    <trkpt lat="42.111332" lon="2.489983"></trkpt>
    <trkpt lat="42.111028" lon="2.489968"></trkpt>
    <trkpt lat="42.110877" lon="2.489978"></trkpt>
    <trkpt lat="42.110731" lon="2.490007"></trkpt>
    <trkpt lat="42.110446" lon="2.490089"></trkpt>
    <trkpt lat="42.110169" lon="2.490203"></trkpt>
    <trkpt lat="42.109714" lon="2.490388"></trkpt>
    <trkpt lat="42.108244" lon="2.490998"></trkpt>
    <trkpt lat="42.108224" lon="2.491005"></trkpt>
    <trkpt lat="42.106603" lon="2.491600"></trkpt>
    <trkpt lat="42.106109" lon="2.491771"></trkpt>
    <trkpt lat="42.105700" lon="2.491907"></trkpt>
    <trkpt lat="42.105294" lon="2.492049"></trkpt>
    <trkpt lat="42.104912" lon="2.492214"></trkpt>
    <trkpt lat="42.104719" lon="2.492330"></trkpt>
    <trkpt lat="42.104611" lon="2.492412"></trkpt>
    <trkpt lat="42.104365" lon="2.492631"></trkpt>
    <trkpt lat="42.104207" lon="2.492812"></trkpt>
    <trkpt lat="42.104058" lon="2.493017"></trkpt>
    <trkpt lat="42.103923" lon="2.493246"></trkpt>
    <trkpt lat="42.103802" lon="2.493488"></trkpt>
    <trkpt lat="42.103694" lon="2.493748"></trkpt>
    <trkpt lat="42.103472" lon="2.494293"></trkpt>
    <trkpt lat="42.103305" lon="2.494619"></trkpt>
    <trkpt lat="42.103171" lon="2.494819"></trkpt>
    <trkpt lat="42.103029" lon="2.494996"></trkpt>
    <trkpt lat="42.102869" lon="2.495150"></trkpt>
    <trkpt lat="42.102701" lon="2.495280"></trkpt>
    <trkpt lat="42.102505" lon="2.495391"></trkpt>
    <trkpt lat="42.102309" lon="2.495471"></trkpt>
    <trkpt lat="42.102109" lon="2.495515"></trkpt>
    <trkpt lat="42.101908" lon="2.495539"></trkpt>
    <trkpt lat="42.099248" lon="2.495565"></trkpt>
    <trkpt lat="42.099196" lon="2.495565"></trkpt>
    <trkpt lat="42.099134" lon="2.495566"></trkpt>
    <trkpt lat="42.098531" lon="2.495572"></trkpt>
    <trkpt lat="42.098101" lon="2.495576"></trkpt>
    <trkpt lat="42.097983" lon="2.495577"></trkpt>
    <trkpt lat="42.097963" lon="2.495577"></trkpt>
    <trkpt lat="42.097088" lon="2.495572"></trkpt>
    <trkpt lat="42.097047" lon="2.495570"></trkpt>
    <trkpt lat="42.096616" lon="2.495564"></trkpt>
    <trkpt lat="42.096412" lon="2.495525"></trkpt>
    <trkpt lat="42.096231" lon="2.495467"></trkpt>
    <trkpt lat="42.096006" lon="2.495393"></trkpt>
    <trkpt lat="42.095788" lon="2.495287"></trkpt>
    <trkpt lat="42.095586" lon="2.495168"></trkpt>
    <trkpt lat="42.095394" lon="2.495027"></trkpt>
    <trkpt lat="42.095185" lon="2.494825"></trkpt>
    <trkpt lat="42.094987" lon="2.494604"></trkpt>
    <trkpt lat="42.094799" lon="2.494375"></trkpt>
    <trkpt lat="42.094616" lon="2.494131"></trkpt>
    <trkpt lat="42.094247" lon="2.493659"></trkpt>
    <trkpt lat="42.093967" lon="2.493388"></trkpt>
    <trkpt lat="42.093818" lon="2.493286"></trkpt>
    <trkpt lat="42.093679" lon="2.493207"></trkpt>
    <trkpt lat="42.093576" lon="2.493159"></trkpt>
    <trkpt lat="42.093491" lon="2.493126"></trkpt>
    <trkpt lat="42.093371" lon="2.493089"></trkpt>
    <trkpt lat="42.093237" lon="2.493064"></trkpt>
    <trkpt lat="42.093138" lon="2.493054"></trkpt>
    <trkpt lat="42.093054" lon="2.493051"></trkpt>
    <trkpt lat="42.092942" lon="2.493056"></trkpt>
    <trkpt lat="42.092816" lon="2.493071"></trkpt>
    <trkpt lat="42.092695" lon="2.493095"></trkpt>
    <trkpt lat="42.092681" lon="2.493099"></trkpt>
    <trkpt lat="42.092583" lon="2.493123"></trkpt>
    <trkpt lat="42.092478" lon="2.493155"></trkpt>
    <trkpt lat="42.092361" lon="2.493193"></trkpt>
    <trkpt lat="42.092266" lon="2.493229"></trkpt>
    <trkpt lat="42.092077" lon="2.493304"></trkpt>
    <trkpt lat="42.091901" lon="2.493382"></trkpt>
    <trkpt lat="42.091700" lon="2.493484"></trkpt>
    <trkpt lat="42.091461" lon="2.493623"></trkpt>
    <trkpt lat="42.091266" lon="2.493749"></trkpt>
    <trkpt lat="42.091119" lon="2.493851"></trkpt>
    <trkpt lat="42.090758" lon="2.494113"></trkpt>
    <trkpt lat="42.090406" lon="2.494376"></trkpt>
    <trkpt lat="42.089910" lon="2.494743"></trkpt>
    <trkpt lat="42.089592" lon="2.494980"></trkpt>
    <trkpt lat="42.089062" lon="2.495375"></trkpt>
    <trkpt lat="42.088549" lon="2.495755"></trkpt>
    <trkpt lat="42.087812" lon="2.496299"></trkpt>
    <trkpt lat="42.087075" lon="2.496844"></trkpt>
    <trkpt lat="42.086724" lon="2.497105"></trkpt>
    <trkpt lat="42.086535" lon="2.497240"></trkpt>
    <trkpt lat="42.086340" lon="2.497372"></trkpt>
    <trkpt lat="42.086151" lon="2.497477"></trkpt>
    <trkpt lat="42.086071" lon="2.497514"></trkpt>
    <trkpt lat="42.085990" lon="2.497546"></trkpt>
    <trkpt lat="42.085976" lon="2.497551"></trkpt>
    <trkpt lat="42.085792" lon="2.497613"></trkpt>
    <trkpt lat="42.085587" lon="2.497648"></trkpt>
    <trkpt lat="42.085391" lon="2.497666"></trkpt>
    <trkpt lat="42.085238" lon="2.497671"></trkpt>
    <trkpt lat="42.085170" lon="2.497653"></trkpt>
    <trkpt lat="42.084797" lon="2.497653"></trkpt>
    <trkpt lat="42.084542" lon="2.497678"></trkpt>
    <trkpt lat="42.084333" lon="2.497715"></trkpt>
    <trkpt lat="42.084072" lon="2.497821"></trkpt>
    <trkpt lat="42.083858" lon="2.497942"></trkpt>
    <trkpt lat="42.083609" lon="2.498127"></trkpt>
    <trkpt lat="42.083329" lon="2.498387"></trkpt>
    <trkpt lat="42.083082" lon="2.498637"></trkpt>
    <trkpt lat="42.082875" lon="2.498846"></trkpt>
    <trkpt lat="42.082641" lon="2.499083"></trkpt>
    <trkpt lat="42.082215" lon="2.499511"></trkpt>
    <trkpt lat="42.081813" lon="2.499917"></trkpt>
    <trkpt lat="42.081522" lon="2.500230"></trkpt>
    <trkpt lat="42.081345" lon="2.500451"></trkpt>
    <trkpt lat="42.081065" lon="2.500838"></trkpt>
    <trkpt lat="42.081031" lon="2.500929"></trkpt>
    <trkpt lat="42.080916" lon="2.501092"></trkpt>
    <trkpt lat="42.080686" lon="2.501432"></trkpt>
    <trkpt lat="42.080624" lon="2.501517"></trkpt>
    <trkpt lat="42.080554" lon="2.501592"></trkpt>
    <trkpt lat="42.080486" lon="2.501653"></trkpt>
    <trkpt lat="42.080479" lon="2.501659"></trkpt>
    <trkpt lat="42.080418" lon="2.501707"></trkpt>
    <trkpt lat="42.080406" lon="2.501715"></trkpt>
    <trkpt lat="42.080158" lon="2.501895"></trkpt>
    <trkpt lat="42.079898" lon="2.502085"></trkpt>
    <trkpt lat="42.079633" lon="2.502279"></trkpt>
    <trkpt lat="42.079547" lon="2.502348"></trkpt>
    <trkpt lat="42.079505" lon="2.502386"></trkpt>
    <trkpt lat="42.079432" lon="2.502472"></trkpt>
    <trkpt lat="42.079351" lon="2.502613"></trkpt>
    <trkpt lat="42.079291" lon="2.502749"></trkpt>
    <trkpt lat="42.079011" lon="2.503475"></trkpt>
    <trkpt lat="42.078987" lon="2.503535"></trkpt>
    <trkpt lat="42.078678" lon="2.504309"></trkpt>
    <trkpt lat="42.078376" lon="2.505095"></trkpt>
    <trkpt lat="42.078341" lon="2.505184"></trkpt>
    <trkpt lat="42.078324" lon="2.505227"></trkpt>
    <trkpt lat="42.078068" lon="2.505872"></trkpt>
    <trkpt lat="42.078005" lon="2.506033"></trkpt>
    <trkpt lat="42.077975" lon="2.506108"></trkpt>
    <trkpt lat="42.077883" lon="2.506345"></trkpt>
    <trkpt lat="42.077856" lon="2.506428"></trkpt>
    <trkpt lat="42.077838" lon="2.506510"></trkpt>
    <trkpt lat="42.077833" lon="2.506539"></trkpt>
    <trkpt lat="42.077835" lon="2.506586"></trkpt>
    <trkpt lat="42.077847" lon="2.506680"></trkpt>
    <trkpt lat="42.077943" lon="2.506957"></trkpt>
    <trkpt lat="42.078046" lon="2.507250"></trkpt>
    <trkpt lat="42.078146" lon="2.507532"></trkpt>
    <trkpt lat="42.078178" lon="2.507622"></trkpt>
    <trkpt lat="42.078213" lon="2.507712"></trkpt>
    <trkpt lat="42.078248" lon="2.507818"></trkpt>
    <trkpt lat="42.078270" lon="2.507881"></trkpt>
    <trkpt lat="42.078288" lon="2.507932"></trkpt>
    <trkpt lat="42.078367" lon="2.508155"></trkpt>
    <trkpt lat="42.078409" lon="2.508269"></trkpt>
    <trkpt lat="42.078468" lon="2.508438"></trkpt>
    <trkpt lat="42.078553" lon="2.508679"></trkpt>
    <trkpt lat="42.078568" lon="2.508716"></trkpt>
    <trkpt lat="42.078641" lon="2.508929"></trkpt>
    <trkpt lat="42.078660" lon="2.509001"></trkpt>
    <trkpt lat="42.078669" lon="2.509072"></trkpt>
    <trkpt lat="42.078670" lon="2.509158"></trkpt>
    <trkpt lat="42.078651" lon="2.509260"></trkpt>
    <trkpt lat="42.078626" lon="2.509327"></trkpt>
    <trkpt lat="42.078618" lon="2.509350"></trkpt>
    <trkpt lat="42.078575" lon="2.509430"></trkpt>
    <trkpt lat="42.077981" lon="2.510147"></trkpt>
    <trkpt lat="42.077940" lon="2.510195"></trkpt>
    <trkpt lat="42.077879" lon="2.510270"></trkpt>
    <trkpt lat="42.077798" lon="2.510368"></trkpt>
    <trkpt lat="42.077658" lon="2.510535"></trkpt>
    <trkpt lat="42.077517" lon="2.510707"></trkpt>
    <trkpt lat="42.077345" lon="2.510915"></trkpt>
    <trkpt lat="42.077183" lon="2.511106"></trkpt>
    <trkpt lat="42.077026" lon="2.511297"></trkpt>
    <trkpt lat="42.076712" lon="2.511675"></trkpt>
    <trkpt lat="42.076581" lon="2.511832"></trkpt>
    <trkpt lat="42.076466" lon="2.511973"></trkpt>
    <trkpt lat="42.076347" lon="2.512116"></trkpt>
    <trkpt lat="42.076111" lon="2.512402"></trkpt>
    <trkpt lat="42.075637" lon="2.512975"></trkpt>
    <trkpt lat="42.075422" lon="2.513233"></trkpt>
    <trkpt lat="42.075391" lon="2.513268"></trkpt>
    <trkpt lat="42.075207" lon="2.513480"></trkpt>
    <trkpt lat="42.075062" lon="2.513666"></trkpt>
    <trkpt lat="42.075055" lon="2.513677"></trkpt>
    <trkpt lat="42.074996" lon="2.513763"></trkpt>
    <trkpt lat="42.074939" lon="2.513867"></trkpt>
    <trkpt lat="42.074752" lon="2.514382"></trkpt>
    <trkpt lat="42.074668" lon="2.514640"></trkpt>
    <trkpt lat="42.074552" lon="2.514960"></trkpt>
    <trkpt lat="42.074499" lon="2.515049"></trkpt>
    <trkpt lat="42.074436" lon="2.515122"></trkpt>
    <trkpt lat="42.074370" lon="2.515173"></trkpt>
    <trkpt lat="42.074206" lon="2.515266"></trkpt>
    <trkpt lat="42.073993" lon="2.515359"></trkpt>
    <trkpt lat="42.073942" lon="2.515382"></trkpt>
    <trkpt lat="42.073535" lon="2.515557"></trkpt>
    <trkpt lat="42.073376" lon="2.515646"></trkpt>
    <trkpt lat="42.073261" lon="2.515745"></trkpt>
    <trkpt lat="42.073186" lon="2.515819"></trkpt>
    <trkpt lat="42.073175" lon="2.515833"></trkpt>
    <trkpt lat="42.073063" lon="2.515976"></trkpt>
    <trkpt lat="42.072794" lon="2.516395"></trkpt>
    <trkpt lat="42.072647" lon="2.516645"></trkpt>
    <trkpt lat="42.072550" lon="2.516844"></trkpt>
    <trkpt lat="42.072500" lon="2.517006"></trkpt>
    <trkpt lat="42.072474" lon="2.517145"></trkpt>
    <trkpt lat="42.072457" lon="2.517273"></trkpt>
    <trkpt lat="42.072445" lon="2.517419"></trkpt>
    <trkpt lat="42.072430" lon="2.517671"></trkpt>
    <trkpt lat="42.072431" lon="2.517863"></trkpt>
    <trkpt lat="42.072443" lon="2.518055"></trkpt>
    <trkpt lat="42.072510" lon="2.518717"></trkpt>
    <trkpt lat="42.072517" lon="2.518853"></trkpt>
    <trkpt lat="42.072521" lon="2.519007"></trkpt>
    <trkpt lat="42.072524" lon="2.519272"></trkpt>
    <trkpt lat="42.072505" lon="2.519508"></trkpt>
    <trkpt lat="42.072463" lon="2.519815"></trkpt>
    <trkpt lat="42.072401" lon="2.520099"></trkpt>
    <trkpt lat="42.072320" lon="2.520370"></trkpt>
    <trkpt lat="42.072238" lon="2.520572"></trkpt>
    <trkpt lat="42.072123" lon="2.520826"></trkpt>
    <trkpt lat="42.071965" lon="2.521100"></trkpt>
    <trkpt lat="42.071900" lon="2.521204"></trkpt>
    <trkpt lat="42.071665" lon="2.521582"></trkpt>
    <trkpt lat="42.071463" lon="2.521888"></trkpt>
    <trkpt lat="42.071136" lon="2.522345"></trkpt>
    <trkpt lat="42.070932" lon="2.522621"></trkpt>
    <trkpt lat="42.070801" lon="2.522783"></trkpt>
    <trkpt lat="42.070659" lon="2.522934"></trkpt>
    <trkpt lat="42.070501" lon="2.523062"></trkpt>
    <trkpt lat="42.070364" lon="2.523154"></trkpt>
    <trkpt lat="42.070213" lon="2.523242"></trkpt>
    <trkpt lat="42.069999" lon="2.523364"></trkpt>
    <trkpt lat="42.069747" lon="2.523465"></trkpt>
    <trkpt lat="42.069539" lon="2.523581"></trkpt>
    <trkpt lat="42.069363" lon="2.523710"></trkpt>
    <trkpt lat="42.069199" lon="2.523860"></trkpt>
    <trkpt lat="42.069042" lon="2.524036"></trkpt>
    <trkpt lat="42.068728" lon="2.524480"></trkpt>
    <trkpt lat="42.068440" lon="2.524913"></trkpt>
    <trkpt lat="42.068211" lon="2.525284"></trkpt>
    <trkpt lat="42.067989" lon="2.525662"></trkpt>
    <trkpt lat="42.067841" lon="2.525926"></trkpt>
    <trkpt lat="42.067698" lon="2.526192"></trkpt>
    <trkpt lat="42.067472" lon="2.526628"></trkpt>
    <trkpt lat="42.067162" lon="2.527257"></trkpt>
    <trkpt lat="42.066857" lon="2.527891"></trkpt>
    <trkpt lat="42.066443" lon="2.528755"></trkpt>
    <trkpt lat="42.066227" lon="2.529205"></trkpt>
    <trkpt lat="42.066055" lon="2.529553"></trkpt>
    <trkpt lat="42.065989" lon="2.529680"></trkpt>
    <trkpt lat="42.065921" lon="2.529799"></trkpt>
    <trkpt lat="42.065835" lon="2.529943"></trkpt>
    <trkpt lat="42.065747" lon="2.530082"></trkpt>
    <trkpt lat="42.065654" lon="2.530210"></trkpt>
    <trkpt lat="42.065646" lon="2.530221"></trkpt>
    <trkpt lat="42.065562" lon="2.530335"></trkpt>
    <trkpt lat="42.065358" lon="2.530579"></trkpt>
    <trkpt lat="42.065255" lon="2.530687"></trkpt>
    <trkpt lat="42.065152" lon="2.530790"></trkpt>
    <trkpt lat="42.064934" lon="2.530979"></trkpt>
    <trkpt lat="42.064812" lon="2.531071"></trkpt>
    <trkpt lat="42.064748" lon="2.531119"></trkpt>
    <trkpt lat="42.064526" lon="2.531265"></trkpt>
    <trkpt lat="42.064291" lon="2.531397"></trkpt>
    <trkpt lat="42.063813" lon="2.531630"></trkpt>
    <trkpt lat="42.063438" lon="2.531837"></trkpt>
    <trkpt lat="42.063256" lon="2.531968"></trkpt>
    <trkpt lat="42.063064" lon="2.532121"></trkpt>
    <trkpt lat="42.062892" lon="2.532288"></trkpt>
    <trkpt lat="42.062703" lon="2.532514"></trkpt>
    <trkpt lat="42.062619" lon="2.532627"></trkpt>
    <trkpt lat="42.062547" lon="2.532729"></trkpt>
    <trkpt lat="42.062431" lon="2.532916"></trkpt>
    <trkpt lat="42.062292" lon="2.533158"></trkpt>
    <trkpt lat="42.062222" lon="2.533286"></trkpt>
    <trkpt lat="42.062072" lon="2.533563"></trkpt>
    <trkpt lat="42.061896" lon="2.533876"></trkpt>
    <trkpt lat="42.061774" lon="2.534097"></trkpt>
    <trkpt lat="42.061672" lon="2.534282"></trkpt>
    <trkpt lat="42.061446" lon="2.534677"></trkpt>
    <trkpt lat="42.061302" lon="2.534902"></trkpt>
    <trkpt lat="42.061139" lon="2.535125"></trkpt>
    <trkpt lat="42.060995" lon="2.535302"></trkpt>
    <trkpt lat="42.060828" lon="2.535470"></trkpt>
    <trkpt lat="42.060645" lon="2.535642"></trkpt>
    <trkpt lat="42.059843" lon="2.536374"></trkpt>
    <trkpt lat="42.059597" lon="2.536599"></trkpt>
    <trkpt lat="42.059348" lon="2.536823"></trkpt>
    <trkpt lat="42.059299" lon="2.536870"></trkpt>
    <trkpt lat="42.059074" lon="2.537128"></trkpt>
    <trkpt lat="42.059066" lon="2.537140"></trkpt>
    <trkpt lat="42.058946" lon="2.537304"></trkpt>
    <trkpt lat="42.058659" lon="2.537698"></trkpt>
    <trkpt lat="42.058104" lon="2.538448"></trkpt>
    <trkpt lat="42.058019" lon="2.538563"></trkpt>
    <trkpt lat="42.057953" lon="2.538649"></trkpt>
    <trkpt lat="42.057591" lon="2.539151"></trkpt>
    <trkpt lat="42.057359" lon="2.539472"></trkpt>
    <trkpt lat="42.057181" lon="2.539711"></trkpt>
    <trkpt lat="42.056998" lon="2.539955"></trkpt>
    <trkpt lat="42.056955" lon="2.540012"></trkpt>
    <trkpt lat="42.056923" lon="2.540057"></trkpt>
    <trkpt lat="42.056640" lon="2.540450"></trkpt>
    <trkpt lat="42.055626" lon="2.541838"></trkpt>
    <trkpt lat="42.055552" lon="2.541940"></trkpt>
    <trkpt lat="42.055197" lon="2.542422"></trkpt>
    <trkpt lat="42.055163" lon="2.542468"></trkpt>
    <trkpt lat="42.054845" lon="2.542907"></trkpt>
    <trkpt lat="42.054538" lon="2.543321"></trkpt>
    <trkpt lat="42.054405" lon="2.543506"></trkpt>
    <trkpt lat="42.054306" lon="2.543636"></trkpt>
    <trkpt lat="42.054218" lon="2.543759"></trkpt>
    <trkpt lat="42.053430" lon="2.544829"></trkpt>
    <trkpt lat="42.052562" lon="2.546018"></trkpt>
    <trkpt lat="42.052490" lon="2.546115"></trkpt>
    <trkpt lat="42.051388" lon="2.547619"></trkpt>
    <trkpt lat="42.051351" lon="2.547670"></trkpt>
    <trkpt lat="42.051044" lon="2.548091"></trkpt>
    <trkpt lat="42.050577" lon="2.548725"></trkpt>
    <trkpt lat="42.050409" lon="2.548963"></trkpt>
    <trkpt lat="42.050361" lon="2.549031"></trkpt>
    <trkpt lat="42.050226" lon="2.549244"></trkpt>
    <trkpt lat="42.050079" lon="2.549501"></trkpt>
    <trkpt lat="42.049945" lon="2.549746"></trkpt>
    <trkpt lat="42.049814" lon="2.550000"></trkpt>
    <trkpt lat="42.049602" lon="2.550398"></trkpt>
    <trkpt lat="42.049583" lon="2.550429"></trkpt>
    <trkpt lat="42.049540" lon="2.550461"></trkpt>
    <trkpt lat="42.049503" lon="2.550480"></trkpt>
    <trkpt lat="42.049442" lon="2.550498"></trkpt>
    <trkpt lat="42.049385" lon="2.550502"></trkpt>
    <trkpt lat="42.049274" lon="2.550492"></trkpt>
    <trkpt lat="42.049172" lon="2.550471"></trkpt>
    <trkpt lat="42.049073" lon="2.550452"></trkpt>
    <trkpt lat="42.048936" lon="2.550446"></trkpt>
    <trkpt lat="42.048776" lon="2.550461"></trkpt>
    <trkpt lat="42.048525" lon="2.550497"></trkpt>
    <trkpt lat="42.047986" lon="2.550576"></trkpt>
    <trkpt lat="42.047694" lon="2.550621"></trkpt>
    <trkpt lat="42.047608" lon="2.550645"></trkpt>
    <trkpt lat="42.047580" lon="2.550653"></trkpt>
    <trkpt lat="42.047417" lon="2.550697"></trkpt>
    <trkpt lat="42.047305" lon="2.550743"></trkpt>
    <trkpt lat="42.047159" lon="2.550820"></trkpt>
    <trkpt lat="42.047032" lon="2.550901"></trkpt>
    <trkpt lat="42.046860" lon="2.551042"></trkpt>
    <trkpt lat="42.046850" lon="2.551052"></trkpt>
    <trkpt lat="42.046711" lon="2.551196"></trkpt>
    <trkpt lat="42.046562" lon="2.551400"></trkpt>
    <trkpt lat="42.046413" lon="2.551641"></trkpt>
    <trkpt lat="42.046282" lon="2.551931"></trkpt>
    <trkpt lat="42.045944" lon="2.552775"></trkpt>
    <trkpt lat="42.045939" lon="2.552790"></trkpt>
    <trkpt lat="42.045750" lon="2.553330"></trkpt>
    <trkpt lat="42.045655" lon="2.553902"></trkpt>
    <trkpt lat="42.045653" lon="2.553919"></trkpt>
    <trkpt lat="42.045656" lon="2.554435"></trkpt>
    <trkpt lat="42.045722" lon="2.554984"></trkpt>
    <trkpt lat="42.045922" lon="2.555604"></trkpt>
    <trkpt lat="42.046142" lon="2.556292"></trkpt>
    <trkpt lat="42.046201" lon="2.556556"></trkpt>
    <trkpt lat="42.046202" lon="2.556570"></trkpt>
    <trkpt lat="42.046208" lon="2.556623"></trkpt>
    <trkpt lat="42.046233" lon="2.556830"></trkpt>
    <trkpt lat="42.046244" lon="2.557120"></trkpt>
    <trkpt lat="42.046243" lon="2.557389"></trkpt>
    <trkpt lat="42.046204" lon="2.557735"></trkpt>
    <trkpt lat="42.046145" lon="2.558037"></trkpt>
    <trkpt lat="42.046043" lon="2.558366"></trkpt>
    <trkpt lat="42.045974" lon="2.558544"></trkpt>
    <trkpt lat="42.045919" lon="2.558684"></trkpt>
    <trkpt lat="42.044177" lon="2.562107"></trkpt>
    <trkpt lat="42.044159" lon="2.562141"></trkpt>
    <trkpt lat="42.043590" lon="2.563246"></trkpt>
    <trkpt lat="42.043354" lon="2.563594"></trkpt>
    <trkpt lat="42.043007" lon="2.564003"></trkpt>
    <trkpt lat="42.042638" lon="2.564354"></trkpt>
    <trkpt lat="42.042172" lon="2.564673"></trkpt>
    <trkpt lat="42.041878" lon="2.564842"></trkpt>
    <trkpt lat="42.041712" lon="2.564934"></trkpt>
    <trkpt lat="42.041572" lon="2.564991"></trkpt>
    <trkpt lat="42.041270" lon="2.565159"></trkpt>
    <trkpt lat="42.040979" lon="2.565368"></trkpt>
    <trkpt lat="42.040772" lon="2.565567"></trkpt>
    <trkpt lat="42.040580" lon="2.565771"></trkpt>
    <trkpt lat="42.040420" lon="2.566010"></trkpt>
    <trkpt lat="42.040294" lon="2.566242"></trkpt>
    <trkpt lat="42.040168" lon="2.566526"></trkpt>
    <trkpt lat="42.040150" lon="2.566575"></trkpt>
    <trkpt lat="42.040060" lon="2.566831"></trkpt>
    <trkpt lat="42.039977" lon="2.567162"></trkpt>
    <trkpt lat="42.039915" lon="2.567521"></trkpt>
    <trkpt lat="42.039019" lon="2.573602"></trkpt>
    <trkpt lat="42.038921" lon="2.574089"></trkpt>
    <trkpt lat="42.038796" lon="2.574556"></trkpt>
    <trkpt lat="42.038658" lon="2.574979"></trkpt>
    <trkpt lat="42.038441" lon="2.575544"></trkpt>
    <trkpt lat="42.037847" lon="2.577054"></trkpt>
    <trkpt lat="42.037538" lon="2.577601"></trkpt>
    <trkpt lat="42.037155" lon="2.578070"></trkpt>
    <trkpt lat="42.036703" lon="2.578437"></trkpt>
    <trkpt lat="42.036540" lon="2.578575"></trkpt>
    <trkpt lat="42.035561" lon="2.579408"></trkpt>
    <trkpt lat="42.035146" lon="2.579883"></trkpt>
    <trkpt lat="42.034911" lon="2.580204"></trkpt>
    <trkpt lat="42.034764" lon="2.580404"></trkpt>
    <trkpt lat="42.034294" lon="2.581107"></trkpt>
    <trkpt lat="42.033948" lon="2.581626"></trkpt>
    <trkpt lat="42.033523" lon="2.582169"></trkpt>
    <trkpt lat="42.033065" lon="2.582623"></trkpt>
    <trkpt lat="42.032099" lon="2.583422"></trkpt>
    <trkpt lat="42.031471" lon="2.583895"></trkpt>
    <trkpt lat="42.031194" lon="2.584104"></trkpt>
    <trkpt lat="42.030661" lon="2.584477"></trkpt>
    <trkpt lat="42.030013" lon="2.584744"></trkpt>
    <trkpt lat="42.029677" lon="2.584888"></trkpt>
    <trkpt lat="42.029394" lon="2.585045"></trkpt>
    <trkpt lat="42.029066" lon="2.585286"></trkpt>
    <trkpt lat="42.028781" lon="2.585552"></trkpt>
    <trkpt lat="42.028604" lon="2.585722"></trkpt>
    <trkpt lat="42.026956" lon="2.587313"></trkpt>
    <trkpt lat="42.026904" lon="2.587363"></trkpt>
    <trkpt lat="42.026676" lon="2.587584"></trkpt>
    <trkpt lat="42.024552" lon="2.589652"></trkpt>
    <trkpt lat="42.023903" lon="2.590284"></trkpt>
    <trkpt lat="42.023028" lon="2.591137"></trkpt>
    <trkpt lat="42.022731" lon="2.591426"></trkpt>
    <trkpt lat="42.021914" lon="2.592222"></trkpt>
    <trkpt lat="42.021745" lon="2.592387"></trkpt>
    <trkpt lat="42.021714" lon="2.592417"></trkpt>
    <trkpt lat="42.021126" lon="2.592989"></trkpt>
    <trkpt lat="42.020492" lon="2.593607"></trkpt>
    <trkpt lat="42.019892" lon="2.594190"></trkpt>
    <trkpt lat="42.019709" lon="2.594369"></trkpt>
    <trkpt lat="42.019684" lon="2.594369"></trkpt>
    <trkpt lat="42.019652" lon="2.594388"></trkpt>
    <trkpt lat="42.019623" lon="2.594402"></trkpt>
    <trkpt lat="42.019602" lon="2.594409"></trkpt>
    <trkpt lat="42.019566" lon="2.594419"></trkpt>
    <trkpt lat="42.019517" lon="2.594434"></trkpt>
    <trkpt lat="42.019483" lon="2.594415"></trkpt>
    <trkpt lat="42.019446" lon="2.594406"></trkpt>
    <trkpt lat="42.019409" lon="2.594407"></trkpt>
    <trkpt lat="42.019373" lon="2.594419"></trkpt>
    <trkpt lat="42.019340" lon="2.594442"></trkpt>
    <trkpt lat="42.019312" lon="2.594473"></trkpt>
    <trkpt lat="42.019289" lon="2.594512"></trkpt>
    <trkpt lat="42.019272" lon="2.594557"></trkpt>
    <trkpt lat="42.019264" lon="2.594605"></trkpt>
    <trkpt lat="42.019262" lon="2.594616"></trkpt>
    <trkpt lat="42.019241" lon="2.594680"></trkpt>
    <trkpt lat="42.019223" lon="2.594744"></trkpt>
    <trkpt lat="42.019209" lon="2.594783"></trkpt>
    <trkpt lat="42.019194" lon="2.594815"></trkpt>
    <trkpt lat="42.019175" lon="2.594843"></trkpt>
    <trkpt lat="42.019151" lon="2.594908"></trkpt>
    <trkpt lat="42.018479" lon="2.595564"></trkpt>
    <trkpt lat="42.018409" lon="2.595633"></trkpt>
    <trkpt lat="42.017842" lon="2.596184"></trkpt>
    <trkpt lat="42.017594" lon="2.596431"></trkpt>
    <trkpt lat="42.017389" lon="2.596624"></trkpt>
    <trkpt lat="42.017008" lon="2.596996"></trkpt>
    <trkpt lat="42.016783" lon="2.597213"></trkpt>
    <trkpt lat="42.016309" lon="2.597680"></trkpt>
    <trkpt lat="42.016282" lon="2.597679"></trkpt>
    <trkpt lat="42.016199" lon="2.597724"></trkpt>
    <trkpt lat="42.016157" lon="2.597730"></trkpt>
    <trkpt lat="42.016107" lon="2.597746"></trkpt>
    <trkpt lat="42.016044" lon="2.597734"></trkpt>
    <trkpt lat="42.015985" lon="2.597760"></trkpt>
    <trkpt lat="42.015939" lon="2.597818"></trkpt>
    <trkpt lat="42.015917" lon="2.597896"></trkpt>
    <trkpt lat="42.015918" lon="2.597927"></trkpt>
    <trkpt lat="42.015868" lon="2.598043"></trkpt>
    <trkpt lat="42.015826" lon="2.598126"></trkpt>
    <trkpt lat="42.015816" lon="2.598167"></trkpt>
    <trkpt lat="42.015660" lon="2.598313"></trkpt>
    <trkpt lat="42.014948" lon="2.598996"></trkpt>
    <trkpt lat="42.013650" lon="2.600295"></trkpt>
    <trkpt lat="42.013499" lon="2.600449"></trkpt>
    <trkpt lat="42.013266" lon="2.600658"></trkpt>
    <trkpt lat="42.012666" lon="2.601256"></trkpt>
    <trkpt lat="42.011683" lon="2.602195"></trkpt>
    <trkpt lat="42.011515" lon="2.602357"></trkpt>
    <trkpt lat="42.011339" lon="2.602531"></trkpt>
    <trkpt lat="42.011189" lon="2.602679"></trkpt>
    <trkpt lat="42.010812" lon="2.603051"></trkpt>
    <trkpt lat="42.010712" lon="2.603154"></trkpt>
    <trkpt lat="42.010694" lon="2.603172"></trkpt>
    <trkpt lat="42.010662" lon="2.603206"></trkpt>
    <trkpt lat="42.010559" lon="2.603306"></trkpt>
    <trkpt lat="42.010509" lon="2.603354"></trkpt>
    <trkpt lat="42.010195" lon="2.603660"></trkpt>
    <trkpt lat="42.010177" lon="2.603678"></trkpt>
    <trkpt lat="42.010139" lon="2.603715"></trkpt>
    <trkpt lat="42.009923" lon="2.603927"></trkpt>
    <trkpt lat="42.009825" lon="2.604017"></trkpt>
    <trkpt lat="42.009520" lon="2.604279"></trkpt>
    <trkpt lat="42.009326" lon="2.604418"></trkpt>
    <trkpt lat="42.009170" lon="2.604480"></trkpt>
    <trkpt lat="42.008921" lon="2.604548"></trkpt>
    <trkpt lat="42.008808" lon="2.604579"></trkpt>
    <trkpt lat="42.008764" lon="2.604588"></trkpt>
    <trkpt lat="42.008722" lon="2.604603"></trkpt>
    <trkpt lat="42.008520" lon="2.604680"></trkpt>
    <trkpt lat="42.008394" lon="2.604711"></trkpt>
    <trkpt lat="42.008064" lon="2.604791"></trkpt>
    <trkpt lat="42.007748" lon="2.604868"></trkpt>
    <trkpt lat="42.007554" lon="2.604934"></trkpt>
    <trkpt lat="42.006980" lon="2.605101"></trkpt>
    <trkpt lat="42.006889" lon="2.605129"></trkpt>
    <trkpt lat="42.006852" lon="2.605140"></trkpt>
    <trkpt lat="42.006747" lon="2.605172"></trkpt>
    <trkpt lat="42.006523" lon="2.605239"></trkpt>
    <trkpt lat="42.006464" lon="2.605257"></trkpt>
    <trkpt lat="42.006197" lon="2.605322"></trkpt>
    <trkpt lat="42.005924" lon="2.605343"></trkpt>
    <trkpt lat="42.005432" lon="2.605311"></trkpt>
    <trkpt lat="42.005336" lon="2.605309"></trkpt>
    <trkpt lat="42.004885" lon="2.605297"></trkpt>
    <trkpt lat="42.003996" lon="2.605261"></trkpt>
    <trkpt lat="42.003631" lon="2.605248"></trkpt>
    <trkpt lat="42.002848" lon="2.605219"></trkpt>
    <trkpt lat="42.001819" lon="2.605177"></trkpt>
    <trkpt lat="42.001428" lon="2.605150"></trkpt>
    <trkpt lat="42.001024" lon="2.605148"></trkpt>
    <trkpt lat="42.000735" lon="2.605168"></trkpt>
    <trkpt lat="42.000402" lon="2.605227"></trkpt>
    <trkpt lat="42.000064" lon="2.605363"></trkpt>
    <trkpt lat="41.999743" lon="2.605528"></trkpt>
    <trkpt lat="41.999535" lon="2.605699"></trkpt>
    <trkpt lat="41.999276" lon="2.605944"></trkpt>
    <trkpt lat="41.998982" lon="2.606266"></trkpt>
    <trkpt lat="41.998511" lon="2.606818"></trkpt>
    <trkpt lat="41.998498" lon="2.606834"></trkpt>
    <trkpt lat="41.998277" lon="2.607092"></trkpt>
    <trkpt lat="41.998103" lon="2.607280"></trkpt>
    <trkpt lat="41.997888" lon="2.607464"></trkpt>
    <trkpt lat="41.997673" lon="2.607608"></trkpt>
    <trkpt lat="41.996843" lon="2.608080"></trkpt>
    <trkpt lat="41.996319" lon="2.608376"></trkpt>
    <trkpt lat="41.995815" lon="2.608665"></trkpt>
    <trkpt lat="41.995659" lon="2.608786"></trkpt>
    <trkpt lat="41.995494" lon="2.608934"></trkpt>
    <trkpt lat="41.995033" lon="2.609433"></trkpt>
    <trkpt lat="41.994759" lon="2.609737"></trkpt>
    <trkpt lat="41.994537" lon="2.609956"></trkpt>
    <trkpt lat="41.994342" lon="2.610112"></trkpt>
    <trkpt lat="41.994317" lon="2.610127"></trkpt>
    <trkpt lat="41.994271" lon="2.610154"></trkpt>
    <trkpt lat="41.994107" lon="2.610251"></trkpt>
    <trkpt lat="41.993722" lon="2.610440"></trkpt>
    <trkpt lat="41.993539" lon="2.610531"></trkpt>
    <trkpt lat="41.993259" lon="2.610671"></trkpt>
    <trkpt lat="41.993124" lon="2.610738"></trkpt>
    <trkpt lat="41.992905" lon="2.610806"></trkpt>
    <trkpt lat="41.992654" lon="2.610838"></trkpt>
    <trkpt lat="41.992422" lon="2.610830"></trkpt>
    <trkpt lat="41.992220" lon="2.610788"></trkpt>
    <trkpt lat="41.991992" lon="2.610709"></trkpt>
    <trkpt lat="41.991779" lon="2.610605"></trkpt>
    <trkpt lat="41.991562" lon="2.610434"></trkpt>
    <trkpt lat="41.991388" lon="2.610248"></trkpt>
    <trkpt lat="41.991226" lon="2.610024"></trkpt>
    <trkpt lat="41.991116" lon="2.609843"></trkpt>
    <trkpt lat="41.991011" lon="2.609634"></trkpt>
    <trkpt lat="41.990789" lon="2.609155"></trkpt>
    <trkpt lat="41.990467" lon="2.608583"></trkpt>
    <trkpt lat="41.990337" lon="2.608382"></trkpt>
    <trkpt lat="41.990069" lon="2.608033"></trkpt>
    <trkpt lat="41.989933" lon="2.607879"></trkpt>
    <trkpt lat="41.989822" lon="2.607753"></trkpt>
    <trkpt lat="41.989815" lon="2.607744"></trkpt>
    <trkpt lat="41.989493" lon="2.607396"></trkpt>
    <trkpt lat="41.988238" lon="2.606036"></trkpt>
    <trkpt lat="41.988011" lon="2.605763"></trkpt>
    <trkpt lat="41.987946" lon="2.605677"></trkpt>
    <trkpt lat="41.987800" lon="2.605466"></trkpt>
    <trkpt lat="41.987523" lon="2.604990"></trkpt>
    <trkpt lat="41.987262" lon="2.604527"></trkpt>
    <trkpt lat="41.987139" lon="2.604332"></trkpt>
    <trkpt lat="41.987040" lon="2.604201"></trkpt>
    <trkpt lat="41.986969" lon="2.604127"></trkpt>
    <trkpt lat="41.986930" lon="2.604094"></trkpt>
    <trkpt lat="41.986802" lon="2.604006"></trkpt>
    <trkpt lat="41.986684" lon="2.603939"></trkpt>
    <trkpt lat="41.986609" lon="2.603906"></trkpt>
    <trkpt lat="41.986527" lon="2.603886"></trkpt>
    <trkpt lat="41.986439" lon="2.603878"></trkpt>
    <trkpt lat="41.986393" lon="2.603880"></trkpt>
    <trkpt lat="41.986319" lon="2.603885"></trkpt>
    <trkpt lat="41.986229" lon="2.603900"></trkpt>
    <trkpt lat="41.985663" lon="2.604037"></trkpt>
    <trkpt lat="41.985486" lon="2.604081"></trkpt>
    <trkpt lat="41.985381" lon="2.604118"></trkpt>
    <trkpt lat="41.985289" lon="2.604159"></trkpt>
    <trkpt lat="41.985165" lon="2.604236"></trkpt>
    <trkpt lat="41.985082" lon="2.604302"></trkpt>
    <trkpt lat="41.984980" lon="2.604426"></trkpt>
    <trkpt lat="41.984811" lon="2.604646"></trkpt>
    <trkpt lat="41.984647" lon="2.604873"></trkpt>
    <trkpt lat="41.984261" lon="2.605409"></trkpt>
    <trkpt lat="41.984103" lon="2.605618"></trkpt>
    <trkpt lat="41.983999" lon="2.605773"></trkpt>
    <trkpt lat="41.983943" lon="2.605857"></trkpt>
    <trkpt lat="41.983885" lon="2.605939"></trkpt>
    <trkpt lat="41.983696" lon="2.606207"></trkpt>
    <trkpt lat="41.983425" lon="2.606590"></trkpt>
    <trkpt lat="41.983366" lon="2.606672"></trkpt>
    <trkpt lat="41.983078" lon="2.607070"></trkpt>
    <trkpt lat="41.982503" lon="2.607864"></trkpt>
    <trkpt lat="41.982453" lon="2.607938"></trkpt>
    <trkpt lat="41.982272" lon="2.608209"></trkpt>
    <trkpt lat="41.982214" lon="2.608290"></trkpt>
    <trkpt lat="41.981458" lon="2.609341"></trkpt>
    <trkpt lat="41.981178" lon="2.609738"></trkpt>
    <trkpt lat="41.980967" lon="2.610039"></trkpt>
    <trkpt lat="41.980699" lon="2.610418"></trkpt>
    <trkpt lat="41.980355" lon="2.610926"></trkpt>
    <trkpt lat="41.980246" lon="2.611094"></trkpt>
    <trkpt lat="41.980109" lon="2.611281"></trkpt>
    <trkpt lat="41.979808" lon="2.611809"></trkpt>
    <trkpt lat="41.979526" lon="2.612503"></trkpt>
    <trkpt lat="41.979357" lon="2.612918"></trkpt>
    <trkpt lat="41.979347" lon="2.612951"></trkpt>
    <trkpt lat="41.979229" lon="2.613339"></trkpt>
    <trkpt lat="41.979112" lon="2.613796"></trkpt>
    <trkpt lat="41.978978" lon="2.614446"></trkpt>
    <trkpt lat="41.978928" lon="2.614759"></trkpt>
    <trkpt lat="41.978873" lon="2.615217"></trkpt>
    <trkpt lat="41.978847" lon="2.615704"></trkpt>
    <trkpt lat="41.978838" lon="2.616173"></trkpt>
    <trkpt lat="41.978827" lon="2.616817"></trkpt>
    <trkpt lat="41.978818" lon="2.617280"></trkpt>
    <trkpt lat="41.978783" lon="2.617738"></trkpt>
    <trkpt lat="41.978717" lon="2.618140"></trkpt>
    <trkpt lat="41.978674" lon="2.618408"></trkpt>
    <trkpt lat="41.978577" lon="2.618872"></trkpt>
    <trkpt lat="41.978485" lon="2.619197"></trkpt>
    <trkpt lat="41.978377" lon="2.619542"></trkpt>
    <trkpt lat="41.978120" lon="2.620202"></trkpt>
    <trkpt lat="41.977931" lon="2.620629"></trkpt>
    <trkpt lat="41.977650" lon="2.621128"></trkpt>
    <trkpt lat="41.977405" lon="2.621518"></trkpt>
    <trkpt lat="41.976981" lon="2.622058"></trkpt>
    <trkpt lat="41.976803" lon="2.622241"></trkpt>
    <trkpt lat="41.976509" lon="2.622545"></trkpt>
    <trkpt lat="41.976226" lon="2.622784"></trkpt>
    <trkpt lat="41.975828" lon="2.623080"></trkpt>
    <trkpt lat="41.975477" lon="2.623289"></trkpt>
    <trkpt lat="41.975144" lon="2.623458"></trkpt>
    <trkpt lat="41.974788" lon="2.623602"></trkpt>
    <trkpt lat="41.974393" lon="2.623724"></trkpt>
    <trkpt lat="41.974236" lon="2.623761"></trkpt>
    <trkpt lat="41.969978" lon="2.624532"></trkpt>
    <trkpt lat="41.968545" lon="2.624757"></trkpt>
    <trkpt lat="41.968396" lon="2.624783"></trkpt>
    <trkpt lat="41.968085" lon="2.624838"></trkpt>
    <trkpt lat="41.967832" lon="2.624870"></trkpt>
    <trkpt lat="41.967647" lon="2.624884"></trkpt>
    <trkpt lat="41.967521" lon="2.624855"></trkpt>
    <trkpt lat="41.967418" lon="2.624840"></trkpt>
    <trkpt lat="41.967413" lon="2.624815"></trkpt>
    <trkpt lat="41.967406" lon="2.624790"></trkpt>
    <trkpt lat="41.967393" lon="2.624758"></trkpt>
    <trkpt lat="41.967374" lon="2.624730"></trkpt>
    <trkpt lat="41.967352" lon="2.624707"></trkpt>
    <trkpt lat="41.967328" lon="2.624691"></trkpt>
    <trkpt lat="41.967301" lon="2.624681"></trkpt>
    <trkpt lat="41.967273" lon="2.624678"></trkpt>
    <trkpt lat="41.967246" lon="2.624683"></trkpt>
    <trkpt lat="41.967219" lon="2.624694"></trkpt>
    <trkpt lat="41.967202" lon="2.624706"></trkpt>
    <trkpt lat="41.967195" lon="2.624713"></trkpt>
    <trkpt lat="41.967187" lon="2.624721"></trkpt>
    <trkpt lat="41.967173" lon="2.624739"></trkpt>
    <trkpt lat="41.967156" lon="2.624768"></trkpt>
    <trkpt lat="41.967144" lon="2.624802"></trkpt>
    <trkpt lat="41.967137" lon="2.624838"></trkpt>
    <trkpt lat="41.967135" lon="2.624875"></trkpt>
    <trkpt lat="41.967138" lon="2.624911"></trkpt>
    <trkpt lat="41.967037" lon="2.625143"></trkpt>
    <trkpt lat="41.966970" lon="2.625292"></trkpt>
    <trkpt lat="41.966745" lon="2.625543"></trkpt>
    <trkpt lat="41.966451" lon="2.625860"></trkpt>
    <trkpt lat="41.966342" lon="2.625994"></trkpt>
    <trkpt lat="41.966124" lon="2.626243"></trkpt>
    <trkpt lat="41.965865" lon="2.626504"></trkpt>
    <trkpt lat="41.964661" lon="2.627829"></trkpt>
    <trkpt lat="41.964352" lon="2.628165"></trkpt>
    <trkpt lat="41.964045" lon="2.628506"></trkpt>
    <trkpt lat="41.963655" lon="2.628946"></trkpt>
    <trkpt lat="41.963261" lon="2.629337"></trkpt>
    <trkpt lat="41.963170" lon="2.629442"></trkpt>
    <trkpt lat="41.962242" lon="2.630456"></trkpt>
    <trkpt lat="41.962184" lon="2.630522"></trkpt>
    <trkpt lat="41.962069" lon="2.630652"></trkpt>
    <trkpt lat="41.961548" lon="2.631227"></trkpt>
    <trkpt lat="41.961213" lon="2.631597"></trkpt>
    <trkpt lat="41.961189" lon="2.631624"></trkpt>
    <trkpt lat="41.961139" lon="2.631679"></trkpt>
    <trkpt lat="41.960822" lon="2.632027"></trkpt>
    <trkpt lat="41.960804" lon="2.632047"></trkpt>
    <trkpt lat="41.960624" lon="2.632246"></trkpt>
    <trkpt lat="41.959903" lon="2.633040"></trkpt>
    <trkpt lat="41.959824" lon="2.633127"></trkpt>
    <trkpt lat="41.959195" lon="2.633806"></trkpt>
    <trkpt lat="41.958833" lon="2.634238"></trkpt>
    <trkpt lat="41.958610" lon="2.634427"></trkpt>
    <trkpt lat="41.958545" lon="2.634396"></trkpt>
    <trkpt lat="41.958491" lon="2.634404"></trkpt>
    <trkpt lat="41.958444" lon="2.634439"></trkpt>
    <trkpt lat="41.958412" lon="2.634492"></trkpt>
    <trkpt lat="41.958396" lon="2.634558"></trkpt>
    <trkpt lat="41.958265" lon="2.634747"></trkpt>
    <trkpt lat="41.958233" lon="2.634792"></trkpt>
    <trkpt lat="41.958153" lon="2.634897"></trkpt>
    <trkpt lat="41.958022" lon="2.635073"></trkpt>
    <trkpt lat="41.957877" lon="2.635241"></trkpt>
    <trkpt lat="41.957755" lon="2.635369"></trkpt>
    <trkpt lat="41.957690" lon="2.635442"></trkpt>
    <trkpt lat="41.957559" lon="2.635587"></trkpt>
    <trkpt lat="41.957446" lon="2.635714"></trkpt>
    <trkpt lat="41.957434" lon="2.635727"></trkpt>
    <trkpt lat="41.957373" lon="2.635795"></trkpt>
    <trkpt lat="41.957136" lon="2.636052"></trkpt>
    <trkpt lat="41.957062" lon="2.636132"></trkpt>
    <trkpt lat="41.957023" lon="2.636175"></trkpt>
    <trkpt lat="41.956967" lon="2.636235"></trkpt>
    <trkpt lat="41.956518" lon="2.636723"></trkpt>
    <trkpt lat="41.956454" lon="2.636793"></trkpt>
    <trkpt lat="41.956182" lon="2.637091"></trkpt>
    <trkpt lat="41.955775" lon="2.637535"></trkpt>
    <trkpt lat="41.955740" lon="2.637576"></trkpt>
    <trkpt lat="41.955643" lon="2.637692"></trkpt>
    <trkpt lat="41.955319" lon="2.638036"></trkpt>
    <trkpt lat="41.955276" lon="2.638081"></trkpt>
    <trkpt lat="41.955182" lon="2.638176"></trkpt>
    <trkpt lat="41.955139" lon="2.638230"></trkpt>
    <trkpt lat="41.955071" lon="2.638304"></trkpt>
    <trkpt lat="41.954399" lon="2.639040"></trkpt>
    <trkpt lat="41.954313" lon="2.639132"></trkpt>
    <trkpt lat="41.954235" lon="2.639216"></trkpt>
    <trkpt lat="41.954203" lon="2.639249"></trkpt>
    <trkpt lat="41.954172" lon="2.639285"></trkpt>
    <trkpt lat="41.954080" lon="2.639386"></trkpt>
    <trkpt lat="41.954041" lon="2.639430"></trkpt>
    <trkpt lat="41.953988" lon="2.639489"></trkpt>
    <trkpt lat="41.953956" lon="2.639523"></trkpt>
    <trkpt lat="41.953286" lon="2.640253"></trkpt>
    <trkpt lat="41.953199" lon="2.640341"></trkpt>
    <trkpt lat="41.953112" lon="2.640404"></trkpt>
    <trkpt lat="41.953039" lon="2.640448"></trkpt>
    <trkpt lat="41.952950" lon="2.640476"></trkpt>
    <trkpt lat="41.952755" lon="2.640495"></trkpt>
    <trkpt lat="41.952541" lon="2.640512"></trkpt>
    <trkpt lat="41.952532" lon="2.640709"></trkpt>
    <trkpt lat="41.952507" lon="2.640776"></trkpt>
    <trkpt lat="41.952668" lon="2.640816"></trkpt>
    <trkpt lat="41.952986" lon="2.640752"></trkpt>
    <trkpt lat="41.953171" lon="2.640790"></trkpt>
    <trkpt lat="41.953455" lon="2.640892"></trkpt>
    <trkpt lat="41.953841" lon="2.640767"></trkpt>
    <trkpt lat="41.954006" lon="2.640714"></trkpt>
    <trkpt lat="41.954229" lon="2.640765"></trkpt>
    <trkpt lat="41.954494" lon="2.640752"></trkpt>
    <trkpt lat="41.954599" lon="2.640816"></trkpt>
    <trkpt lat="41.954698" lon="2.641128"></trkpt>
    <trkpt lat="41.954613" lon="2.641409"></trkpt>
    <trkpt lat="41.954423" lon="2.641578"></trkpt>
    <trkpt lat="41.954376" lon="2.641620"></trkpt>
    <trkpt lat="41.954243" lon="2.641725"></trkpt>
    <trkpt lat="41.954166" lon="2.641766"></trkpt>
    <trkpt lat="41.954090" lon="2.641771"></trkpt>
    <trkpt lat="41.954040" lon="2.641768"></trkpt>
    <trkpt lat="41.953988" lon="2.641801"></trkpt>
    <trkpt lat="41.953833" lon="2.641851"></trkpt>
    <trkpt lat="41.953637" lon="2.642004"></trkpt>
    <trkpt lat="41.953231" lon="2.642274"></trkpt>
    <trkpt lat="41.953158" lon="2.642377"></trkpt>
    <trkpt lat="41.953129" lon="2.642568"></trkpt>
    <trkpt lat="41.952738" lon="2.643012"></trkpt>
    <trkpt lat="41.952659" lon="2.643068"></trkpt>
    <trkpt lat="41.952600" lon="2.643261"></trkpt>
    <trkpt lat="41.952561" lon="2.643542"></trkpt>
    <trkpt lat="41.952520" lon="2.643618"></trkpt>
    <trkpt lat="41.952472" lon="2.643667"></trkpt>
    <trkpt lat="41.952396" lon="2.643697"></trkpt>
    <trkpt lat="41.952324" lon="2.643694"></trkpt>
    <trkpt lat="41.951972" lon="2.643550"></trkpt>
    <trkpt lat="41.951902" lon="2.643530"></trkpt>
    <trkpt lat="41.951815" lon="2.643536"></trkpt>
    <trkpt lat="41.951721" lon="2.643602"></trkpt>
    <trkpt lat="41.951508" lon="2.643860"></trkpt>
    <trkpt lat="41.951405" lon="2.643933"></trkpt>
    <trkpt lat="41.950762" lon="2.644276"></trkpt>
    <trkpt lat="41.950476" lon="2.644374"></trkpt>
    <trkpt lat="41.949510" lon="2.644559"></trkpt>
    <trkpt lat="41.949222" lon="2.644778"></trkpt>
    <trkpt lat="41.949107" lon="2.644842"></trkpt>
    <trkpt lat="41.948792" lon="2.644913"></trkpt>
    <trkpt lat="41.948732" lon="2.644959"></trkpt>
    <trkpt lat="41.948691" lon="2.645033"></trkpt>
    <trkpt lat="41.948680" lon="2.645124"></trkpt>
    <trkpt lat="41.948726" lon="2.645406"></trkpt>
    <trkpt lat="41.948713" lon="2.645571"></trkpt>
    <trkpt lat="41.948668" lon="2.645728"></trkpt>
    <trkpt lat="41.948618" lon="2.645826"></trkpt>
    <trkpt lat="41.948464" lon="2.646046"></trkpt>
    <trkpt lat="41.948302" lon="2.646216"></trkpt>
    <trkpt lat="41.947798" lon="2.646557"></trkpt>
    <trkpt lat="41.947580" lon="2.646823"></trkpt>
    <trkpt lat="41.947393" lon="2.646988"></trkpt>
    <trkpt lat="41.947188" lon="2.647135"></trkpt>
    <trkpt lat="41.946887" lon="2.647292"></trkpt>
    <trkpt lat="41.946664" lon="2.647447"></trkpt>
    <trkpt lat="41.946499" lon="2.647625"></trkpt>
    <trkpt lat="41.946294" lon="2.647580"></trkpt>
    <trkpt lat="41.946224" lon="2.647567"></trkpt>
    <trkpt lat="41.945917" lon="2.647441"></trkpt>
    <trkpt lat="41.945786" lon="2.647417"></trkpt>
    <trkpt lat="41.946020" lon="2.646796"></trkpt>
    <trkpt lat="41.946071" lon="2.646523"></trkpt>
    <trkpt lat="41.946053" lon="2.646258"></trkpt>
    <trkpt lat="41.945827" lon="2.645574"></trkpt>
    <trkpt lat="41.945643" lon="2.645344"></trkpt>
    <trkpt lat="41.945594" lon="2.645132"></trkpt>
    <trkpt lat="41.945530" lon="2.644998"></trkpt>
    <trkpt lat="41.945388" lon="2.644565"></trkpt>
    <trkpt lat="41.945388" lon="2.644384"></trkpt>
    <trkpt lat="41.945314" lon="2.644255"></trkpt>
    <trkpt lat="41.945173" lon="2.644459"></trkpt>
    <trkpt lat="41.945038" lon="2.644688"></trkpt>
    <trkpt lat="41.944884" lon="2.644733"></trkpt>
    <trkpt lat="41.944769" lon="2.644658"></trkpt>
    <trkpt lat="41.944655" lon="2.644615"></trkpt>
    <trkpt lat="41.944525" lon="2.644649"></trkpt>
    <trkpt lat="41.944434" lon="2.644489"></trkpt>
    <trkpt lat="41.944412" lon="2.644178"></trkpt>
    <trkpt lat="41.944450" lon="2.644025"></trkpt>
    <trkpt lat="41.944503" lon="2.643910"></trkpt>
    <trkpt lat="41.944619" lon="2.643786"></trkpt>
    <trkpt lat="41.944727" lon="2.643617"></trkpt>
    <trkpt lat="41.944817" lon="2.643392"></trkpt>
    <trkpt lat="41.944861" lon="2.643242"></trkpt>
    <trkpt lat="41.944908" lon="2.643145"></trkpt>
    <trkpt lat="41.944976" lon="2.642982"></trkpt>
    <trkpt lat="41.945030" lon="2.642679"></trkpt>
    <trkpt lat="41.945049" lon="2.642564"></trkpt>
    <trkpt lat="41.945057" lon="2.642515"></trkpt>
    <trkpt lat="41.945084" lon="2.642463"></trkpt>
    <trkpt lat="41.945120" lon="2.642409"></trkpt>
    <trkpt lat="41.945164" lon="2.642413"></trkpt>
    <trkpt lat="41.945208" lon="2.642399"></trkpt>
    <trkpt lat="41.945247" lon="2.642367"></trkpt>
    <trkpt lat="41.945314" lon="2.642360"></trkpt>
    <trkpt lat="41.945399" lon="2.642369"></trkpt>
    <trkpt lat="41.945505" lon="2.642381"></trkpt>
    <trkpt lat="41.945723" lon="2.642473"></trkpt>
    <trkpt lat="41.946089" lon="2.642679"></trkpt>
    <trkpt lat="41.946381" lon="2.642879"></trkpt>
    <trkpt lat="41.946634" lon="2.643123"></trkpt>
    <trkpt lat="41.947004" lon="2.643498"></trkpt>
    <trkpt lat="41.947312" lon="2.643899"></trkpt>
    <trkpt lat="41.949774" lon="2.646818"></trkpt>
    <trkpt lat="41.950201" lon="2.647229"></trkpt>
    <trkpt lat="41.950673" lon="2.647588"></trkpt>
    <trkpt lat="41.951159" lon="2.647897"></trkpt>
    <trkpt lat="41.951512" lon="2.648114"></trkpt>
    <trkpt lat="41.951858" lon="2.648324"></trkpt>
    <trkpt lat="41.951968" lon="2.648382"></trkpt>
    <trkpt lat="41.952118" lon="2.648460"></trkpt>
    <trkpt lat="41.952559" lon="2.648667"></trkpt>
    <trkpt lat="41.952955" lon="2.648830"></trkpt>
    <trkpt lat="41.953258" lon="2.648938"></trkpt>
    <trkpt lat="41.953546" lon="2.649026"></trkpt>
    <trkpt lat="41.953891" lon="2.649121"></trkpt>
    <trkpt lat="41.954240" lon="2.649214"></trkpt>
    <trkpt lat="41.954934" lon="2.649376"></trkpt>
    <trkpt lat="41.955055" lon="2.649405"></trkpt>
    <trkpt lat="41.955398" lon="2.649481"></trkpt>
    <trkpt lat="41.955653" lon="2.649547"></trkpt>
    <trkpt lat="41.955832" lon="2.649601"></trkpt>
    <trkpt lat="41.956101" lon="2.649698"></trkpt>
    <trkpt lat="41.956330" lon="2.649791"></trkpt>
    <trkpt lat="41.956536" lon="2.649874"></trkpt>
    <trkpt lat="41.956803" lon="2.650000"></trkpt>
    <trkpt lat="41.957142" lon="2.650176"></trkpt>
    <trkpt lat="41.957353" lon="2.650285"></trkpt>
    <trkpt lat="41.957549" lon="2.650385"></trkpt>
    <trkpt lat="41.957765" lon="2.650481"></trkpt>
    <trkpt lat="41.957868" lon="2.650509"></trkpt>
    <trkpt lat="41.957991" lon="2.650530"></trkpt>
    <trkpt lat="41.958140" lon="2.650546"></trkpt>
    <trkpt lat="41.958237" lon="2.650542"></trkpt>
    <trkpt lat="41.958310" lon="2.650521"></trkpt>
    <trkpt lat="41.958439" lon="2.650544"></trkpt>
    <trkpt lat="41.958511" lon="2.650556"></trkpt>
    <trkpt lat="41.958581" lon="2.650563"></trkpt>
    <trkpt lat="41.958610" lon="2.650593"></trkpt>
    <trkpt lat="41.958642" lon="2.650615"></trkpt>
    <trkpt lat="41.958676" lon="2.650630"></trkpt>
    <trkpt lat="41.958759" lon="2.650790"></trkpt>
    <trkpt lat="41.958839" lon="2.651026"></trkpt>
    <trkpt lat="41.959123" lon="2.652309"></trkpt>
    <trkpt lat="41.959513" lon="2.654088"></trkpt>
    <trkpt lat="41.959540" lon="2.654313"></trkpt>
    <trkpt lat="41.959522" lon="2.654466"></trkpt>
    <trkpt lat="41.959504" lon="2.654506"></trkpt>
    <trkpt lat="41.959495" lon="2.654556"></trkpt>
    <trkpt lat="41.959497" lon="2.654608"></trkpt>
    <trkpt lat="41.959511" lon="2.654657"></trkpt>
    <trkpt lat="41.959545" lon="2.654709"></trkpt>
    <trkpt lat="41.959583" lon="2.654735"></trkpt>
    <trkpt lat="41.959647" lon="2.654839"></trkpt>
    <trkpt lat="41.959703" lon="2.654955"></trkpt>
    <trkpt lat="41.960088" lon="2.656705"></trkpt>
    <trkpt lat="41.960210" lon="2.657262"></trkpt>
    <trkpt lat="41.960359" lon="2.657947"></trkpt>
    <trkpt lat="41.960574" lon="2.658903"></trkpt>
    <trkpt lat="41.960762" lon="2.659738"></trkpt>
    <trkpt lat="41.960780" lon="2.659956"></trkpt>
    <trkpt lat="41.960762" lon="2.660071"></trkpt>
    <trkpt lat="41.960733" lon="2.660120"></trkpt>
    <trkpt lat="41.960715" lon="2.660212"></trkpt>
    <trkpt lat="41.960727" lon="2.660290"></trkpt>
    <trkpt lat="41.960762" lon="2.660355"></trkpt>
    <trkpt lat="41.960803" lon="2.660390"></trkpt>
    <trkpt lat="41.960832" lon="2.660401"></trkpt>
    <trkpt lat="41.960898" lon="2.660512"></trkpt>
    <trkpt lat="41.960958" lon="2.660658"></trkpt>
    <trkpt lat="41.961203" lon="2.661784"></trkpt>
    <trkpt lat="41.961782" lon="2.664417"></trkpt>
    <trkpt lat="41.962253" lon="2.666477"></trkpt>
    <trkpt lat="41.962462" lon="2.667493"></trkpt>
    <trkpt lat="41.962558" lon="2.667963"></trkpt>
    <trkpt lat="41.962671" lon="2.668463"></trkpt>
    <trkpt lat="41.962903" lon="2.669488"></trkpt>
    <trkpt lat="41.963053" lon="2.670157"></trkpt>
    <trkpt lat="41.963164" lon="2.670632"></trkpt>
    <trkpt lat="41.963223" lon="2.670817"></trkpt>
    <trkpt lat="41.963276" lon="2.670981"></trkpt>
    <trkpt lat="41.963377" lon="2.671186"></trkpt>
    <trkpt lat="41.964118" lon="2.672663"></trkpt>
    <trkpt lat="41.964393" lon="2.673219"></trkpt>
    <trkpt lat="41.964583" lon="2.673604"></trkpt>
    <trkpt lat="41.964638" lon="2.673705"></trkpt>
    <trkpt lat="41.964655" lon="2.673729"></trkpt>
    <trkpt lat="41.964724" lon="2.673826"></trkpt>
    <trkpt lat="41.964802" lon="2.673916"></trkpt>
    <trkpt lat="41.964950" lon="2.674036"></trkpt>
    <trkpt lat="41.965372" lon="2.674275"></trkpt>
    <trkpt lat="41.965506" lon="2.674317"></trkpt>
    <trkpt lat="41.965650" lon="2.674343"></trkpt>
    <trkpt lat="41.965736" lon="2.674349"></trkpt>
    <trkpt lat="41.965855" lon="2.674332"></trkpt>
    <trkpt lat="41.965954" lon="2.674301"></trkpt>
    <trkpt lat="41.966027" lon="2.674265"></trkpt>
    <trkpt lat="41.966131" lon="2.674194"></trkpt>
    <trkpt lat="41.966197" lon="2.674139"></trkpt>
    <trkpt lat="41.966270" lon="2.674061"></trkpt>
    <trkpt lat="41.966334" lon="2.673979"></trkpt>
    <trkpt lat="41.966473" lon="2.673766"></trkpt>
    <trkpt lat="41.966590" lon="2.673589"></trkpt>
    <trkpt lat="41.966668" lon="2.673486"></trkpt>
    <trkpt lat="41.966730" lon="2.673410"></trkpt>
    <trkpt lat="41.966838" lon="2.673315"></trkpt>
    <trkpt lat="41.966937" lon="2.673251"></trkpt>
    <trkpt lat="41.967080" lon="2.673190"></trkpt>
    <trkpt lat="41.967263" lon="2.673138"></trkpt>
    <trkpt lat="41.967417" lon="2.673104"></trkpt>
    <trkpt lat="41.967612" lon="2.673077"></trkpt>
    <trkpt lat="41.967817" lon="2.673062"></trkpt>
    <trkpt lat="41.968522" lon="2.673033"></trkpt>
    <trkpt lat="41.968596" lon="2.673030"></trkpt>
    <trkpt lat="41.969095" lon="2.673010"></trkpt>
    <trkpt lat="41.969376" lon="2.673009"></trkpt>
    <trkpt lat="41.969463" lon="2.673033"></trkpt>
    <trkpt lat="41.969528" lon="2.673039"></trkpt>
    <trkpt lat="41.969618" lon="2.673082"></trkpt>
    <trkpt lat="41.969738" lon="2.673177"></trkpt>
    <trkpt lat="41.969855" lon="2.673294"></trkpt>
    <trkpt lat="41.969968" lon="2.673423"></trkpt>
    <trkpt lat="41.970307" lon="2.673918"></trkpt>
    <trkpt lat="41.970451" lon="2.674129"></trkpt>
    <trkpt lat="41.970500" lon="2.674204"></trkpt>
    <trkpt lat="41.970544" lon="2.674271"></trkpt>
    <trkpt lat="41.970836" lon="2.674687"></trkpt>
    <trkpt lat="41.970923" lon="2.674813"></trkpt>
    <trkpt lat="41.971580" lon="2.675763"></trkpt>
    <trkpt lat="41.971704" lon="2.676013"></trkpt>
    <trkpt lat="41.971762" lon="2.676256"></trkpt>
    <trkpt lat="41.971806" lon="2.676489"></trkpt>
    <trkpt lat="41.971831" lon="2.677050"></trkpt>
    <trkpt lat="41.971844" lon="2.677285"></trkpt>
    <trkpt lat="41.971882" lon="2.677964"></trkpt>
    <trkpt lat="41.971937" lon="2.678969"></trkpt>
    <trkpt lat="41.971956" lon="2.679315"></trkpt>
    <trkpt lat="41.971992" lon="2.680030"></trkpt>
    <trkpt lat="41.972011" lon="2.680415"></trkpt>
    <trkpt lat="41.972089" lon="2.682367"></trkpt>
    <trkpt lat="41.972109" lon="2.682849"></trkpt>
    <trkpt lat="41.972138" lon="2.683564"></trkpt>
    <trkpt lat="41.972153" lon="2.683869"></trkpt>
    <trkpt lat="41.972186" lon="2.684501"></trkpt>
    <trkpt lat="41.972249" lon="2.685869"></trkpt>
    <trkpt lat="41.972276" lon="2.686551"></trkpt>
    <trkpt lat="41.972309" lon="2.686997"></trkpt>
    <trkpt lat="41.972331" lon="2.687138"></trkpt>
    <trkpt lat="41.972374" lon="2.687312"></trkpt>
    <trkpt lat="41.972477" lon="2.687580"></trkpt>
    <trkpt lat="41.973117" lon="2.688907"></trkpt>
    <trkpt lat="41.973223" lon="2.689168"></trkpt>
    <trkpt lat="41.973284" lon="2.689336"></trkpt>
    <trkpt lat="41.973335" lon="2.689543"></trkpt>
    <trkpt lat="41.973571" lon="2.690381"></trkpt>
    <trkpt lat="41.973800" lon="2.691199"></trkpt>
    <trkpt lat="41.973969" lon="2.691828"></trkpt>
    <trkpt lat="41.973982" lon="2.691876"></trkpt>
    <trkpt lat="41.974080" lon="2.692254"></trkpt>
    <trkpt lat="41.974152" lon="2.692442"></trkpt>
    <trkpt lat="41.974240" lon="2.692663"></trkpt>
    <trkpt lat="41.974258" lon="2.692697"></trkpt>
    <trkpt lat="41.974419" lon="2.693000"></trkpt>
    <trkpt lat="41.974512" lon="2.693155"></trkpt>
    <trkpt lat="41.974655" lon="2.693393"></trkpt>
    <trkpt lat="41.974812" lon="2.693661"></trkpt>
    <trkpt lat="41.974880" lon="2.693778"></trkpt>
    <trkpt lat="41.974972" lon="2.693959"></trkpt>
    <trkpt lat="41.975140" lon="2.694366"></trkpt>
    <trkpt lat="41.975248" lon="2.694629"></trkpt>
    <trkpt lat="41.975307" lon="2.694779"></trkpt>
    <trkpt lat="41.975364" lon="2.694901"></trkpt>
    <trkpt lat="41.975544" lon="2.695254"></trkpt>
    <trkpt lat="41.975707" lon="2.695526"></trkpt>
    <trkpt lat="41.975855" lon="2.695749"></trkpt>
    <trkpt lat="41.975966" lon="2.695957"></trkpt>
    <trkpt lat="41.976066" lon="2.696216"></trkpt>
    <trkpt lat="41.976124" lon="2.696412"></trkpt>
    <trkpt lat="41.976181" lon="2.696703"></trkpt>
    <trkpt lat="41.976286" lon="2.697214"></trkpt>
    <trkpt lat="41.976333" lon="2.697416"></trkpt>
    <trkpt lat="41.976504" lon="2.697917"></trkpt>
    <trkpt lat="41.976828" lon="2.698774"></trkpt>
    <trkpt lat="41.977247" lon="2.699937"></trkpt>
    <trkpt lat="41.977353" lon="2.700153"></trkpt>
    <trkpt lat="41.977447" lon="2.700280"></trkpt>
    <trkpt lat="41.977591" lon="2.700406"></trkpt>
    <trkpt lat="41.977733" lon="2.700505"></trkpt>
    <trkpt lat="41.977866" lon="2.700600"></trkpt>
    <trkpt lat="41.978032" lon="2.700694"></trkpt>
    <trkpt lat="41.978173" lon="2.700791"></trkpt>
    <trkpt lat="41.978311" lon="2.700918"></trkpt>
    <trkpt lat="41.978408" lon="2.701046"></trkpt>
    <trkpt lat="41.978489" lon="2.701177"></trkpt>
    <trkpt lat="41.978571" lon="2.701353"></trkpt>
    <trkpt lat="41.978629" lon="2.701564"></trkpt>
    <trkpt lat="41.978665" lon="2.701878"></trkpt>
    <trkpt lat="41.978752" lon="2.703219"></trkpt>
    <trkpt lat="41.978786" lon="2.703793"></trkpt>
    <trkpt lat="41.978809" lon="2.704296"></trkpt>
    <trkpt lat="41.978815" lon="2.704816"></trkpt>
    <trkpt lat="41.978796" lon="2.705096"></trkpt>
    <trkpt lat="41.978761" lon="2.705436"></trkpt>
    <trkpt lat="41.978526" lon="2.706830"></trkpt>
    <trkpt lat="41.978487" lon="2.707057"></trkpt>
    <trkpt lat="41.978445" lon="2.707295"></trkpt>
    <trkpt lat="41.978403" lon="2.707522"></trkpt>
    <trkpt lat="41.978336" lon="2.707739"></trkpt>
    <trkpt lat="41.978275" lon="2.707897"></trkpt>
    <trkpt lat="41.978221" lon="2.708012"></trkpt>
    <trkpt lat="41.978142" lon="2.708147"></trkpt>
    <trkpt lat="41.978009" lon="2.708330"></trkpt>
    <trkpt lat="41.977787" lon="2.708610"></trkpt>
    <trkpt lat="41.976962" lon="2.709639"></trkpt>
    <trkpt lat="41.975828" lon="2.711052"></trkpt>
    <trkpt lat="41.973338" lon="2.714164"></trkpt>
    <trkpt lat="41.972426" lon="2.715301"></trkpt>
    <trkpt lat="41.969738" lon="2.718653"></trkpt>
    <trkpt lat="41.968829" lon="2.719790"></trkpt>
    <trkpt lat="41.968795" lon="2.719832"></trkpt>
    <trkpt lat="41.968692" lon="2.719957"></trkpt>
    <trkpt lat="41.968576" lon="2.720111"></trkpt>
    <trkpt lat="41.968518" lon="2.720191"></trkpt>
    <trkpt lat="41.968473" lon="2.720277"></trkpt>
    <trkpt lat="41.968428" lon="2.720381"></trkpt>
    <trkpt lat="41.968406" lon="2.720444"></trkpt>
    <trkpt lat="41.968369" lon="2.720560"></trkpt>
    <trkpt lat="41.968236" lon="2.721058"></trkpt>
    <trkpt lat="41.968182" lon="2.721292"></trkpt>
    <trkpt lat="41.968152" lon="2.721445"></trkpt>
    <trkpt lat="41.968108" lon="2.721713"></trkpt>
    <trkpt lat="41.968089" lon="2.721990"></trkpt>
    <trkpt lat="41.968086" lon="2.722073"></trkpt>
    <trkpt lat="41.968082" lon="2.722226"></trkpt>
    <trkpt lat="41.968081" lon="2.722419"></trkpt>
    <trkpt lat="41.968079" lon="2.722984"></trkpt>
    <trkpt lat="41.968070" lon="2.723161"></trkpt>
    <trkpt lat="41.967919" lon="2.724492"></trkpt>
    <trkpt lat="41.967862" lon="2.725000"></trkpt>
    <trkpt lat="41.967717" lon="2.726291"></trkpt>
    <trkpt lat="41.967515" lon="2.728093"></trkpt>
    <trkpt lat="41.967357" lon="2.729505"></trkpt>
    <trkpt lat="41.967345" lon="2.729613"></trkpt>
    <trkpt lat="41.967193" lon="2.730819"></trkpt>
    <trkpt lat="41.967168" lon="2.731012"></trkpt>
    <trkpt lat="41.967114" lon="2.731345"></trkpt>
    <trkpt lat="41.967102" lon="2.731656"></trkpt>
    <trkpt lat="41.967058" lon="2.731656"></trkpt>
    <trkpt lat="41.967015" lon="2.731673"></trkpt>
    <trkpt lat="41.966977" lon="2.731706"></trkpt>
    <trkpt lat="41.966948" lon="2.731752"></trkpt>
    <trkpt lat="41.966930" lon="2.731807"></trkpt>
    <trkpt lat="41.966925" lon="2.731867"></trkpt>
    <trkpt lat="41.966932" lon="2.731926"></trkpt>
    <trkpt lat="41.966951" lon="2.731980"></trkpt>
    <trkpt lat="41.966981" lon="2.732025"></trkpt>
    <trkpt lat="41.967020" lon="2.732056"></trkpt>
    <trkpt lat="41.967063" lon="2.732071"></trkpt>
    <trkpt lat="41.967015" lon="2.732487"></trkpt>
    <trkpt lat="41.966973" lon="2.732855"></trkpt>
    <trkpt lat="41.966844" lon="2.733983"></trkpt>
    <trkpt lat="41.966831" lon="2.734140"></trkpt>
    <trkpt lat="41.966661" lon="2.735577"></trkpt>
    <trkpt lat="41.966647" lon="2.735695"></trkpt>
    <trkpt lat="41.966440" lon="2.737487"></trkpt>
    <trkpt lat="41.966415" lon="2.737701"></trkpt>
    <trkpt lat="41.966324" lon="2.738511"></trkpt>
    <trkpt lat="41.966295" lon="2.738775"></trkpt>
    <trkpt lat="41.966249" lon="2.739138"></trkpt>
    <trkpt lat="41.966235" lon="2.739256"></trkpt>
    <trkpt lat="41.966201" lon="2.739502"></trkpt>
    <trkpt lat="41.966185" lon="2.739935"></trkpt>
    <trkpt lat="41.966189" lon="2.740071"></trkpt>
    <trkpt lat="41.966197" lon="2.740164"></trkpt>
    <trkpt lat="41.966208" lon="2.740249"></trkpt>
    <trkpt lat="41.966227" lon="2.740371"></trkpt>
    <trkpt lat="41.966406" lon="2.741257"></trkpt>
    <trkpt lat="41.966491" lon="2.741684"></trkpt>
    <trkpt lat="41.966584" lon="2.742142"></trkpt>
    <trkpt lat="41.966694" lon="2.742667"></trkpt>
    <trkpt lat="41.966886" lon="2.743617"></trkpt>
    <trkpt lat="41.966918" lon="2.743778"></trkpt>
    <trkpt lat="41.967106" lon="2.744687"></trkpt>
    <trkpt lat="41.967098" lon="2.744854"></trkpt>
    <trkpt lat="41.967062" lon="2.744963"></trkpt>
    <trkpt lat="41.967035" lon="2.745006"></trkpt>
    <trkpt lat="41.967017" lon="2.745056"></trkpt>
    <trkpt lat="41.967008" lon="2.745111"></trkpt>
    <trkpt lat="41.967008" lon="2.745167"></trkpt>
    <trkpt lat="41.967018" lon="2.745221"></trkpt>
    <trkpt lat="41.967036" lon="2.745271"></trkpt>
    <trkpt lat="41.967063" lon="2.745314"></trkpt>
    <trkpt lat="41.967097" lon="2.745348"></trkpt>
    <trkpt lat="41.967135" lon="2.745370"></trkpt>
    <trkpt lat="41.967197" lon="2.745448"></trkpt>
    <trkpt lat="41.967254" lon="2.745554"></trkpt>
    <trkpt lat="41.967300" lon="2.745654"></trkpt>
    <trkpt lat="41.967306" lon="2.745683"></trkpt>
    <trkpt lat="41.967359" lon="2.745942"></trkpt>
    <trkpt lat="41.967453" lon="2.746417"></trkpt>
    <trkpt lat="41.967759" lon="2.747886"></trkpt>
    <trkpt lat="41.967821" lon="2.748176"></trkpt>
    <trkpt lat="41.967875" lon="2.748490"></trkpt>
    <trkpt lat="41.967935" lon="2.748728"></trkpt>
    <trkpt lat="41.967965" lon="2.748927"></trkpt>
    <trkpt lat="41.968040" lon="2.749176"></trkpt>
    <trkpt lat="41.968123" lon="2.749416"></trkpt>
    <trkpt lat="41.968256" lon="2.749768"></trkpt>
    <trkpt lat="41.968323" lon="2.749888"></trkpt>
    <trkpt lat="41.968517" lon="2.750244"></trkpt>
    <trkpt lat="41.968696" lon="2.750524"></trkpt>
    <trkpt lat="41.968911" lon="2.750879"></trkpt>
    <trkpt lat="41.969301" lon="2.751460"></trkpt>
    <trkpt lat="41.969532" lon="2.751832"></trkpt>
    <trkpt lat="41.969686" lon="2.752153"></trkpt>
    <trkpt lat="41.969799" lon="2.752433"></trkpt>
    <trkpt lat="41.969884" lon="2.752649"></trkpt>
    <trkpt lat="41.969987" lon="2.752948"></trkpt>
    <trkpt lat="41.970241" lon="2.753736"></trkpt>
    <trkpt lat="41.970417" lon="2.754274"></trkpt>
    <trkpt lat="41.970568" lon="2.754957"></trkpt>
    <trkpt lat="41.970691" lon="2.755703"></trkpt>
    <trkpt lat="41.970818" lon="2.756378"></trkpt>
    <trkpt lat="41.970857" lon="2.756715"></trkpt>
    <trkpt lat="41.970893" lon="2.757134"></trkpt>
    <trkpt lat="41.970904" lon="2.757398"></trkpt>
    <trkpt lat="41.970900" lon="2.757680"></trkpt>
    <trkpt lat="41.970859" lon="2.758239"></trkpt>
    <trkpt lat="41.970775" lon="2.758877"></trkpt>
    <trkpt lat="41.970700" lon="2.759323"></trkpt>
    <trkpt lat="41.970650" lon="2.759591"></trkpt>
    <trkpt lat="41.970359" lon="2.760994"></trkpt>
    <trkpt lat="41.970277" lon="2.761247"></trkpt>
    <trkpt lat="41.970253" lon="2.761369"></trkpt>
    <trkpt lat="41.970187" lon="2.761703"></trkpt>
    <trkpt lat="41.970156" lon="2.761859"></trkpt>
    <trkpt lat="41.969981" lon="2.762737"></trkpt>
    <trkpt lat="41.969878" lon="2.763257"></trkpt>
    <trkpt lat="41.969852" lon="2.763462"></trkpt>
    <trkpt lat="41.969830" lon="2.763575"></trkpt>
    <trkpt lat="41.969724" lon="2.764114"></trkpt>
    <trkpt lat="41.969701" lon="2.764228"></trkpt>
    <trkpt lat="41.969549" lon="2.764961"></trkpt>
    <trkpt lat="41.969465" lon="2.765388"></trkpt>
    <trkpt lat="41.969395" lon="2.765743"></trkpt>
    <trkpt lat="41.969351" lon="2.765930"></trkpt>
    <trkpt lat="41.969338" lon="2.765994"></trkpt>
    <trkpt lat="41.969318" lon="2.766095"></trkpt>
    <trkpt lat="41.969276" lon="2.766510"></trkpt>
    <trkpt lat="41.969261" lon="2.766755"></trkpt>
    <trkpt lat="41.969253" lon="2.767022"></trkpt>
    <trkpt lat="41.969252" lon="2.767168"></trkpt>
    <trkpt lat="41.969251" lon="2.767298"></trkpt>
    <trkpt lat="41.969258" lon="2.767626"></trkpt>
    <trkpt lat="41.969280" lon="2.768055"></trkpt>
    <trkpt lat="41.969345" lon="2.769120"></trkpt>
    <trkpt lat="41.969392" lon="2.769786"></trkpt>
    <trkpt lat="41.969409" lon="2.770032"></trkpt>
    <trkpt lat="41.969415" lon="2.770175"></trkpt>
    <trkpt lat="41.969401" lon="2.770243"></trkpt>
    <trkpt lat="41.969367" lon="2.770326"></trkpt>
    <trkpt lat="41.969352" lon="2.770341"></trkpt>
    <trkpt lat="41.969326" lon="2.770382"></trkpt>
    <trkpt lat="41.969308" lon="2.770430"></trkpt>
    <trkpt lat="41.969298" lon="2.770483"></trkpt>
    <trkpt lat="41.969298" lon="2.770537"></trkpt>
    <trkpt lat="41.969305" lon="2.770586"></trkpt>
    <trkpt lat="41.969321" lon="2.770632"></trkpt>
    <trkpt lat="41.969343" lon="2.770672"></trkpt>
    <trkpt lat="41.969371" lon="2.770705"></trkpt>
    <trkpt lat="41.969451" lon="2.770881"></trkpt>
    <trkpt lat="41.969506" lon="2.771160"></trkpt>
    <trkpt lat="41.969605" lon="2.772569"></trkpt>
    <trkpt lat="41.969590" lon="2.772775"></trkpt>
    <trkpt lat="41.969549" lon="2.772870"></trkpt>
    <trkpt lat="41.969511" lon="2.772916"></trkpt>
    <trkpt lat="41.969496" lon="2.772948"></trkpt>
    <trkpt lat="41.969485" lon="2.772983"></trkpt>
    <trkpt lat="41.969480" lon="2.773020"></trkpt>
    <trkpt lat="41.969479" lon="2.773058"></trkpt>
    <trkpt lat="41.969485" lon="2.773096"></trkpt>
    <trkpt lat="41.969490" lon="2.773117"></trkpt>
    <trkpt lat="41.969497" lon="2.773137"></trkpt>
    <trkpt lat="41.969517" lon="2.773175"></trkpt>
    <trkpt lat="41.969543" lon="2.773206"></trkpt>
    <trkpt lat="41.969608" lon="2.773320"></trkpt>
    <trkpt lat="41.969667" lon="2.773523"></trkpt>
    <trkpt lat="41.969816" lon="2.775252"></trkpt>
    <trkpt lat="41.969916" lon="2.775947"></trkpt>
    <trkpt lat="41.970234" lon="2.777796"></trkpt>
    <trkpt lat="41.970432" lon="2.778940"></trkpt>
    <trkpt lat="41.970650" lon="2.780335"></trkpt>
    <trkpt lat="41.970744" lon="2.780911"></trkpt>
    <trkpt lat="41.970819" lon="2.781369"></trkpt>
    <trkpt lat="41.970843" lon="2.781515"></trkpt>
    <trkpt lat="41.970805" lon="2.781523"></trkpt>
    <trkpt lat="41.970760" lon="2.781553"></trkpt>
    <trkpt lat="41.970720" lon="2.781617"></trkpt>
    <trkpt lat="41.970711" lon="2.781644"></trkpt>
    <trkpt lat="41.970705" lon="2.781689"></trkpt>
    <trkpt lat="41.970703" lon="2.781743"></trkpt>
    <trkpt lat="41.970703" lon="2.781800"></trkpt>
    <trkpt lat="41.970748" lon="2.781923"></trkpt>
    <trkpt lat="41.970759" lon="2.781944"></trkpt>
    <trkpt lat="41.970776" lon="2.781959"></trkpt>
    <trkpt lat="41.970791" lon="2.781970"></trkpt>
    <trkpt lat="41.970830" lon="2.781988"></trkpt>
    <trkpt lat="41.970863" lon="2.781995"></trkpt>
    <trkpt lat="41.970932" lon="2.781989"></trkpt>
    <trkpt lat="41.971013" lon="2.782474"></trkpt>
    <trkpt lat="41.971109" lon="2.783019"></trkpt>
    <trkpt lat="41.971401" lon="2.784673"></trkpt>
    <trkpt lat="41.971422" lon="2.784784"></trkpt>
    <trkpt lat="41.971670" lon="2.786239"></trkpt>
    <trkpt lat="41.971691" lon="2.786337"></trkpt>
    <trkpt lat="41.971685" lon="2.786352"></trkpt>
    <trkpt lat="41.971679" lon="2.786372"></trkpt>
    <trkpt lat="41.971677" lon="2.786394"></trkpt>
    <trkpt lat="41.971678" lon="2.786416"></trkpt>
    <trkpt lat="41.971683" lon="2.786437"></trkpt>
    <trkpt lat="41.971694" lon="2.786459"></trkpt>
    <trkpt lat="41.971708" lon="2.786477"></trkpt>
    <trkpt lat="41.971667" lon="2.786556"></trkpt>
    <trkpt lat="41.971673" lon="2.786592"></trkpt>
    <trkpt lat="41.971720" lon="2.786862"></trkpt>
    <trkpt lat="41.971791" lon="2.787272"></trkpt>
    <trkpt lat="41.971864" lon="2.787706"></trkpt>
    <trkpt lat="41.971929" lon="2.788072"></trkpt>
    <trkpt lat="41.971939" lon="2.788132"></trkpt>
    <trkpt lat="41.971973" lon="2.788327"></trkpt>
    <trkpt lat="41.971988" lon="2.788417"></trkpt>
    <trkpt lat="41.972018" lon="2.788590"></trkpt>
    <trkpt lat="41.972027" lon="2.788639"></trkpt>
    <trkpt lat="41.972057" lon="2.788815"></trkpt>
    <trkpt lat="41.972136" lon="2.789273"></trkpt>
    <trkpt lat="41.972201" lon="2.789648"></trkpt>
    <trkpt lat="41.972237" lon="2.789860"></trkpt>
    <trkpt lat="41.972284" lon="2.790130"></trkpt>
    <trkpt lat="41.972316" lon="2.790315"></trkpt>
    <trkpt lat="41.972436" lon="2.791014"></trkpt>
    <trkpt lat="41.972581" lon="2.791849"></trkpt>
    <trkpt lat="41.972607" lon="2.791998"></trkpt>
    <trkpt lat="41.972640" lon="2.792187"></trkpt>
    <trkpt lat="41.972834" lon="2.793309"></trkpt>
    <trkpt lat="41.972907" lon="2.793739"></trkpt>
    <trkpt lat="41.972943" lon="2.793951"></trkpt>
    <trkpt lat="41.973017" lon="2.794379"></trkpt>
    <trkpt lat="41.973089" lon="2.794796"></trkpt>
    <trkpt lat="41.973102" lon="2.794874"></trkpt>
    <trkpt lat="41.973123" lon="2.794995"></trkpt>
    <trkpt lat="41.973109" lon="2.795011"></trkpt>
    <trkpt lat="41.973090" lon="2.795040"></trkpt>
    <trkpt lat="41.973084" lon="2.795066"></trkpt>
    <trkpt lat="41.973083" lon="2.795098"></trkpt>
    <trkpt lat="41.973088" lon="2.795132"></trkpt>
    <trkpt lat="41.973102" lon="2.795159"></trkpt>
    <trkpt lat="41.973121" lon="2.795180"></trkpt>
    <trkpt lat="41.973157" lon="2.795192"></trkpt>
    <trkpt lat="41.973307" lon="2.796063"></trkpt>
    <trkpt lat="41.973320" lon="2.796139"></trkpt>
    <trkpt lat="41.973355" lon="2.796341"></trkpt>
    <trkpt lat="41.973488" lon="2.797112"></trkpt>
    <trkpt lat="41.973513" lon="2.797257"></trkpt>
    <trkpt lat="41.973546" lon="2.797448"></trkpt>
    <trkpt lat="41.973691" lon="2.798288"></trkpt>
    <trkpt lat="41.973730" lon="2.798512"></trkpt>
    <trkpt lat="41.973757" lon="2.798667"></trkpt>
    <trkpt lat="41.973786" lon="2.798833"></trkpt>
    <trkpt lat="41.974033" lon="2.800220"></trkpt>
    <trkpt lat="41.974065" lon="2.800400"></trkpt>
    <trkpt lat="41.974071" lon="2.800431"></trkpt>
    <trkpt lat="41.974098" lon="2.800604"></trkpt>
    <trkpt lat="41.974189" lon="2.801175"></trkpt>
    <trkpt lat="41.974156" lon="2.801220"></trkpt>
    <trkpt lat="41.974137" lon="2.801260"></trkpt>
    <trkpt lat="41.974120" lon="2.801295"></trkpt>
    <trkpt lat="41.974113" lon="2.801332"></trkpt>
    <trkpt lat="41.974111" lon="2.801391"></trkpt>
    <trkpt lat="41.974118" lon="2.801431"></trkpt>
    <trkpt lat="41.974121" lon="2.801453"></trkpt>
    <trkpt lat="41.974138" lon="2.801499"></trkpt>
    <trkpt lat="41.974155" lon="2.801529"></trkpt>
    <trkpt lat="41.974175" lon="2.801555"></trkpt>
    <trkpt lat="41.974204" lon="2.801581"></trkpt>
    <trkpt lat="41.974225" lon="2.801599"></trkpt>
    <trkpt lat="41.974240" lon="2.801604"></trkpt>
    <trkpt lat="41.974257" lon="2.801609"></trkpt>
    <trkpt lat="41.974277" lon="2.801609"></trkpt>
    <trkpt lat="41.974302" lon="2.801608"></trkpt>
    <trkpt lat="41.974328" lon="2.801603"></trkpt>
    <trkpt lat="41.974352" lon="2.801746"></trkpt>
    <trkpt lat="41.974409" lon="2.802081"></trkpt>
    <trkpt lat="41.974542" lon="2.802871"></trkpt>
    <trkpt lat="41.974576" lon="2.803071"></trkpt>
    <trkpt lat="41.974612" lon="2.803282"></trkpt>
    <trkpt lat="41.974766" lon="2.804186"></trkpt>
    <trkpt lat="41.974792" lon="2.804339"></trkpt>
    <trkpt lat="41.974928" lon="2.805133"></trkpt>
    <trkpt lat="41.974943" lon="2.805224"></trkpt>
    <trkpt lat="41.974977" lon="2.805422"></trkpt>
    <trkpt lat="41.975005" lon="2.805589"></trkpt>
    <trkpt lat="41.975044" lon="2.805802"></trkpt>
    <trkpt lat="41.975064" lon="2.805924"></trkpt>
    <trkpt lat="41.975080" lon="2.806200"></trkpt>
    <trkpt lat="41.975123" lon="2.806330"></trkpt>
    <trkpt lat="41.975141" lon="2.806384"></trkpt>
    <trkpt lat="41.975203" lon="2.806521"></trkpt>
    <trkpt lat="41.975276" lon="2.806650"></trkpt>
    <trkpt lat="41.975357" lon="2.806783"></trkpt>
    <trkpt lat="41.975459" lon="2.806956"></trkpt>
    <trkpt lat="41.975696" lon="2.807328"></trkpt>
    <trkpt lat="41.975748" lon="2.807422"></trkpt>
    <trkpt lat="41.975809" lon="2.807524"></trkpt>
    <trkpt lat="41.975889" lon="2.807659"></trkpt>
    <trkpt lat="41.975975" lon="2.807821"></trkpt>
    <trkpt lat="41.976029" lon="2.807936"></trkpt>
    <trkpt lat="41.976080" lon="2.808045"></trkpt>
    <trkpt lat="41.976160" lon="2.808248"></trkpt>
    <trkpt lat="41.976227" lon="2.808439"></trkpt>
    <trkpt lat="41.976262" lon="2.808545"></trkpt>
    <trkpt lat="41.976302" lon="2.808672"></trkpt>
    <trkpt lat="41.976328" lon="2.808769"></trkpt>
    <trkpt lat="41.976354" lon="2.808863"></trkpt>
    <trkpt lat="41.976396" lon="2.809059"></trkpt>
    <trkpt lat="41.976446" lon="2.809298"></trkpt>
    <trkpt lat="41.976461" lon="2.809378"></trkpt>
    <trkpt lat="41.976507" lon="2.809692"></trkpt>
    <trkpt lat="41.976487" lon="2.809698"></trkpt>
    <trkpt lat="41.976449" lon="2.809757"></trkpt>
    <trkpt lat="41.976436" lon="2.809845"></trkpt>
    <trkpt lat="41.976443" lon="2.809911"></trkpt>
    <trkpt lat="41.976449" lon="2.809974"></trkpt>
    <trkpt lat="41.976475" lon="2.810027"></trkpt>
    <trkpt lat="41.976496" lon="2.810070"></trkpt>
    <trkpt lat="41.976532" lon="2.810097"></trkpt>
    <trkpt lat="41.976541" lon="2.810154"></trkpt>
    <trkpt lat="41.976543" lon="2.810269"></trkpt>
    <trkpt lat="41.976543" lon="2.810274"></trkpt>
    <trkpt lat="41.976544" lon="2.810333"></trkpt>
    <trkpt lat="41.976544" lon="2.810339"></trkpt>
    <trkpt lat="41.976545" lon="2.810408"></trkpt>
    <trkpt lat="41.976549" lon="2.810642"></trkpt>
    <trkpt lat="41.976550" lon="2.810676"></trkpt>
    <trkpt lat="41.976551" lon="2.810761"></trkpt>
    <trkpt lat="41.976551" lon="2.810772"></trkpt>
    <trkpt lat="41.976552" lon="2.810831"></trkpt>
    <trkpt lat="41.976553" lon="2.811006"></trkpt>
    <trkpt lat="41.976554" lon="2.811075"></trkpt>
    <trkpt lat="41.976554" lon="2.811149"></trkpt>
    <trkpt lat="41.976557" lon="2.811597"></trkpt>
    <trkpt lat="41.976558" lon="2.811710"></trkpt>
    <trkpt lat="41.976559" lon="2.811827"></trkpt>
    <trkpt lat="41.976559" lon="2.811834"></trkpt>
    <trkpt lat="41.976559" lon="2.811946"></trkpt>
    <trkpt lat="41.976560" lon="2.812031"></trkpt>
    <trkpt lat="41.976565" lon="2.812219"></trkpt>
    <trkpt lat="41.976565" lon="2.812253"></trkpt>
    <trkpt lat="41.976566" lon="2.812358"></trkpt>
    <trkpt lat="41.976566" lon="2.813210"></trkpt>
    <trkpt lat="41.976557" lon="2.813355"></trkpt>
    <trkpt lat="41.976543" lon="2.813529"></trkpt>
    <trkpt lat="41.976492" lon="2.813756"></trkpt>
    <trkpt lat="41.976409" lon="2.813994"></trkpt>
    <trkpt lat="41.976214" lon="2.814420"></trkpt>
    <trkpt lat="41.976193" lon="2.814461"></trkpt>
    <trkpt lat="41.976156" lon="2.814534"></trkpt>
    <trkpt lat="41.975996" lon="2.814843"></trkpt>
    <trkpt lat="41.975958" lon="2.814925"></trkpt>
    <trkpt lat="41.975917" lon="2.815011"></trkpt>
    <trkpt lat="41.975873" lon="2.815164"></trkpt>
    <trkpt lat="41.975796" lon="2.815560"></trkpt>
    <trkpt lat="41.975622" lon="2.816446"></trkpt>
    <trkpt lat="41.975587" lon="2.816624"></trkpt>
    <trkpt lat="41.975597" lon="2.816767"></trkpt>
    <trkpt lat="41.975581" lon="2.816844"></trkpt>
    <trkpt lat="41.975440" lon="2.817539"></trkpt>
    <trkpt lat="41.975320" lon="2.818119"></trkpt>
    <trkpt lat="41.975304" lon="2.818197"></trkpt>
    <trkpt lat="41.975157" lon="2.818905"></trkpt>
    <trkpt lat="41.975265" lon="2.818938"></trkpt>
    <trkpt lat="41.976015" lon="2.819184"></trkpt>
    <trkpt lat="41.976131" lon="2.819222"></trkpt>
    <trkpt lat="41.976120" lon="2.819273"></trkpt>
    <trkpt lat="41.976150" lon="2.819288"></trkpt>
    <trkpt lat="41.976285" lon="2.819348"></trkpt>
    <trkpt lat="41.977052" lon="2.819711"></trkpt>
    <trkpt lat="41.977362" lon="2.819854"></trkpt>
    <trkpt lat="41.977623" lon="2.819974"></trkpt>
    <trkpt lat="41.977858" lon="2.820088"></trkpt>
    <trkpt lat="41.978211" lon="2.820256"></trkpt>
    <trkpt lat="41.978401" lon="2.820344"></trkpt>
    <trkpt lat="41.978498" lon="2.820406"></trkpt>
    <trkpt lat="41.978580" lon="2.820458"></trkpt>
    <trkpt lat="41.978672" lon="2.820536"></trkpt>
    <trkpt lat="41.979125" lon="2.820950"></trkpt>
    <trkpt lat="41.979145" lon="2.820968"></trkpt>
    <trkpt lat="41.979315" lon="2.821123"></trkpt>
    <trkpt lat="41.979330" lon="2.821137"></trkpt>
    <trkpt lat="41.979358" lon="2.821163"></trkpt>
    <trkpt lat="41.979408" lon="2.821213"></trkpt>
    <trkpt lat="41.979370" lon="2.821299"></trkpt>
    <trkpt lat="41.979345" lon="2.821350"></trkpt>
    </trkseg>
  </trk>
</gpx>